"Date","Overall AQI Value","Main Pollutant","Site Name (of Overall AQI)","Site ID (of Overall AQI)","Source (of Overall AQI)","Ozone","SO2","PM25"
"01/01/1987","17","SO2","BOOKER T. WASHINGTON ES","17-019-0004","AQS","8","17","."
"01/02/1987","13","SO2","BOOKER T. WASHINGTON ES","17-019-0004","AQS","8","13","."
"01/03/1987","14","SO2","BOOKER T. WASHINGTON ES","17-019-0004","AQS","9","14","."
"01/04/1987","30","SO2","BOOKER T. WASHINGTON ES","17-019-0004","AQS","14","30","."
"01/05/1987","82","SO2","BOOKER T. WASHINGTON ES","17-019-0004","AQS","11","82","."
"01/06/1987","61","SO2","BOOKER T. WASHINGTON ES","17-019-0004","AQS","19","61","."
"01/07/1987","14","Ozone","BOOKER T. WASHINGTON ES","17-019-0004","AQS","14","10","."
"01/08/1987","18","Ozone","BOOKER T. WASHINGTON ES","17-019-0004","AQS","18","7","."
"01/09/1987","37","SO2","BOOKER T. WASHINGTON ES","17-019-0004","AQS","10","37","."
"01/10/1987","29","SO2","BOOKER T. WASHINGTON ES","17-019-0004","AQS","19","29","."
"01/11/1987","27","SO2","BOOKER T. WASHINGTON ES","17-019-0004","AQS","25","27","."
"01/12/1987","22","Ozone","BOOKER T. WASHINGTON ES","17-019-0004","AQS","22","16","."
"01/13/1987","39","SO2","BOOKER T. WASHINGTON ES","17-019-0004","AQS","28","39","."
"01/14/1987","14","Ozone","BOOKER T. WASHINGTON ES","17-019-0004","AQS","14","9","."
"01/15/1987","17","Ozone","BOOKER T. WASHINGTON ES","17-019-0004","AQS","17","4","."
"01/16/1987","24","Ozone","BOOKER T. WASHINGTON ES","17-019-0004","AQS","24","6","."
"01/17/1987","23","SO2","BOOKER T. WASHINGTON ES","17-019-0004","AQS","10","23","."
"01/18/1987","22","Ozone","BOOKER T. WASHINGTON ES","17-019-0004","AQS","22","20","."
"01/19/1987","23","SO2","BOOKER T. WASHINGTON ES","17-019-0004","AQS","23","23","."
"01/20/1987","23","SO2","BOOKER T. WASHINGTON ES","17-019-0004","AQS","20","23","."
"01/21/1987","52","SO2","BOOKER T. WASHINGTON ES","17-019-0004","AQS","22","52","."
"01/22/1987","20","Ozone","BOOKER T. WASHINGTON ES","17-019-0004","AQS","20","16","."
"01/23/1987","24","Ozone","BOOKER T. WASHINGTON ES","17-019-0004","AQS","24","16","."
"01/24/1987","25","Ozone","BOOKER T. WASHINGTON ES","17-019-0004","AQS","25","14","."
"01/25/1987","27","Ozone","BOOKER T. WASHINGTON ES","17-019-0004","AQS","27","24","."
"01/26/1987","61","SO2","BOOKER T. WASHINGTON ES","17-019-0004","AQS","18","61","."
"01/27/1987","36","SO2","BOOKER T. WASHINGTON ES","17-019-0004","AQS","19","36","."
"01/28/1987","27","Ozone","BOOKER T. WASHINGTON ES","17-019-0004","AQS","27","13","."
"01/29/1987","52","SO2","BOOKER T. WASHINGTON ES","17-019-0004","AQS","17","52","."
"01/30/1987","19","Ozone","BOOKER T. WASHINGTON ES","17-019-0004","AQS","19","4","."
"01/31/1987","22","Ozone","BOOKER T. WASHINGTON ES","17-019-0004","AQS","22","13","."
"02/01/1987","37","SO2","BOOKER T. WASHINGTON ES","17-019-0004","AQS","14","37","."
"02/02/1987","17","SO2","BOOKER T. WASHINGTON ES","17-019-0004","AQS","15","17","."
"02/03/1987","18","Ozone","BOOKER T. WASHINGTON ES","17-019-0004","AQS","18","3","."
"02/04/1987","23","Ozone","BOOKER T. WASHINGTON ES","17-019-0004","AQS","23","17","."
"02/05/1987","23","SO2","BOOKER T. WASHINGTON ES","17-019-0004","AQS","11","23","."
"02/06/1987","23","SO2","BOOKER T. WASHINGTON ES","17-019-0004","AQS","19","23","."
"02/07/1987","21","Ozone","BOOKER T. WASHINGTON ES","17-019-0004","AQS","21","14","."
"02/08/1987","29","Ozone","BOOKER T. WASHINGTON ES","17-019-0004","AQS","29","20","."
"02/09/1987","23","Ozone","BOOKER T. WASHINGTON ES","17-019-0004","AQS","23","17","."
"02/10/1987","21","SO2","BOOKER T. WASHINGTON ES","17-019-0004","AQS","21","21","."
"02/11/1987","29","Ozone","BOOKER T. WASHINGTON ES","17-019-0004","AQS","29","24","."
"02/12/1987","19","Ozone","BOOKER T. WASHINGTON ES","17-019-0004","AQS","19","9","."
"02/13/1987","21","SO2","BOOKER T. WASHINGTON ES","17-019-0004","AQS","19","21","."
"02/14/1987","13","SO2","BOOKER T. WASHINGTON ES","17-019-0004","AQS","10","13","."
"02/15/1987","23","Ozone","BOOKER T. WASHINGTON ES","17-019-0004","AQS","23","20","."
"02/16/1987","22","Ozone","BOOKER T. WASHINGTON ES","17-019-0004","AQS","22","7","."
"02/17/1987","16","SO2","BOOKER T. WASHINGTON ES","17-019-0004","AQS","15","16","."
"02/18/1987","26","Ozone","BOOKER T. WASHINGTON ES","17-019-0004","AQS","26","21","."
"02/19/1987","27","SO2","BOOKER T. WASHINGTON ES","17-019-0004","AQS","24","27","."
"02/20/1987","82","SO2","BOOKER T. WASHINGTON ES","17-019-0004","AQS","14","82","."
"02/21/1987","59","SO2","BOOKER T. WASHINGTON ES","17-019-0004","AQS","31","59","."
"02/22/1987","30","SO2","BOOKER T. WASHINGTON ES","17-019-0004","AQS","26","30","."
"02/23/1987","28","Ozone","BOOKER T. WASHINGTON ES","17-019-0004","AQS","28","11","."
"02/24/1987","33","SO2","BOOKER T. WASHINGTON ES","17-019-0004","AQS","29","33","."
"02/25/1987","67","SO2","BOOKER T. WASHINGTON ES","17-019-0004","AQS","22","67","."
"02/26/1987","16","Ozone","BOOKER T. WASHINGTON ES","17-019-0004","AQS","16",".","."
"02/27/1987","11","Ozone","BOOKER T. WASHINGTON ES","17-019-0004","AQS","11",".","."
"02/28/1987","22","Ozone","BOOKER T. WASHINGTON ES","17-019-0004","AQS","22",".","."
"03/01/1987","28","Ozone","BOOKER T. WASHINGTON ES","17-019-0004","AQS","28","6","."
"03/02/1987","30","Ozone","BOOKER T. WASHINGTON ES","17-019-0004","AQS","30","7","."
"03/03/1987","30","Ozone","BOOKER T. WASHINGTON ES","17-019-0004","AQS","30","3","."
"03/04/1987","27","Ozone","BOOKER T. WASHINGTON ES","17-019-0004","AQS","27",".","."
"03/05/1987","36","Ozone","BOOKER T. WASHINGTON ES","17-019-0004","AQS","36",".","."
"03/06/1987","40","Ozone","BOOKER T. WASHINGTON ES","17-019-0004","AQS","40",".","."
"03/07/1987","54","Ozone","BOOKER T. WASHINGTON ES","17-019-0004","AQS","54",".","."
"03/08/1987","67","Ozone","BOOKER T. WASHINGTON ES","17-019-0004","AQS","67",".","."
"03/09/1987","25","Ozone","BOOKER T. WASHINGTON ES","17-019-0004","AQS","25",".","."
"03/10/1987","30","Ozone","BOOKER T. WASHINGTON ES","17-019-0004","AQS","30",".","."
"03/12/1987","35","Ozone","BOOKER T. WASHINGTON ES","17-019-0004","AQS","35",".","."
"03/13/1987","33","Ozone","BOOKER T. WASHINGTON ES","17-019-0004","AQS","33",".","."
"03/14/1987","50","Ozone","BOOKER T. WASHINGTON ES","17-019-0004","AQS","50",".","."
"03/15/1987","31","Ozone","BOOKER T. WASHINGTON ES","17-019-0004","AQS","31",".","."
"03/16/1987","35","Ozone","BOOKER T. WASHINGTON ES","17-019-0004","AQS","35",".","."
"03/17/1987","37","SO2","BOOKER T. WASHINGTON ES","17-019-0004","AQS","29","37","."
"03/18/1987","43","SO2","BOOKER T. WASHINGTON ES","17-019-0004","AQS","17","43","."
"03/19/1987","34","SO2","BOOKER T. WASHINGTON ES","17-019-0004","AQS","24","34","."
"03/20/1987","70","SO2","BOOKER T. WASHINGTON ES","17-019-0004","AQS","34","70","."
"03/21/1987","35","Ozone","BOOKER T. WASHINGTON ES","17-019-0004","AQS","35","31","."
"03/22/1987","44","SO2","BOOKER T. WASHINGTON ES","17-019-0004","AQS","35","44","."
"03/23/1987","40","Ozone","BOOKER T. WASHINGTON ES","17-019-0004","AQS","40","24","."
"03/24/1987","31","Ozone","BOOKER T. WASHINGTON ES","17-019-0004","AQS","31","16","."
"03/25/1987","19","Ozone","BOOKER T. WASHINGTON ES","17-019-0004","AQS","19","11","."
"03/26/1987","18","Ozone","BOOKER T. WASHINGTON ES","17-019-0004","AQS","18","3","."
"03/27/1987","28","Ozone","BOOKER T. WASHINGTON ES","17-019-0004","AQS","28","9","."
"03/28/1987","44","Ozone","BOOKER T. WASHINGTON ES","17-019-0004","AQS","44","20","."
"03/29/1987","26","Ozone","BOOKER T. WASHINGTON ES","17-019-0004","AQS","26","11","."
"03/30/1987","29","Ozone","BOOKER T. WASHINGTON ES","17-019-0004","AQS","29","3","."
"04/02/1987","31","Ozone","BOOKER T. WASHINGTON ES","17-019-0004","AQS","31","7","."
"04/03/1987","36","Ozone","BOOKER T. WASHINGTON ES","17-019-0004","AQS","36","9","."
"04/06/1987","31","Ozone","BOOKER T. WASHINGTON ES","17-019-0004","AQS","31",".","."
"04/07/1987","41","Ozone","BOOKER T. WASHINGTON ES","17-019-0004","AQS","41","13","."
"04/08/1987","38","Ozone","BOOKER T. WASHINGTON ES","17-019-0004","AQS","38","16","."
"04/09/1987","49","SO2","BOOKER T. WASHINGTON ES","17-019-0004","AQS","46","49","."
"04/10/1987","43","Ozone","BOOKER T. WASHINGTON ES","17-019-0004","AQS","43","16","."
"04/11/1987","31","Ozone","BOOKER T. WASHINGTON ES","17-019-0004","AQS","31","16","."
"04/12/1987","41","Ozone","BOOKER T. WASHINGTON ES","17-019-0004","AQS","41","4","."
"04/13/1987","32","Ozone","BOOKER T. WASHINGTON ES","17-019-0004","AQS","32","21","."
"04/14/1987","33","Ozone","BOOKER T. WASHINGTON ES","17-019-0004","AQS","33","0","."
"04/15/1987","24","Ozone","BOOKER T. WASHINGTON ES","17-019-0004","AQS","24","14","."
"04/16/1987","30","Ozone","BOOKER T. WASHINGTON ES","17-019-0004","AQS","30","13","."
"04/17/1987","44","Ozone","BOOKER T. WASHINGTON ES","17-019-0004","AQS","44","11","."
"04/18/1987","61","Ozone","BOOKER T. WASHINGTON ES","17-019-0004","AQS","61","10","."
"04/19/1987","74","Ozone","BOOKER T. WASHINGTON ES","17-019-0004","AQS","74","13","."
"04/20/1987","87","Ozone","BOOKER T. WASHINGTON ES","17-019-0004","AQS","87","34","."
"04/21/1987","80","Ozone","BOOKER T. WASHINGTON ES","17-019-0004","AQS","80","46","."
"04/22/1987","15","Ozone","BOOKER T. WASHINGTON ES","17-019-0004","AQS","15","4","."
"04/23/1987","19","Ozone","BOOKER T. WASHINGTON ES","17-019-0004","AQS","19","4","."
"04/24/1987","42","Ozone","BOOKER T. WASHINGTON ES","17-019-0004","AQS","42","7","."
"04/25/1987","41","Ozone","BOOKER T. WASHINGTON ES","17-019-0004","AQS","41","31","."
"04/26/1987","77","Ozone","BOOKER T. WASHINGTON ES","17-019-0004","AQS","77","16","."
"04/27/1987","51","Ozone","BOOKER T. WASHINGTON ES","17-019-0004","AQS","51","11","."
"04/28/1987","44","Ozone","BOOKER T. WASHINGTON ES","17-019-0004","AQS","44","13","."
"04/29/1987","74","Ozone","BOOKER T. WASHINGTON ES","17-019-0004","AQS","74","10","."
"04/30/1987","39","Ozone","BOOKER T. WASHINGTON ES","17-019-0004","AQS","39","10","."
"05/01/1987","67","Ozone","BOOKER T. WASHINGTON ES","17-019-0004","AQS","67","51","."
"05/02/1987","74","Ozone","BOOKER T. WASHINGTON ES","17-019-0004","AQS","74","47","."
"05/03/1987","46","Ozone","BOOKER T. WASHINGTON ES","17-019-0004","AQS","46","13","."
"05/04/1987","48","Ozone","BOOKER T. WASHINGTON ES","17-019-0004","AQS","48","30","."
"05/05/1987","61","Ozone","BOOKER T. WASHINGTON ES","17-019-0004","AQS","61","20","."
"05/06/1987","101","Ozone","BOOKER T. WASHINGTON ES","17-019-0004","AQS","101","13","."
"05/07/1987","47","Ozone","BOOKER T. WASHINGTON ES","17-019-0004","AQS","47","9","."
"05/08/1987","50","Ozone","BOOKER T. WASHINGTON ES","17-019-0004","AQS","50","10","."
"05/09/1987","100","Ozone","BOOKER T. WASHINGTON ES","17-019-0004","AQS","100","21","."
"05/10/1987","105","Ozone","BOOKER T. WASHINGTON ES","17-019-0004","AQS","105","27","."
"05/11/1987","119","Ozone","BOOKER T. WASHINGTON ES","17-019-0004","AQS","119","34","."
"05/12/1987","46","Ozone","BOOKER T. WASHINGTON ES","17-019-0004","AQS","46","4","."
"05/13/1987","71","Ozone","BOOKER T. WASHINGTON ES","17-019-0004","AQS","71","13","."
"05/14/1987","58","Ozone","BOOKER T. WASHINGTON ES","17-019-0004","AQS","58","9","."
"05/15/1987","47","Ozone","BOOKER T. WASHINGTON ES","17-019-0004","AQS","47","6","."
"05/16/1987","77","Ozone","BOOKER T. WASHINGTON ES","17-019-0004","AQS","77","13","."
"05/17/1987","105","Ozone","BOOKER T. WASHINGTON ES","17-019-0004","AQS","105","27","."
"05/18/1987","37","Ozone","BOOKER T. WASHINGTON ES","17-019-0004","AQS","37","7","."
"05/19/1987","51","Ozone","BOOKER T. WASHINGTON ES","17-019-0004","AQS","51","1","."
"05/20/1987","48","Ozone","BOOKER T. WASHINGTON ES","17-019-0004","AQS","48","9","."
"05/21/1987","45","Ozone","BOOKER T. WASHINGTON ES","17-019-0004","AQS","45","26","."
"05/22/1987","30","Ozone","BOOKER T. WASHINGTON ES","17-019-0004","AQS","30","14","."
"05/23/1987","28","Ozone","BOOKER T. WASHINGTON ES","17-019-0004","AQS","28","6","."
"05/24/1987","45","Ozone","BOOKER T. WASHINGTON ES","17-019-0004","AQS","45","19","."
"05/25/1987","39","Ozone","BOOKER T. WASHINGTON ES","17-019-0004","AQS","39","11","."
"05/26/1987","48","Ozone","BOOKER T. WASHINGTON ES","17-019-0004","AQS","48","31","."
"05/27/1987","62","SO2","BOOKER T. WASHINGTON ES","17-019-0004","AQS","46","62","."
"05/28/1987","50","Ozone","BOOKER T. WASHINGTON ES","17-019-0004","AQS","50","11","."
"05/29/1987","48","Ozone","BOOKER T. WASHINGTON ES","17-019-0004","AQS","48","33","."
"05/30/1987","31","Ozone","BOOKER T. WASHINGTON ES","17-019-0004","AQS","31","23","."
"05/31/1987","44","Ozone","BOOKER T. WASHINGTON ES","17-019-0004","AQS","44","16","."
"06/01/1987","44","Ozone","BOOKER T. WASHINGTON ES","17-019-0004","AQS","44","21","."
"06/02/1987","34","Ozone","BOOKER T. WASHINGTON ES","17-019-0004","AQS","34","16","."
"06/03/1987","43","Ozone","BOOKER T. WASHINGTON ES","17-019-0004","AQS","43","7","."
"06/04/1987","51","Ozone","BOOKER T. WASHINGTON ES","17-019-0004","AQS","51","4","."
"06/05/1987","67","Ozone","BOOKER T. WASHINGTON ES","17-019-0004","AQS","67","7","."
"06/06/1987","105","Ozone","BOOKER T. WASHINGTON ES","17-019-0004","AQS","105","62","."
"06/07/1987","105","Ozone","BOOKER T. WASHINGTON ES","17-019-0004","AQS","105","19","."
"06/08/1987","93","Ozone","BOOKER T. WASHINGTON ES","17-019-0004","AQS","93","7","."
"06/09/1987","42","Ozone","BOOKER T. WASHINGTON ES","17-019-0004","AQS","42","3","."
"06/10/1987","61","Ozone","BOOKER T. WASHINGTON ES","17-019-0004","AQS","61","10","."
"06/11/1987","64","Ozone","BOOKER T. WASHINGTON ES","17-019-0004","AQS","64","29","."
"06/12/1987","50","Ozone","BOOKER T. WASHINGTON ES","17-019-0004","AQS","50","17","."
"06/13/1987","48","Ozone","BOOKER T. WASHINGTON ES","17-019-0004","AQS","48","20","."
"06/14/1987","77","Ozone","BOOKER T. WASHINGTON ES","17-019-0004","AQS","77","7","."
"06/15/1987","177","Ozone","BOOKER T. WASHINGTON ES","17-019-0004","AQS","177","16","."
"06/16/1987","105","Ozone","BOOKER T. WASHINGTON ES","17-019-0004","AQS","105","50","."
"06/17/1987","150","Ozone","BOOKER T. WASHINGTON ES","17-019-0004","AQS","150","26","."
"06/18/1987","156","Ozone","BOOKER T. WASHINGTON ES","17-019-0004","AQS","156","24","."
"06/19/1987","50","SO2","BOOKER T. WASHINGTON ES","17-019-0004","AQS","44","50","."
"06/20/1987","46","Ozone","BOOKER T. WASHINGTON ES","17-019-0004","AQS","46","3","."
"06/21/1987","45","Ozone","BOOKER T. WASHINGTON ES","17-019-0004","AQS","45","1","."
"06/22/1987","51","Ozone","BOOKER T. WASHINGTON ES","17-019-0004","AQS","51","1","."
"06/24/1987","93","Ozone","BOOKER T. WASHINGTON ES","17-019-0004","AQS","93",".","."
"06/25/1987","46","Ozone","BOOKER T. WASHINGTON ES","17-019-0004","AQS","46","10","."
"06/26/1987","34","Ozone","BOOKER T. WASHINGTON ES","17-019-0004","AQS","34","7","."
"06/27/1987","39","Ozone","BOOKER T. WASHINGTON ES","17-019-0004","AQS","39","6","."
"06/28/1987","50","Ozone","BOOKER T. WASHINGTON ES","17-019-0004","AQS","50","26","."
"06/29/1987","64","Ozone","BOOKER T. WASHINGTON ES","17-019-0004","AQS","64","17","."
"06/30/1987","31","Ozone","BOOKER T. WASHINGTON ES","17-019-0004","AQS","31","3","."
"07/01/1987","38","Ozone","BOOKER T. WASHINGTON ES","17-019-0004","AQS","38","4","."
"07/02/1987","64","Ozone","BOOKER T. WASHINGTON ES","17-019-0004","AQS","64","14","."
"07/03/1987","67","Ozone","BOOKER T. WASHINGTON ES","17-019-0004","AQS","67","9","."
"07/04/1987","47","Ozone","BOOKER T. WASHINGTON ES","17-019-0004","AQS","47","16","."
"07/05/1987","31","Ozone","BOOKER T. WASHINGTON ES","17-019-0004","AQS","31","7","."
"07/06/1987","36","Ozone","BOOKER T. WASHINGTON ES","17-019-0004","AQS","36","13","."
"07/07/1987","43","Ozone","BOOKER T. WASHINGTON ES","17-019-0004","AQS","43","17","."
"07/08/1987","33","Ozone","BOOKER T. WASHINGTON ES","17-019-0004","AQS","33","14","."
"07/09/1987","41","SO2","BOOKER T. WASHINGTON ES","17-019-0004","AQS","27","41","."
"07/10/1987","37","Ozone","BOOKER T. WASHINGTON ES","17-019-0004","AQS","37","36","."
"07/11/1987","44","Ozone","BOOKER T. WASHINGTON ES","17-019-0004","AQS","44","27","."
"07/12/1987","60","SO2","BOOKER T. WASHINGTON ES","17-019-0004","AQS","38","60","."
"07/13/1987","22","Ozone","BOOKER T. WASHINGTON ES","17-019-0004","AQS","22","3","."
"07/14/1987","37","Ozone","BOOKER T. WASHINGTON ES","17-019-0004","AQS","37","7","."
"07/15/1987","34","Ozone","BOOKER T. WASHINGTON ES","17-019-0004","AQS","34","9","."
"07/16/1987","38","Ozone","BOOKER T. WASHINGTON ES","17-019-0004","AQS","38","20","."
"07/18/1987","101","Ozone","BOOKER T. WASHINGTON ES","17-019-0004","AQS","101","19","."
"07/19/1987","84","SO2","BOOKER T. WASHINGTON ES","17-019-0004","AQS","45","84","."
"07/20/1987","64","Ozone","BOOKER T. WASHINGTON ES","17-019-0004","AQS","64","37","."
"07/21/1987","119","Ozone","BOOKER T. WASHINGTON ES","17-019-0004","AQS","119","40","."
"07/22/1987","150","Ozone","BOOKER T. WASHINGTON ES","17-019-0004","AQS","150","51","."
"07/23/1987","97","Ozone","BOOKER T. WASHINGTON ES","17-019-0004","AQS","97","70","."
"07/24/1987","66","SO2","BOOKER T. WASHINGTON ES","17-019-0004","AQS","39","66","."
"07/25/1987","61","SO2","BOOKER T. WASHINGTON ES","17-019-0004","AQS","49","61","."
"07/26/1987","46","Ozone","BOOKER T. WASHINGTON ES","17-019-0004","AQS","46","24","."
"07/27/1987","50","SO2","BOOKER T. WASHINGTON ES","17-019-0004","AQS","26","50","."
"07/28/1987","45","Ozone","BOOKER T. WASHINGTON ES","17-019-0004","AQS","45","21","."
"07/29/1987","64","Ozone","BOOKER T. WASHINGTON ES","17-019-0004","AQS","64","41","."
"07/30/1987","44","Ozone","BOOKER T. WASHINGTON ES","17-019-0004","AQS","44","1","."
"07/31/1987","23","Ozone","BOOKER T. WASHINGTON ES","17-019-0004","AQS","23","7","."
"08/01/1987","48","Ozone","BOOKER T. WASHINGTON ES","17-019-0004","AQS","48","14","."
"08/02/1987","61","Ozone","BOOKER T. WASHINGTON ES","17-019-0004","AQS","61","17","."
"08/03/1987","50","Ozone","BOOKER T. WASHINGTON ES","17-019-0004","AQS","50","9","."
"08/04/1987","41","Ozone","BOOKER T. WASHINGTON ES","17-019-0004","AQS","41",".","."
"08/05/1987","39","Ozone","BOOKER T. WASHINGTON ES","17-019-0004","AQS","39","6","."
"08/06/1987","64","Ozone","BOOKER T. WASHINGTON ES","17-019-0004","AQS","64","10","."
"08/07/1987","93","Ozone","BOOKER T. WASHINGTON ES","17-019-0004","AQS","93",".","."
"08/08/1987","54","Ozone","BOOKER T. WASHINGTON ES","17-019-0004","AQS","54",".","."
"08/09/1987","31","Ozone","BOOKER T. WASHINGTON ES","17-019-0004","AQS","31",".","."
"08/10/1987","44","Ozone","BOOKER T. WASHINGTON ES","17-019-0004","AQS","44",".","."
"08/11/1987","54","Ozone","BOOKER T. WASHINGTON ES","17-019-0004","AQS","54","23","."
"08/12/1987","77","Ozone","BOOKER T. WASHINGTON ES","17-019-0004","AQS","77",".","."
"08/13/1987","67","Ozone","BOOKER T. WASHINGTON ES","17-019-0004","AQS","67","21","."
"08/14/1987","41","Ozone","BOOKER T. WASHINGTON ES","17-019-0004","AQS","41",".","."
"08/15/1987","39","Ozone","BOOKER T. WASHINGTON ES","17-019-0004","AQS","39",".","."
"08/16/1987","44","Ozone","BOOKER T. WASHINGTON ES","17-019-0004","AQS","44",".","."
"08/17/1987","36","Ozone","BOOKER T. WASHINGTON ES","17-019-0004","AQS","36",".","."
"08/18/1987","46","Ozone","BOOKER T. WASHINGTON ES","17-019-0004","AQS","46",".","."
"08/19/1987","36","Ozone","BOOKER T. WASHINGTON ES","17-019-0004","AQS","36",".","."
"08/20/1987","80","Ozone","BOOKER T. WASHINGTON ES","17-019-0004","AQS","80","20","."
"08/21/1987","51","Ozone","BOOKER T. WASHINGTON ES","17-019-0004","AQS","51","34","."
"08/22/1987","32","Ozone","BOOKER T. WASHINGTON ES","17-019-0004","AQS","32","17","."
"08/23/1987","31","Ozone","BOOKER T. WASHINGTON ES","17-019-0004","AQS","31","4","."
"08/24/1987","33","Ozone","BOOKER T. WASHINGTON ES","17-019-0004","AQS","33","9","."
"08/25/1987","19","Ozone","BOOKER T. WASHINGTON ES","17-019-0004","AQS","19","4","."
"08/26/1987","58","Ozone","BOOKER T. WASHINGTON ES","17-019-0004","AQS","58","14","."
"08/27/1987","10","Ozone","BOOKER T. WASHINGTON ES","17-019-0004","AQS","10","0","."
"08/28/1987","32","Ozone","BOOKER T. WASHINGTON ES","17-019-0004","AQS","32","4","."
"08/29/1987","42","Ozone","BOOKER T. WASHINGTON ES","17-019-0004","AQS","42","14","."
"08/30/1987","44","Ozone","BOOKER T. WASHINGTON ES","17-019-0004","AQS","44","11","."
"08/31/1987","31","Ozone","BOOKER T. WASHINGTON ES","17-019-0004","AQS","31","11","."
"09/01/1987","39","Ozone","BOOKER T. WASHINGTON ES","17-019-0004","AQS","39","7","."
"09/02/1987","38","Ozone","BOOKER T. WASHINGTON ES","17-019-0004","AQS","38","7","."
"09/03/1987","45","Ozone","BOOKER T. WASHINGTON ES","17-019-0004","AQS","45","17","."
"09/04/1987","101","Ozone","BOOKER T. WASHINGTON ES","17-019-0004","AQS","101",".","."
"09/05/1987","112","Ozone","BOOKER T. WASHINGTON ES","17-019-0004","AQS","112",".","."
"09/06/1987","67","Ozone","BOOKER T. WASHINGTON ES","17-019-0004","AQS","67",".","."
"09/07/1987","49","Ozone","BOOKER T. WASHINGTON ES","17-019-0004","AQS","49",".","."
"09/08/1987","39","Ozone","BOOKER T. WASHINGTON ES","17-019-0004","AQS","39",".","."
"09/09/1987","39","Ozone","BOOKER T. WASHINGTON ES","17-019-0004","AQS","39",".","."
"09/10/1987","51","Ozone","BOOKER T. WASHINGTON ES","17-019-0004","AQS","51",".","."
"09/11/1987","48","Ozone","BOOKER T. WASHINGTON ES","17-019-0004","AQS","48","7","."
"09/12/1987","45","Ozone","BOOKER T. WASHINGTON ES","17-019-0004","AQS","45","6","."
"09/13/1987","44","Ozone","BOOKER T. WASHINGTON ES","17-019-0004","AQS","44","9","."
"09/14/1987","50","Ozone","BOOKER T. WASHINGTON ES","17-019-0004","AQS","50","7","."
"09/15/1987","23","Ozone","BOOKER T. WASHINGTON ES","17-019-0004","AQS","23","7","."
"09/16/1987","33","Ozone","BOOKER T. WASHINGTON ES","17-019-0004","AQS","33","6","."
"09/17/1987","34","Ozone","BOOKER T. WASHINGTON ES","17-019-0004","AQS","34","4","."
"09/18/1987","23","Ozone","BOOKER T. WASHINGTON ES","17-019-0004","AQS","23","6","."
"09/19/1987","32","Ozone","BOOKER T. WASHINGTON ES","17-019-0004","AQS","32","3","."
"09/20/1987","20","Ozone","BOOKER T. WASHINGTON ES","17-019-0004","AQS","20","3","."
"09/21/1987","23","Ozone","BOOKER T. WASHINGTON ES","17-019-0004","AQS","23","3","."
"09/22/1987","18","Ozone","BOOKER T. WASHINGTON ES","17-019-0004","AQS","18","4","."
"09/23/1987","36","Ozone","BOOKER T. WASHINGTON ES","17-019-0004","AQS","36","7","."
"09/24/1987","47","Ozone","BOOKER T. WASHINGTON ES","17-019-0004","AQS","47","10","."
"09/25/1987","38","Ozone","BOOKER T. WASHINGTON ES","17-019-0004","AQS","38","13","."
"09/26/1987","61","Ozone","BOOKER T. WASHINGTON ES","17-019-0004","AQS","61","50","."
"09/27/1987","93","Ozone","BOOKER T. WASHINGTON ES","17-019-0004","AQS","93","71","."
"09/28/1987","60","SO2","BOOKER T. WASHINGTON ES","17-019-0004","AQS","51","60","."
"09/29/1987","22","Ozone","BOOKER T. WASHINGTON ES","17-019-0004","AQS","22","4","."
"09/30/1987","28","Ozone","BOOKER T. WASHINGTON ES","17-019-0004","AQS","28","4","."
"10/01/1987","107","SO2","BOOKER T. WASHINGTON ES","17-019-0004","AQS","29","107","."
"10/02/1987","19","Ozone","BOOKER T. WASHINGTON ES","17-019-0004","AQS","19","7","."
"10/03/1987","28","Ozone","BOOKER T. WASHINGTON ES","17-019-0004","AQS","28","9","."
"10/04/1987","43","SO2","BOOKER T. WASHINGTON ES","17-019-0004","AQS","29","43","."
"10/05/1987","25","Ozone","BOOKER T. WASHINGTON ES","17-019-0004","AQS","25","16","."
"10/06/1987","12","Ozone","BOOKER T. WASHINGTON ES","17-019-0004","AQS","12","0","."
"10/07/1987","18","Ozone","BOOKER T. WASHINGTON ES","17-019-0004","AQS","18","4","."
"10/08/1987","27","Ozone","BOOKER T. WASHINGTON ES","17-019-0004","AQS","27","19","."
"10/09/1987","31","Ozone","BOOKER T. WASHINGTON ES","17-019-0004","AQS","31","14","."
"10/10/1987","11","Ozone","BOOKER T. WASHINGTON ES","17-019-0004","AQS","11","1","."
"10/11/1987","29","Ozone","BOOKER T. WASHINGTON ES","17-019-0004","AQS","29","3","."
"10/12/1987","35","Ozone","BOOKER T. WASHINGTON ES","17-019-0004","AQS","35","7","."
"10/13/1987","38","Ozone","BOOKER T. WASHINGTON ES","17-019-0004","AQS","38","23","."
"10/14/1987","67","SO2","BOOKER T. WASHINGTON ES","17-019-0004","AQS","36","67","."
"10/15/1987","67","Ozone","BOOKER T. WASHINGTON ES","17-019-0004","AQS","67","50","."
"10/16/1987","74","SO2","BOOKER T. WASHINGTON ES","17-019-0004","AQS","51","74","."
"10/17/1987","15","Ozone","BOOKER T. WASHINGTON ES","17-019-0004","AQS","15","3","."
"10/18/1987","34","SO2","BOOKER T. WASHINGTON ES","17-019-0004","AQS","32","34","."
"10/19/1987","36","SO2","BOOKER T. WASHINGTON ES","17-019-0004","AQS","19","36","."
"10/20/1987","24","Ozone","BOOKER T. WASHINGTON ES","17-019-0004","AQS","24","4","."
"10/21/1987","13","Ozone","BOOKER T. WASHINGTON ES","17-019-0004","AQS","13","3","."
"10/22/1987","15","Ozone","BOOKER T. WASHINGTON ES","17-019-0004","AQS","15","10","."
"10/23/1987","26","Ozone","BOOKER T. WASHINGTON ES","17-019-0004","AQS","26","9","."
"10/24/1987","20","Ozone","BOOKER T. WASHINGTON ES","17-019-0004","AQS","20","4","."
"10/25/1987","25","Ozone","BOOKER T. WASHINGTON ES","17-019-0004","AQS","25","13","."
"10/26/1987","29","SO2","BOOKER T. WASHINGTON ES","17-019-0004","AQS","13","29","."
"10/27/1987","19","Ozone","BOOKER T. WASHINGTON ES","17-019-0004","AQS","19","7","."
"10/28/1987","17","Ozone","BOOKER T. WASHINGTON ES","17-019-0004","AQS","17","9","."
"10/29/1987","34","SO2","BOOKER T. WASHINGTON ES","17-019-0004","AQS","16","34","."
"10/30/1987","34","Ozone","BOOKER T. WASHINGTON ES","17-019-0004","AQS","34","23","."
"10/31/1987","32","Ozone","BOOKER T. WASHINGTON ES","17-019-0004","AQS","32","14","."
"11/01/1987","23","Ozone","BOOKER T. WASHINGTON ES","17-019-0004","AQS","23","10","."
"11/02/1987","37","Ozone","BOOKER T. WASHINGTON ES","17-019-0004","AQS","37","21","."
"11/03/1987","61","Ozone","BOOKER T. WASHINGTON ES","17-019-0004","AQS","61","30","."
"11/04/1987","31","Ozone","BOOKER T. WASHINGTON ES","17-019-0004","AQS","31","10","."
"11/05/1987","24","Ozone","BOOKER T. WASHINGTON ES","17-019-0004","AQS","24","4","."
"11/06/1987","19","SO2","BOOKER T. WASHINGTON ES","17-019-0004","AQS","18","19","."
"11/07/1987","30","Ozone","BOOKER T. WASHINGTON ES","17-019-0004","AQS","30","24","."
"11/08/1987","28","Ozone","BOOKER T. WASHINGTON ES","17-019-0004","AQS","28","7","."
"11/09/1987","19","Ozone","BOOKER T. WASHINGTON ES","17-019-0004","AQS","19","9","."
"11/10/1987","20","SO2","BOOKER T. WASHINGTON ES","17-019-0004","AQS","17","20","."
"11/11/1987","24","SO2","BOOKER T. WASHINGTON ES","17-019-0004","AQS","19","24","."
"11/12/1987","27","SO2","BOOKER T. WASHINGTON ES","17-019-0004","AQS","23","27","."
"11/13/1987","22","Ozone","BOOKER T. WASHINGTON ES","17-019-0004","AQS","22","14","."
"11/14/1987","32","Ozone","BOOKER T. WASHINGTON ES","17-019-0004","AQS","32","23","."
"11/15/1987","33","Ozone","BOOKER T. WASHINGTON ES","17-019-0004","AQS","33","29","."
"11/16/1987","25","Ozone","BOOKER T. WASHINGTON ES","17-019-0004","AQS","25","14","."
"11/17/1987","17","Ozone","BOOKER T. WASHINGTON ES","17-019-0004","AQS","17","4","."
"11/18/1987","17","Ozone","BOOKER T. WASHINGTON ES","17-019-0004","AQS","17","1","."
"11/19/1987","18","Ozone","BOOKER T. WASHINGTON ES","17-019-0004","AQS","18","9","."
"11/20/1987","20","Ozone","BOOKER T. WASHINGTON ES","17-019-0004","AQS","20","3","."
"11/21/1987","47","SO2","BOOKER T. WASHINGTON ES","17-019-0004","AQS","25","47","."
"11/22/1987","31","SO2","BOOKER T. WASHINGTON ES","17-019-0004","AQS","26","31","."
"11/23/1987","52","SO2","BOOKER T. WASHINGTON ES","17-019-0004","AQS","21","52","."
"11/24/1987","26","SO2","BOOKER T. WASHINGTON ES","17-019-0004","AQS","6","26","."
"11/25/1987","10","SO2","BOOKER T. WASHINGTON ES","17-019-0004","AQS","8","10","."
"11/26/1987","13","Ozone","BOOKER T. WASHINGTON ES","17-019-0004","AQS","13","9","."
"11/27/1987","11","SO2","BOOKER T. WASHINGTON ES","17-019-0004","AQS","8","11","."
"11/28/1987","14","SO2","BOOKER T. WASHINGTON ES","17-019-0004","AQS","13","14","."
"11/29/1987","61","SO2","BOOKER T. WASHINGTON ES","17-019-0004","AQS","9","61","."
"12/01/1987","14","Ozone","BOOKER T. WASHINGTON ES","17-019-0004","AQS","14",".","."
"12/02/1987","52","SO2","BOOKER T. WASHINGTON ES","17-019-0004","AQS","14","52","."
"12/03/1987","14","Ozone","BOOKER T. WASHINGTON ES","17-019-0004","AQS","14","7","."
"12/04/1987","18","Ozone","BOOKER T. WASHINGTON ES","17-019-0004","AQS","18","3","."
"12/05/1987","15","Ozone","BOOKER T. WASHINGTON ES","17-019-0004","AQS","15","7","."
"12/06/1987","44","SO2","BOOKER T. WASHINGTON ES","17-019-0004","AQS","8","44","."
"12/07/1987","24","SO2","BOOKER T. WASHINGTON ES","17-019-0004","AQS","8","24","."
"12/08/1987","21","SO2","BOOKER T. WASHINGTON ES","17-019-0004","AQS","17","21","."
"12/09/1987","26","SO2","BOOKER T. WASHINGTON ES","17-019-0004","AQS","16","26","."
"12/10/1987","12","Ozone","BOOKER T. WASHINGTON ES","17-019-0004","AQS","12","10","."
"12/11/1987","23","SO2","BOOKER T. WASHINGTON ES","17-019-0004","AQS","15","23","."
"12/12/1987","20","Ozone","BOOKER T. WASHINGTON ES","17-019-0004","AQS","20","3","."
"12/13/1987","16","Ozone","BOOKER T. WASHINGTON ES","17-019-0004","AQS","16","4","."
"12/14/1987","11","Ozone","BOOKER T. WASHINGTON ES","17-019-0004","AQS","11","4","."
"12/15/1987","18","Ozone","BOOKER T. WASHINGTON ES","17-019-0004","AQS","18","9","."
"12/16/1987","14","Ozone","BOOKER T. WASHINGTON ES","17-019-0004","AQS","14","9","."
"12/17/1987","17","Ozone","BOOKER T. WASHINGTON ES","17-019-0004","AQS","17","14","."
"12/18/1987","60","SO2","BOOKER T. WASHINGTON ES","17-019-0004","AQS","8","60","."
"12/19/1987","55","SO2","BOOKER T. WASHINGTON ES","17-019-0004","AQS","15","55","."
"12/20/1987","18","Ozone","BOOKER T. WASHINGTON ES","17-019-0004","AQS","18","7","."
"12/21/1987","47","SO2","BOOKER T. WASHINGTON ES","17-019-0004","AQS","15","47","."
"12/22/1987","40","SO2","BOOKER T. WASHINGTON ES","17-019-0004","AQS","14","40","."
"12/23/1987","50","SO2","BOOKER T. WASHINGTON ES","17-019-0004","AQS","17","50","."
"12/24/1987","20","SO2","BOOKER T. WASHINGTON ES","17-019-0004","AQS","16","20","."
"12/25/1987","11","Ozone","BOOKER T. WASHINGTON ES","17-019-0004","AQS","11","4","."
"12/26/1987","13","Ozone","BOOKER T. WASHINGTON ES","17-019-0004","AQS","13","4","."
"12/27/1987","13","Ozone","BOOKER T. WASHINGTON ES","17-019-0004","AQS","13","9","."
"12/28/1987","20","Ozone","BOOKER T. WASHINGTON ES","17-019-0004","AQS","20","7","."
"12/29/1987","26","SO2","BOOKER T. WASHINGTON ES","17-019-0004","AQS","21","26","."
"12/30/1987","76","SO2","BOOKER T. WASHINGTON ES","17-019-0004","AQS","17","76","."
"12/31/1987","77","SO2","BOOKER T. WASHINGTON ES","17-019-0004","AQS","16","77","."
