"Date","Overall AQI Value","Main Pollutant","Site Name (of Overall AQI)","Site ID (of Overall AQI)","Source (of Overall AQI)","Ozone","SO2","PM10","PM25"
"01/01/1995","22","Ozone","BOOKER T. WASHINGTON ES","17-019-0004","AQS","22","6",".","."
"01/02/1995","20","Ozone","BOOKER T. WASHINGTON ES","17-019-0004","AQS","20","10",".","."
"01/03/1995","22","Ozone","BOOKER T. WASHINGTON ES","17-019-0004","AQS","22","10","9","."
"01/04/1995","22","Ozone","BOOKER T. WASHINGTON ES","17-019-0004","AQS","22","14",".","."
"01/05/1995","23","SO2","BOOKER T. WASHINGTON ES","17-019-0004","AQS","19","23",".","."
"01/06/1995","16","SO2","BOOKER T. WASHINGTON ES","17-019-0004","AQS","13","16",".","."
"01/07/1995","20","Ozone","BOOKER T. WASHINGTON ES","17-019-0004","AQS","20","14",".","."
"01/08/1995","19","Ozone","BOOKER T. WASHINGTON ES","17-019-0004","AQS","19","14",".","."
"01/09/1995","20","Ozone","BOOKER T. WASHINGTON ES","17-019-0004","AQS","20","16","17","."
"01/10/1995","29","SO2","BOOKER T. WASHINGTON ES","17-019-0004","AQS","8","29",".","."
"01/11/1995","16","SO2","BOOKER T. WASHINGTON ES","17-019-0004","AQS","11","16",".","."
"01/12/1995","13","Ozone","BOOKER T. WASHINGTON ES","17-019-0004","AQS","13","6",".","."
"01/13/1995","7","SO2","BOOKER T. WASHINGTON ES","17-019-0004","AQS","5","7",".","."
"01/14/1995","5","Ozone","BOOKER T. WASHINGTON ES","17-019-0004","AQS","5","4",".","."
"01/15/1995","12","Ozone","BOOKER T. WASHINGTON ES","17-019-0004","AQS","12","7","10","."
"01/16/1995","24","SO2","BOOKER T. WASHINGTON ES","17-019-0004","AQS","15","24",".","."
"01/17/1995","16","SO2","BOOKER T. WASHINGTON ES","17-019-0004","AQS","8","16",".","."
"01/18/1995","13","Ozone","BOOKER T. WASHINGTON ES","17-019-0004","AQS","13","9",".","."
"01/19/1995","21","Ozone","BOOKER T. WASHINGTON ES","17-019-0004","AQS","21","7",".","."
"01/20/1995","22","Ozone","BOOKER T. WASHINGTON ES","17-019-0004","AQS","22","4",".","."
"01/21/1995","23","Ozone","BOOKER T. WASHINGTON ES","17-019-0004","AQS","23","9","9","."
"01/22/1995","23","Ozone","BOOKER T. WASHINGTON ES","17-019-0004","AQS","23","4",".","."
"01/23/1995","21","Ozone","BOOKER T. WASHINGTON ES","17-019-0004","AQS","21","10",".","."
"01/24/1995","25","Ozone","BOOKER T. WASHINGTON ES","17-019-0004","AQS","25","11",".","."
"01/25/1995","29","SO2","BOOKER T. WASHINGTON ES","17-019-0004","AQS","20","29",".","."
"01/26/1995","29","Ozone","BOOKER T. WASHINGTON ES","17-019-0004","AQS","29","14",".","."
"01/27/1995","29","SO2","BOOKER T. WASHINGTON ES","17-019-0004","AQS","11","29","16","."
"01/28/1995","29","Ozone","BOOKER T. WASHINGTON ES","17-019-0004","AQS","29","26",".","."
"01/29/1995","26","Ozone","BOOKER T. WASHINGTON ES","17-019-0004","AQS","26","7",".","."
"01/30/1995","24","Ozone","BOOKER T. WASHINGTON ES","17-019-0004","AQS","24","9",".","."
"01/31/1995","19","Ozone","BOOKER T. WASHINGTON ES","17-019-0004","AQS","19","14",".","."
"02/01/1995","17","Ozone","BOOKER T. WASHINGTON ES","17-019-0004","AQS","17","6",".","."
"02/02/1995","23","Ozone","BOOKER T. WASHINGTON ES","17-019-0004","AQS","23","10","8","."
"02/03/1995","24","Ozone","BOOKER T. WASHINGTON ES","17-019-0004","AQS","24","14",".","."
"02/04/1995","25","Ozone","BOOKER T. WASHINGTON ES","17-019-0004","AQS","25","3",".","."
"02/05/1995","30","Ozone","BOOKER T. WASHINGTON ES","17-019-0004","AQS","30","3",".","."
"02/06/1995","25","Ozone","BOOKER T. WASHINGTON ES","17-019-0004","AQS","25","14",".","."
"02/07/1995","23","Ozone","BOOKER T. WASHINGTON ES","17-019-0004","AQS","23","17",".","."
"02/08/1995","26","Ozone","BOOKER T. WASHINGTON ES","17-019-0004","AQS","26","7","13","."
"02/09/1995","31","SO2","BOOKER T. WASHINGTON ES","17-019-0004","AQS","20","31",".","."
"02/10/1995","27","Ozone","BOOKER T. WASHINGTON ES","17-019-0004","AQS","27","17",".","."
"02/11/1995","29","Ozone","BOOKER T. WASHINGTON ES","17-019-0004","AQS","29","7",".","."
"02/12/1995","28","Ozone","BOOKER T. WASHINGTON ES","17-019-0004","AQS","28","11",".","."
"02/13/1995","28","Ozone","BOOKER T. WASHINGTON ES","17-019-0004","AQS","28","9",".","."
"02/14/1995","25","Ozone","BOOKER T. WASHINGTON ES","17-019-0004","AQS","25","19","13","."
"02/15/1995","19","Ozone","BOOKER T. WASHINGTON ES","17-019-0004","AQS","19","7",".","."
"02/16/1995","19","Ozone","BOOKER T. WASHINGTON ES","17-019-0004","AQS","19","7",".","."
"02/17/1995","30","Ozone","BOOKER T. WASHINGTON ES","17-019-0004","AQS","30","10",".","."
"02/18/1995","26","Ozone","BOOKER T. WASHINGTON ES","17-019-0004","AQS","26","20",".","."
"02/19/1995","26","Ozone","BOOKER T. WASHINGTON ES","17-019-0004","AQS","26","11",".","."
"02/20/1995","29","Ozone","BOOKER T. WASHINGTON ES","17-019-0004","AQS","29","6","19","."
"02/21/1995","29","Ozone","BOOKER T. WASHINGTON ES","17-019-0004","AQS","29","4",".","."
"02/22/1995","25","Ozone","BOOKER T. WASHINGTON ES","17-019-0004","AQS","25","19",".","."
"02/23/1995","33","Ozone","BOOKER T. WASHINGTON ES","17-019-0004","AQS","33","16",".","."
"02/24/1995","33","Ozone","BOOKER T. WASHINGTON ES","17-019-0004","AQS","33","4",".","."
"02/25/1995","35","Ozone","BOOKER T. WASHINGTON ES","17-019-0004","AQS","35","13",".","."
"02/26/1995","24","Ozone","BOOKER T. WASHINGTON ES","17-019-0004","AQS","24","4","18","."
"02/27/1995","22","Ozone","BOOKER T. WASHINGTON ES","17-019-0004","AQS","22","6",".","."
"02/28/1995","21","Ozone","BOOKER T. WASHINGTON ES","17-019-0004","AQS","21","6",".","."
"03/01/1995","26","Ozone","BOOKER T. WASHINGTON ES","17-019-0004","AQS","26","4",".","."
"03/02/1995","26","Ozone","BOOKER T. WASHINGTON ES","17-019-0004","AQS","26","9",".","."
"03/03/1995","28","Ozone","BOOKER T. WASHINGTON ES","17-019-0004","AQS","28","10",".","."
"03/04/1995","59","SO2","BOOKER T. WASHINGTON ES","17-019-0004","AQS","27","59","19","."
"03/05/1995","16","SO2","BOOKER T. WASHINGTON ES","17-019-0004","AQS","13","16",".","."
"03/06/1995","11","SO2","BOOKER T. WASHINGTON ES","17-019-0004","AQS","11","11",".","."
"03/07/1995","31","Ozone","BOOKER T. WASHINGTON ES","17-019-0004","AQS","31","16",".","."
"03/08/1995","31","Ozone","BOOKER T. WASHINGTON ES","17-019-0004","AQS","31","7",".","."
"03/09/1995","31","Ozone","BOOKER T. WASHINGTON ES","17-019-0004","AQS","31","13",".","."
"03/10/1995","31","Ozone","BOOKER T. WASHINGTON ES","17-019-0004","AQS","31","27","19","."
"03/11/1995","48","Ozone","BOOKER T. WASHINGTON ES","17-019-0004","AQS","48","21",".","."
"03/12/1995","54","Ozone","BOOKER T. WASHINGTON ES","17-019-0004","AQS","54","7",".","."
"03/13/1995","43","Ozone","BOOKER T. WASHINGTON ES","17-019-0004","AQS","43","13",".","."
"03/14/1995","50","Ozone","BOOKER T. WASHINGTON ES","17-019-0004","AQS","50","11",".","."
"03/15/1995","112","Ozone","BOOKER T. WASHINGTON ES","17-019-0004","AQS","112","11",".","."
"03/16/1995","64","Ozone","BOOKER T. WASHINGTON ES","17-019-0004","AQS","64","10","34","."
"03/17/1995","46","Ozone","BOOKER T. WASHINGTON ES","17-019-0004","AQS","46","7",".","."
"03/18/1995","51","Ozone","BOOKER T. WASHINGTON ES","17-019-0004","AQS","51","14",".","."
"03/19/1995","38","Ozone","BOOKER T. WASHINGTON ES","17-019-0004","AQS","38","14",".","."
"03/20/1995","39","Ozone","BOOKER T. WASHINGTON ES","17-019-0004","AQS","39","4",".","."
"03/21/1995","26","Ozone","BOOKER T. WASHINGTON ES","17-019-0004","AQS","26","9",".","."
"03/22/1995","30","Ozone","BOOKER T. WASHINGTON ES","17-019-0004","AQS","30","7","12","."
"03/23/1995","17","Ozone","BOOKER T. WASHINGTON ES","17-019-0004","AQS","17","7",".","."
"03/24/1995","37","Ozone","BOOKER T. WASHINGTON ES","17-019-0004","AQS","37","7",".","."
"03/25/1995","41","Ozone","BOOKER T. WASHINGTON ES","17-019-0004","AQS","41","6",".","."
"03/26/1995","21","SO2","BOOKER T. WASHINGTON ES","17-019-0004","AQS","19","21",".","."
"03/27/1995","19","Ozone","BOOKER T. WASHINGTON ES","17-019-0004","AQS","19","10",".","."
"03/28/1995","23","Ozone","BOOKER T. WASHINGTON ES","17-019-0004","AQS","23","1","11","."
"03/29/1995","18","Ozone","BOOKER T. WASHINGTON ES","17-019-0004","AQS","18","6",".","."
"03/30/1995","28","Ozone","BOOKER T. WASHINGTON ES","17-019-0004","AQS","28","7",".","."
"03/31/1995","22","Ozone","BOOKER T. WASHINGTON ES","17-019-0004","AQS","22","4",".","."
"04/01/1995","33","Ozone","BOOKER T. WASHINGTON ES","17-019-0004","AQS","33","6",".","."
"04/02/1995","39","Ozone","BOOKER T. WASHINGTON ES","17-019-0004","AQS","39","4",".","."
"04/03/1995","31","Ozone","BOOKER T. WASHINGTON ES","17-019-0004","AQS","31","11","16","."
"04/04/1995","30","Ozone","BOOKER T. WASHINGTON ES","17-019-0004","AQS","30","1",".","."
"04/05/1995","32","Ozone","BOOKER T. WASHINGTON ES","17-019-0004","AQS","32","11",".","."
"04/06/1995","37","Ozone","BOOKER T. WASHINGTON ES","17-019-0004","AQS","37","17",".","."
"04/07/1995","46","Ozone","BOOKER T. WASHINGTON ES","17-019-0004","AQS","46","14",".","."
"04/08/1995","41","Ozone","BOOKER T. WASHINGTON ES","17-019-0004","AQS","41","4",".","."
"04/09/1995","30","Ozone","BOOKER T. WASHINGTON ES","17-019-0004","AQS","30","3","11","."
"04/10/1995","23","Ozone","BOOKER T. WASHINGTON ES","17-019-0004","AQS","23","9",".","."
"04/11/1995","26","Ozone","BOOKER T. WASHINGTON ES","17-019-0004","AQS","26","13",".","."
"04/12/1995","33","Ozone","BOOKER T. WASHINGTON ES","17-019-0004","AQS","33","4",".","."
"04/13/1995","39","Ozone","BOOKER T. WASHINGTON ES","17-019-0004","AQS","39","4",".","."
"04/14/1995","44","Ozone","BOOKER T. WASHINGTON ES","17-019-0004","AQS","44","13",".","."
"04/15/1995","49","Ozone","BOOKER T. WASHINGTON ES","17-019-0004","AQS","49","10","22","."
"04/16/1995","46","Ozone","BOOKER T. WASHINGTON ES","17-019-0004","AQS","46","3",".","."
"04/17/1995","37","Ozone","BOOKER T. WASHINGTON ES","17-019-0004","AQS","37","3",".","."
"04/18/1995","44","Ozone","BOOKER T. WASHINGTON ES","17-019-0004","AQS","44","4",".","."
"04/19/1995","32","Ozone","BOOKER T. WASHINGTON ES","17-019-0004","AQS","32","4",".","."
"04/20/1995","20","Ozone","BOOKER T. WASHINGTON ES","17-019-0004","AQS","20","11",".","."
"04/21/1995","30","Ozone","BOOKER T. WASHINGTON ES","17-019-0004","AQS","30","4","13","."
"04/22/1995","38","Ozone","BOOKER T. WASHINGTON ES","17-019-0004","AQS","38","4",".","."
"04/23/1995","26","Ozone","BOOKER T. WASHINGTON ES","17-019-0004","AQS","26","3",".","."
"04/24/1995","44","Ozone","BOOKER T. WASHINGTON ES","17-019-0004","AQS","44","13",".","."
"04/25/1995","40","Ozone","BOOKER T. WASHINGTON ES","17-019-0004","AQS","40","7",".","."
"04/26/1995","46","Ozone","BOOKER T. WASHINGTON ES","17-019-0004","AQS","46","6",".","."
"04/27/1995","37","Ozone","BOOKER T. WASHINGTON ES","17-019-0004","AQS","37","4",".","."
"04/28/1995","42","Ozone","BOOKER T. WASHINGTON ES","17-019-0004","AQS","42","4",".","."
"04/29/1995","42","Ozone","BOOKER T. WASHINGTON ES","17-019-0004","AQS","42","9",".","."
"04/30/1995","31","Ozone","BOOKER T. WASHINGTON ES","17-019-0004","AQS","31","3",".","."
"05/01/1995","23","Ozone","BOOKER T. WASHINGTON ES","17-019-0004","AQS","23","7",".","."
"05/02/1995","37","Ozone","BOOKER T. WASHINGTON ES","17-019-0004","AQS","37","9",".","."
"05/03/1995","46","Ozone","BOOKER T. WASHINGTON ES","17-019-0004","AQS","46","13","18","."
"05/04/1995","36","Ozone","BOOKER T. WASHINGTON ES","17-019-0004","AQS","36","6",".","."
"05/05/1995","48","Ozone","BOOKER T. WASHINGTON ES","17-019-0004","AQS","48","4",".","."
"05/06/1995","71","Ozone","BOOKER T. WASHINGTON ES","17-019-0004","AQS","71","9",".","."
"05/07/1995","84","Ozone","BOOKER T. WASHINGTON ES","17-019-0004","AQS","84","14",".","."
"05/08/1995","64","Ozone","BOOKER T. WASHINGTON ES","17-019-0004","AQS","64","11",".","."
"05/09/1995","44","Ozone","BOOKER T. WASHINGTON ES","17-019-0004","AQS","44","14","25","."
"05/10/1995","28","Ozone","BOOKER T. WASHINGTON ES","17-019-0004","AQS","28","4",".","."
"05/11/1995","39","Ozone","BOOKER T. WASHINGTON ES","17-019-0004","AQS","39","9",".","."
"05/12/1995","44","Ozone","BOOKER T. WASHINGTON ES","17-019-0004","AQS","44","11",".","."
"05/13/1995","39","Ozone","BOOKER T. WASHINGTON ES","17-019-0004","AQS","39","7",".","."
"05/14/1995","40","Ozone","BOOKER T. WASHINGTON ES","17-019-0004","AQS","40","7",".","."
"05/15/1995","50","Ozone","BOOKER T. WASHINGTON ES","17-019-0004","AQS","50","16","18","."
"05/16/1995","41","Ozone","BOOKER T. WASHINGTON ES","17-019-0004","AQS","41","19",".","."
"05/17/1995","34","Ozone","BOOKER T. WASHINGTON ES","17-019-0004","AQS","34","3",".","."
"05/18/1995","29","Ozone","BOOKER T. WASHINGTON ES","17-019-0004","AQS","29","4",".","."
"05/19/1995","43","Ozone","BOOKER T. WASHINGTON ES","17-019-0004","AQS","43","37",".","."
"05/20/1995","46","Ozone","BOOKER T. WASHINGTON ES","17-019-0004","AQS","46","14",".","."
"05/21/1995","47","Ozone","BOOKER T. WASHINGTON ES","17-019-0004","AQS","47","6","19","."
"05/22/1995","61","Ozone","BOOKER T. WASHINGTON ES","17-019-0004","AQS","61","9",".","."
"05/23/1995","50","Ozone","BOOKER T. WASHINGTON ES","17-019-0004","AQS","50","9",".","."
"05/24/1995","23","Ozone","BOOKER T. WASHINGTON ES","17-019-0004","AQS","23","3",".","."
"05/25/1995","24","Ozone","BOOKER T. WASHINGTON ES","17-019-0004","AQS","24","6",".","."
"05/26/1995","39","Ozone","BOOKER T. WASHINGTON ES","17-019-0004","AQS","39","7",".","."
"05/27/1995","43","Ozone","BOOKER T. WASHINGTON ES","17-019-0004","AQS","43","11","16","."
"05/28/1995","44","Ozone","BOOKER T. WASHINGTON ES","17-019-0004","AQS","44","6",".","."
"05/29/1995","36","Ozone","BOOKER T. WASHINGTON ES","17-019-0004","AQS","36","3",".","."
"05/30/1995","58","Ozone","BOOKER T. WASHINGTON ES","17-019-0004","AQS","58","9",".","."
"05/31/1995","87","Ozone","BOOKER T. WASHINGTON ES","17-019-0004","AQS","87","11",".","."
"06/01/1995","90","Ozone","BOOKER T. WASHINGTON ES","17-019-0004","AQS","90","30",".","."
"06/02/1995","51","Ozone","BOOKER T. WASHINGTON ES","17-019-0004","AQS","51","4","21","."
"06/03/1995","97","Ozone","BOOKER T. WASHINGTON ES","17-019-0004","AQS","97","9",".","."
"06/04/1995","49","Ozone","BOOKER T. WASHINGTON ES","17-019-0004","AQS","49","3",".","."
"06/05/1995","101","Ozone","BOOKER T. WASHINGTON ES","17-019-0004","AQS","101","16",".","."
"06/06/1995","67","Ozone","BOOKER T. WASHINGTON ES","17-019-0004","AQS","67","13",".","."
"06/07/1995","58","Ozone","BOOKER T. WASHINGTON ES","17-019-0004","AQS","58","7",".","."
"06/08/1995","30","Ozone","BOOKER T. WASHINGTON ES","17-019-0004","AQS","30","9","25","."
"06/09/1995","44","Ozone","BOOKER T. WASHINGTON ES","17-019-0004","AQS","44","14",".","."
"06/10/1995","42","Ozone","BOOKER T. WASHINGTON ES","17-019-0004","AQS","42","4",".","."
"06/11/1995","31","Ozone","BOOKER T. WASHINGTON ES","17-019-0004","AQS","31","6",".","."
"06/12/1995","44","Ozone","BOOKER T. WASHINGTON ES","17-019-0004","AQS","44","9",".","."
"06/13/1995","51","Ozone","BOOKER T. WASHINGTON ES","17-019-0004","AQS","51","7",".","."
"06/14/1995","90","Ozone","BOOKER T. WASHINGTON ES","17-019-0004","AQS","90","13",".","."
"06/15/1995","126","Ozone","BOOKER T. WASHINGTON ES","17-019-0004","AQS","126","9",".","."
"06/16/1995","108","Ozone","BOOKER T. WASHINGTON ES","17-019-0004","AQS","108","13",".","."
"06/17/1995","159","Ozone","BOOKER T. WASHINGTON ES","17-019-0004","AQS","159","21","49","."
"06/18/1995","154","Ozone","BOOKER T. WASHINGTON ES","17-019-0004","AQS","154","11",".","."
"06/19/1995","126","Ozone","BOOKER T. WASHINGTON ES","17-019-0004","AQS","126","29",".","."
"06/20/1995","129","Ozone","BOOKER T. WASHINGTON ES","17-019-0004","AQS","129","10","41","."
"06/21/1995","122","Ozone","BOOKER T. WASHINGTON ES","17-019-0004","AQS","122","6",".","."
"06/22/1995","129","Ozone","BOOKER T. WASHINGTON ES","17-019-0004","AQS","129","4",".","."
"06/23/1995","129","Ozone","BOOKER T. WASHINGTON ES","17-019-0004","AQS","129","7",".","."
"06/24/1995","105","Ozone","BOOKER T. WASHINGTON ES","17-019-0004","AQS","105","21",".","."
"06/25/1995","101","Ozone","BOOKER T. WASHINGTON ES","17-019-0004","AQS","101","7",".","."
"06/26/1995","58","Ozone","BOOKER T. WASHINGTON ES","17-019-0004","AQS","58","7","26","."
"06/27/1995","51","Ozone","BOOKER T. WASHINGTON ES","17-019-0004","AQS","51","10",".","."
"06/28/1995","67","Ozone","BOOKER T. WASHINGTON ES","17-019-0004","AQS","67","11",".","."
"06/29/1995","49","Ozone","BOOKER T. WASHINGTON ES","17-019-0004","AQS","49","9",".","."
"06/30/1995","48","Ozone","BOOKER T. WASHINGTON ES","17-019-0004","AQS","48","3",".","."
"07/01/1995","40","Ozone","BOOKER T. WASHINGTON ES","17-019-0004","AQS","40","7",".","."
"07/02/1995","54","Ozone","BOOKER T. WASHINGTON ES","17-019-0004","AQS","54","20","17","."
"07/03/1995","108","Ozone","BOOKER T. WASHINGTON ES","17-019-0004","AQS","108","34",".","."
"07/04/1995","36","Ozone","BOOKER T. WASHINGTON ES","17-019-0004","AQS","36","9",".","."
"07/05/1995","51","Ozone","BOOKER T. WASHINGTON ES","17-019-0004","AQS","51","14",".","."
"07/06/1995","44","Ozone","BOOKER T. WASHINGTON ES","17-019-0004","AQS","44","10",".","."
"07/07/1995","58","Ozone","BOOKER T. WASHINGTON ES","17-019-0004","AQS","58","7",".","."
"07/08/1995","74","Ozone","BOOKER T. WASHINGTON ES","17-019-0004","AQS","74","16","16","."
"07/09/1995","115","Ozone","BOOKER T. WASHINGTON ES","17-019-0004","AQS","115","14",".","."
"07/10/1995","84","Ozone","BOOKER T. WASHINGTON ES","17-019-0004","AQS","84","11",".","."
"07/11/1995","159","Ozone","BOOKER T. WASHINGTON ES","17-019-0004","AQS","159","47",".","."
"07/12/1995","101","Ozone","BOOKER T. WASHINGTON ES","17-019-0004","AQS","101","16",".","."
"07/13/1995","147","Ozone","BOOKER T. WASHINGTON ES","17-019-0004","AQS","147","11",".","."
"07/14/1995","90","Ozone","BOOKER T. WASHINGTON ES","17-019-0004","AQS","90","9","44","."
"07/15/1995","80","Ozone","BOOKER T. WASHINGTON ES","17-019-0004","AQS","80","9",".","."
"07/16/1995","90","Ozone","BOOKER T. WASHINGTON ES","17-019-0004","AQS","90","10",".","."
"07/17/1995","49","Ozone","BOOKER T. WASHINGTON ES","17-019-0004","AQS","49","9",".","."
"07/18/1995","48","Ozone","BOOKER T. WASHINGTON ES","17-019-0004","AQS","48","10",".","."
"07/19/1995","67","Ozone","BOOKER T. WASHINGTON ES","17-019-0004","AQS","67","50",".","."
"07/20/1995","40","SO2","BOOKER T. WASHINGTON ES","17-019-0004","AQS","33","40","26","."
"07/21/1995","67","Ozone","BOOKER T. WASHINGTON ES","17-019-0004","AQS","67","4",".","."
"07/22/1995","41","Ozone","BOOKER T. WASHINGTON ES","17-019-0004","AQS","41","10",".","."
"07/23/1995","48","Ozone","BOOKER T. WASHINGTON ES","17-019-0004","AQS","48","9",".","."
"07/24/1995","50","Ozone","BOOKER T. WASHINGTON ES","17-019-0004","AQS","50","4",".","."
"07/25/1995","48","Ozone","BOOKER T. WASHINGTON ES","17-019-0004","AQS","48","6",".","."
"07/26/1995","74","Ozone","BOOKER T. WASHINGTON ES","17-019-0004","AQS","74","10","19","."
"07/27/1995","97","Ozone","BOOKER T. WASHINGTON ES","17-019-0004","AQS","97","13",".","."
"07/28/1995","44","Ozone","BOOKER T. WASHINGTON ES","17-019-0004","AQS","44","6",".","."
"07/29/1995","54","Ozone","BOOKER T. WASHINGTON ES","17-019-0004","AQS","54","6",".","."
"07/30/1995","87","Ozone","BOOKER T. WASHINGTON ES","17-019-0004","AQS","87","9",".","."
"07/31/1995","133","Ozone","BOOKER T. WASHINGTON ES","17-019-0004","AQS","133","23",".","."
"08/01/1995","43","Ozone","BOOKER T. WASHINGTON ES","17-019-0004","AQS","43","6","25","."
"08/02/1995","44","Ozone","BOOKER T. WASHINGTON ES","17-019-0004","AQS","44","9",".","."
"08/03/1995","41","Ozone","BOOKER T. WASHINGTON ES","17-019-0004","AQS","41","9",".","."
"08/04/1995","13","Ozone","BOOKER T. WASHINGTON ES","17-019-0004","AQS","13","4",".","."
"08/05/1995","30","Ozone","BOOKER T. WASHINGTON ES","17-019-0004","AQS","30","4",".","."
"08/06/1995","34","Ozone","BOOKER T. WASHINGTON ES","17-019-0004","AQS","34","7",".","."
"08/07/1995","40","Ozone","BOOKER T. WASHINGTON ES","17-019-0004","AQS","40","9","15","."
"08/08/1995","44","Ozone","BOOKER T. WASHINGTON ES","17-019-0004","AQS","44","17",".","."
"08/09/1995","86","SO2","BOOKER T. WASHINGTON ES","17-019-0004","AQS","43","86",".","."
"08/10/1995","37","Ozone","BOOKER T. WASHINGTON ES","17-019-0004","AQS","37","6",".","."
"08/11/1995","58","Ozone","BOOKER T. WASHINGTON ES","17-019-0004","AQS","58","14",".","."
"08/12/1995","90","Ozone","BOOKER T. WASHINGTON ES","17-019-0004","AQS","90","6",".","."
"08/13/1995","54","Ozone","BOOKER T. WASHINGTON ES","17-019-0004","AQS","54","11","38","."
"08/14/1995","64","Ozone","BOOKER T. WASHINGTON ES","17-019-0004","AQS","64","16",".","."
"08/15/1995","64","Ozone","BOOKER T. WASHINGTON ES","17-019-0004","AQS","64","23",".","."
"08/16/1995","44","Ozone","BOOKER T. WASHINGTON ES","17-019-0004","AQS","44","20",".","."
"08/17/1995","47","Ozone","BOOKER T. WASHINGTON ES","17-019-0004","AQS","47","3",".","."
"08/18/1995","43","Ozone","BOOKER T. WASHINGTON ES","17-019-0004","AQS","43","3",".","."
"08/19/1995","38","Ozone","BOOKER T. WASHINGTON ES","17-019-0004","AQS","38","6","22","."
"08/20/1995","43","Ozone","BOOKER T. WASHINGTON ES","17-019-0004","AQS","43","3",".","."
"08/21/1995","67","Ozone","BOOKER T. WASHINGTON ES","17-019-0004","AQS","67","13",".","."
"08/22/1995","43","Ozone","BOOKER T. WASHINGTON ES","17-019-0004","AQS","43","7",".","."
"08/23/1995","65","SO2","BOOKER T. WASHINGTON ES","17-019-0004","AQS","54","65",".","."
"08/24/1995","80","Ozone","BOOKER T. WASHINGTON ES","17-019-0004","AQS","80","59",".","."
"08/25/1995","119","Ozone","BOOKER T. WASHINGTON ES","17-019-0004","AQS","119","20","46","."
"08/26/1995","105","Ozone","BOOKER T. WASHINGTON ES","17-019-0004","AQS","105","27",".","."
"08/27/1995","101","Ozone","BOOKER T. WASHINGTON ES","17-019-0004","AQS","101","9",".","."
"08/28/1995","93","Ozone","BOOKER T. WASHINGTON ES","17-019-0004","AQS","93","31",".","."
"08/29/1995","90","Ozone","BOOKER T. WASHINGTON ES","17-019-0004","AQS","90","11",".","."
"08/30/1995","112","Ozone","BOOKER T. WASHINGTON ES","17-019-0004","AQS","112","30",".","."
"08/31/1995","44","Ozone","BOOKER T. WASHINGTON ES","17-019-0004","AQS","44","23","41","."
"09/01/1995","39","Ozone","BOOKER T. WASHINGTON ES","17-019-0004","AQS","39","14",".","."
"09/02/1995","43","Ozone","BOOKER T. WASHINGTON ES","17-019-0004","AQS","43","4",".","."
"09/03/1995","108","Ozone","BOOKER T. WASHINGTON ES","17-019-0004","AQS","108","27",".","."
"09/04/1995","90","Ozone","BOOKER T. WASHINGTON ES","17-019-0004","AQS","90","29",".","."
"09/05/1995","100","Ozone","BOOKER T. WASHINGTON ES","17-019-0004","AQS","100","9",".","."
"09/06/1995","100","Ozone","BOOKER T. WASHINGTON ES","17-019-0004","AQS","100","21","42","."
"09/07/1995","41","Ozone","BOOKER T. WASHINGTON ES","17-019-0004","AQS","41","6",".","."
"09/08/1995","10","Ozone","BOOKER T. WASHINGTON ES","17-019-0004","AQS","10","4",".","."
"09/09/1995","35","Ozone","BOOKER T. WASHINGTON ES","17-019-0004","AQS","35","9",".","."
"09/10/1995","39","Ozone","BOOKER T. WASHINGTON ES","17-019-0004","AQS","39","3",".","."
"09/11/1995","43","Ozone","BOOKER T. WASHINGTON ES","17-019-0004","AQS","43","16",".","."
"09/12/1995","74","Ozone","BOOKER T. WASHINGTON ES","17-019-0004","AQS","74","19","43","."
"09/13/1995","54","Ozone","BOOKER T. WASHINGTON ES","17-019-0004","AQS","54","10",".","."
"09/14/1995","36","Ozone","BOOKER T. WASHINGTON ES","17-019-0004","AQS","36","10",".","."
"09/15/1995","39","Ozone","BOOKER T. WASHINGTON ES","17-019-0004","AQS","39","20",".","."
"09/16/1995","46","Ozone","BOOKER T. WASHINGTON ES","17-019-0004","AQS","46","11",".","."
"09/17/1995","28","Ozone","BOOKER T. WASHINGTON ES","17-019-0004","AQS","28","13",".","."
"09/18/1995","30","Ozone","BOOKER T. WASHINGTON ES","17-019-0004","AQS","30","10","16","."
"09/19/1995","33","Ozone","BOOKER T. WASHINGTON ES","17-019-0004","AQS","33","10",".","."
"09/20/1995","19","SO2","BOOKER T. WASHINGTON ES","17-019-0004","AQS","14","19",".","."
"09/21/1995","14","SO2","BOOKER T. WASHINGTON ES","17-019-0004","AQS","12","14",".","."
"09/22/1995","20","Ozone","BOOKER T. WASHINGTON ES","17-019-0004","AQS","20","3",".","."
"09/23/1995","30","Ozone","BOOKER T. WASHINGTON ES","17-019-0004","AQS","30","4",".","."
"09/24/1995","39","Ozone","BOOKER T. WASHINGTON ES","17-019-0004","AQS","39","10","21","."
"09/25/1995","41","Ozone","BOOKER T. WASHINGTON ES","17-019-0004","AQS","41","14",".","."
"09/26/1995","44","Ozone","BOOKER T. WASHINGTON ES","17-019-0004","AQS","44","10",".","."
"09/27/1995","50","Ozone","BOOKER T. WASHINGTON ES","17-019-0004","AQS","50","19",".","."
"09/28/1995","100","Ozone","BOOKER T. WASHINGTON ES","17-019-0004","AQS","100","19",".","."
"09/29/1995","64","Ozone","BOOKER T. WASHINGTON ES","17-019-0004","AQS","64","14",".","."
"09/30/1995","87","Ozone","BOOKER T. WASHINGTON ES","17-019-0004","AQS","87","14","44","."
"10/01/1995","39","Ozone","BOOKER T. WASHINGTON ES","17-019-0004","AQS","39","6",".","."
"10/02/1995","39","Ozone","BOOKER T. WASHINGTON ES","17-019-0004","AQS","39","13",".","."
"10/03/1995","37","Ozone","BOOKER T. WASHINGTON ES","17-019-0004","AQS","37","7",".","."
"10/04/1995","37","Ozone","BOOKER T. WASHINGTON ES","17-019-0004","AQS","37","3",".","."
"10/05/1995","23","Ozone","BOOKER T. WASHINGTON ES","17-019-0004","AQS","23","6",".","."
"10/06/1995","16","PM10","","17-019-0005","AQS","12","6","16","."
"10/07/1995","18","Ozone","BOOKER T. WASHINGTON ES","17-019-0004","AQS","18","3",".","."
"10/08/1995","28","Ozone","BOOKER T. WASHINGTON ES","17-019-0004","AQS","28","9",".","."
"10/09/1995","46","Ozone","BOOKER T. WASHINGTON ES","17-019-0004","AQS","46","19",".","."
"10/10/1995","33","Ozone","BOOKER T. WASHINGTON ES","17-019-0004","AQS","33","14",".","."
"10/11/1995","67","Ozone","BOOKER T. WASHINGTON ES","17-019-0004","AQS","67","21",".","."
"10/12/1995","90","Ozone","BOOKER T. WASHINGTON ES","17-019-0004","AQS","90","21","39","."
"10/13/1995","77","Ozone","BOOKER T. WASHINGTON ES","17-019-0004","AQS","77","17",".","."
"10/14/1995","20","Ozone","BOOKER T. WASHINGTON ES","17-019-0004","AQS","20","4",".","."
"10/15/1995","24","Ozone","BOOKER T. WASHINGTON ES","17-019-0004","AQS","24","9",".","."
"10/16/1995","29","Ozone","BOOKER T. WASHINGTON ES","17-019-0004","AQS","29","16",".","."
"10/17/1995","36","Ozone","BOOKER T. WASHINGTON ES","17-019-0004","AQS","36","24",".","."
"10/18/1995","61","Ozone","BOOKER T. WASHINGTON ES","17-019-0004","AQS","61","34","31","."
"10/19/1995","44","Ozone","BOOKER T. WASHINGTON ES","17-019-0004","AQS","44","13",".","."
"10/20/1995","12","Ozone","BOOKER T. WASHINGTON ES","17-019-0004","AQS","12","3",".","."
"10/21/1995","24","SO2","BOOKER T. WASHINGTON ES","17-019-0004","AQS","14","24",".","."
"10/22/1995","44","Ozone","BOOKER T. WASHINGTON ES","17-019-0004","AQS","44","11",".","."
"10/23/1995","44","Ozone","BOOKER T. WASHINGTON ES","17-019-0004","AQS","44","7",".","."
"10/24/1995","23","Ozone","BOOKER T. WASHINGTON ES","17-019-0004","AQS","23","4","8","."
"10/25/1995","22","Ozone","BOOKER T. WASHINGTON ES","17-019-0004","AQS","22","13",".","."
"10/26/1995","29","Ozone","BOOKER T. WASHINGTON ES","17-019-0004","AQS","29","19",".","."
"10/27/1995","22","Ozone","BOOKER T. WASHINGTON ES","17-019-0004","AQS","22","13",".","."
"10/28/1995","13","Ozone","BOOKER T. WASHINGTON ES","17-019-0004","AQS","13","6",".","."
"10/29/1995","25","Ozone","BOOKER T. WASHINGTON ES","17-019-0004","AQS","25","4",".","."
"10/30/1995","9","Ozone","BOOKER T. WASHINGTON ES","17-019-0004","AQS","9","6",".","."
"10/31/1995","15","Ozone","BOOKER T. WASHINGTON ES","17-019-0004","AQS","15","11",".","."
"11/01/1995","16","Ozone","BOOKER T. WASHINGTON ES","17-019-0004","AQS","16","13","15","."
"11/02/1995","17","Ozone","BOOKER T. WASHINGTON ES","17-019-0004","AQS","17","4",".","."
"11/03/1995","17","Ozone","BOOKER T. WASHINGTON ES","17-019-0004","AQS","17","4",".","."
"11/04/1995","19","Ozone","BOOKER T. WASHINGTON ES","17-019-0004","AQS","19","7",".","."
"11/05/1995","27","SO2","BOOKER T. WASHINGTON ES","17-019-0004","AQS","17","27","11","."
"11/06/1995","19","SO2","BOOKER T. WASHINGTON ES","17-019-0004","AQS","16","19",".","."
"11/07/1995","39","SO2","BOOKER T. WASHINGTON ES","17-019-0004","AQS","18","39",".","."
"11/08/1995","19","Ozone","BOOKER T. WASHINGTON ES","17-019-0004","AQS","19","4",".","."
"11/09/1995","30","SO2","BOOKER T. WASHINGTON ES","17-019-0004","AQS","19","30",".","."
"11/10/1995","19","Ozone","BOOKER T. WASHINGTON ES","17-019-0004","AQS","19","7",".","."
"11/11/1995","24","Ozone","BOOKER T. WASHINGTON ES","17-019-0004","AQS","24","10","6","."
"11/12/1995","20","Ozone","BOOKER T. WASHINGTON ES","17-019-0004","AQS","20","9",".","."
"11/13/1995","14","SO2","BOOKER T. WASHINGTON ES","17-019-0004","AQS","14","14",".","."
"11/14/1995","19","Ozone","BOOKER T. WASHINGTON ES","17-019-0004","AQS","19","9",".","."
"11/15/1995","18","Ozone","BOOKER T. WASHINGTON ES","17-019-0004","AQS","18","9",".","."
"11/16/1995","12","Ozone","BOOKER T. WASHINGTON ES","17-019-0004","AQS","12","7",".","."
"11/17/1995","17","PM10","","17-019-0005","AQS","8","10","17","."
"11/18/1995","10","Ozone","BOOKER T. WASHINGTON ES","17-019-0004","AQS","10","4",".","."
"11/19/1995","36","SO2","BOOKER T. WASHINGTON ES","17-019-0004","AQS","11","36",".","."
"11/20/1995","21","Ozone","BOOKER T. WASHINGTON ES","17-019-0004","AQS","21","17",".","."
"11/21/1995","19","Ozone","BOOKER T. WASHINGTON ES","17-019-0004","AQS","19","4",".","."
"11/22/1995","14","Ozone","BOOKER T. WASHINGTON ES","17-019-0004","AQS","14","11",".","."
"11/23/1995","20","Ozone","BOOKER T. WASHINGTON ES","17-019-0004","AQS","20","6","8","."
"11/24/1995","19","Ozone","BOOKER T. WASHINGTON ES","17-019-0004","AQS","19","11",".","."
"11/25/1995","13","Ozone","BOOKER T. WASHINGTON ES","17-019-0004","AQS","13","11",".","."
"11/26/1995","24","Ozone","BOOKER T. WASHINGTON ES","17-019-0004","AQS","24","7",".","."
"11/27/1995","22","Ozone","BOOKER T. WASHINGTON ES","17-019-0004","AQS","22","3",".","."
"11/28/1995","19","Ozone","BOOKER T. WASHINGTON ES","17-019-0004","AQS","19","3",".","."
"11/29/1995","15","Ozone","BOOKER T. WASHINGTON ES","17-019-0004","AQS","15","11",".","."
"11/30/1995","20","SO2","BOOKER T. WASHINGTON ES","17-019-0004","AQS","15","20",".","."
"12/01/1995","19","Ozone","BOOKER T. WASHINGTON ES","17-019-0004","AQS","19","9","14","."
"12/02/1995","30","Ozone","BOOKER T. WASHINGTON ES","17-019-0004","AQS","30","27",".","."
"12/03/1995","6","SO2","BOOKER T. WASHINGTON ES","17-019-0004","AQS",".","6",".","."
"12/04/1995","17","SO2","BOOKER T. WASHINGTON ES","17-019-0004","AQS","16","17",".","."
"12/05/1995","21","Ozone","BOOKER T. WASHINGTON ES","17-019-0004","AQS","21","19",".","."
"12/06/1995","15","Ozone","BOOKER T. WASHINGTON ES","17-019-0004","AQS","15","7",".","."
"12/07/1995","15","Ozone","BOOKER T. WASHINGTON ES","17-019-0004","AQS","15","7",".","."
"12/08/1995","21","Ozone","BOOKER T. WASHINGTON ES","17-019-0004","AQS","21","20","14","."
"12/09/1995","28","Ozone","BOOKER T. WASHINGTON ES","17-019-0004","AQS","28","4",".","."
"12/10/1995","24","Ozone","BOOKER T. WASHINGTON ES","17-019-0004","AQS","24","11",".","."
"12/11/1995","21","Ozone","BOOKER T. WASHINGTON ES","17-019-0004","AQS","21","6",".","."
"12/12/1995","15","Ozone","BOOKER T. WASHINGTON ES","17-019-0004","AQS","15","11","12","."
"12/13/1995","19","SO2","BOOKER T. WASHINGTON ES","17-019-0004","AQS","12","19",".","."
"12/14/1995","13","SO2","BOOKER T. WASHINGTON ES","17-019-0004","AQS","11","13",".","."
"12/15/1995","11","SO2","BOOKER T. WASHINGTON ES","17-019-0004","AQS","2","11",".","."
"12/16/1995","12","Ozone","BOOKER T. WASHINGTON ES","17-019-0004","AQS","12","6",".","."
"12/17/1995","14","Ozone","BOOKER T. WASHINGTON ES","17-019-0004","AQS","14","4","9","."
"12/18/1995","15","Ozone","BOOKER T. WASHINGTON ES","17-019-0004","AQS","15","6",".","."
"12/19/1995","20","Ozone","BOOKER T. WASHINGTON ES","17-019-0004","AQS","20","4",".","."
"12/20/1995","18","Ozone","BOOKER T. WASHINGTON ES","17-019-0004","AQS","18","11",".","."
"12/21/1995","13","Ozone","BOOKER T. WASHINGTON ES","17-019-0004","AQS","13","9",".","."
"12/22/1995","23","Ozone","BOOKER T. WASHINGTON ES","17-019-0004","AQS","23","9",".","."
"12/23/1995","15","Ozone","BOOKER T. WASHINGTON ES","17-019-0004","AQS","15","10","11","."
"12/24/1995","21","Ozone","BOOKER T. WASHINGTON ES","17-019-0004","AQS","21","16",".","."
"12/25/1995","27","Ozone","BOOKER T. WASHINGTON ES","17-019-0004","AQS","27","6",".","."
"12/26/1995","14","Ozone","BOOKER T. WASHINGTON ES","17-019-0004","AQS","14","10",".","."
"12/27/1995","18","Ozone","BOOKER T. WASHINGTON ES","17-019-0004","AQS","18","9",".","."
"12/28/1995","17","Ozone","BOOKER T. WASHINGTON ES","17-019-0004","AQS","17","7",".","."
"12/29/1995","29","SO2","BOOKER T. WASHINGTON ES","17-019-0004","AQS","14","29","13","."
"12/30/1995","33","SO2","BOOKER T. WASHINGTON ES","17-019-0004","AQS","14","33",".","."
"12/31/1995","16","SO2","BOOKER T. WASHINGTON ES","17-019-0004","AQS","6","16",".","."
