"Date","Overall AQI Value","Main Pollutant","Site Name (of Overall AQI)","Site ID (of Overall AQI)","Source (of Overall AQI)","Ozone","SO2","PM10","PM25"
"01/01/1994","19","Ozone","BOOKER T. WASHINGTON ES","17-019-0004","AQS","19","6",".","."
"01/02/1994","19","Ozone","BOOKER T. WASHINGTON ES","17-019-0004","AQS","19","6","8","."
"01/03/1994","14","Ozone","BOOKER T. WASHINGTON ES","17-019-0004","AQS","14","9",".","."
"01/04/1994","19","Ozone","BOOKER T. WASHINGTON ES","17-019-0004","AQS","19","6",".","."
"01/05/1994","27","SO2","BOOKER T. WASHINGTON ES","17-019-0004","AQS","18","27",".","."
"01/06/1994","26","SO2","BOOKER T. WASHINGTON ES","17-019-0004","AQS","10","26",".","."
"01/07/1994","19","Ozone","BOOKER T. WASHINGTON ES","17-019-0004","AQS","19","7",".","."
"01/08/1994","22","Ozone","BOOKER T. WASHINGTON ES","17-019-0004","AQS","22","7","10","."
"01/09/1994","27","SO2","BOOKER T. WASHINGTON ES","17-019-0004","AQS","18","27",".","."
"01/10/1994","11","Ozone","BOOKER T. WASHINGTON ES","17-019-0004","AQS","11",".",".","."
"01/11/1994","13","Ozone","BOOKER T. WASHINGTON ES","17-019-0004","AQS","13","10",".","."
"01/12/1994","17","SO2","BOOKER T. WASHINGTON ES","17-019-0004","AQS","14","17",".","."
"01/13/1994","23","Ozone","BOOKER T. WASHINGTON ES","17-019-0004","AQS","23","10",".","."
"01/14/1994","25","Ozone","BOOKER T. WASHINGTON ES","17-019-0004","AQS","25","11","12","."
"01/15/1994","25","Ozone","BOOKER T. WASHINGTON ES","17-019-0004","AQS","25","13",".","."
"01/16/1994","36","SO2","BOOKER T. WASHINGTON ES","17-019-0004","AQS","16","36",".","."
"01/17/1994","31","SO2","BOOKER T. WASHINGTON ES","17-019-0004","AQS","24","31",".","."
"01/18/1994","26","Ozone","BOOKER T. WASHINGTON ES","17-019-0004","AQS","26","16",".","."
"01/19/1994","97","SO2","BOOKER T. WASHINGTON ES","17-019-0004","AQS","23","97",".","."
"01/20/1994","52","SO2","BOOKER T. WASHINGTON ES","17-019-0004","AQS","22","52","19","."
"01/21/1994","131","SO2","BOOKER T. WASHINGTON ES","17-019-0004","AQS","19","131",".","."
"01/22/1994","31","SO2","BOOKER T. WASHINGTON ES","17-019-0004","AQS","24","31",".","."
"01/23/1994","17","SO2","BOOKER T. WASHINGTON ES","17-019-0004","AQS","16","17",".","."
"01/24/1994","19","SO2","BOOKER T. WASHINGTON ES","17-019-0004","AQS","10","19",".","."
"01/25/1994","14","SO2","BOOKER T. WASHINGTON ES","17-019-0004","AQS","9","14",".","."
"01/26/1994","17","SO2","BOOKER T. WASHINGTON ES","17-019-0004","AQS","17","17","11","."
"01/27/1994","34","SO2","BOOKER T. WASHINGTON ES","17-019-0004","AQS","12","34",".","."
"01/28/1994","21","Ozone","BOOKER T. WASHINGTON ES","17-019-0004","AQS","21","11",".","."
"01/29/1994","26","Ozone","BOOKER T. WASHINGTON ES","17-019-0004","AQS","26","13",".","."
"01/30/1994","22","Ozone","BOOKER T. WASHINGTON ES","17-019-0004","AQS","22","21",".","."
"01/31/1994","28","Ozone","BOOKER T. WASHINGTON ES","17-019-0004","AQS","28","20",".","."
"02/01/1994","27","Ozone","BOOKER T. WASHINGTON ES","17-019-0004","AQS","27","24","12","."
"02/02/1994","26","Ozone","BOOKER T. WASHINGTON ES","17-019-0004","AQS","26","17",".","."
"02/03/1994","29","Ozone","BOOKER T. WASHINGTON ES","17-019-0004","AQS","29","9",".","."
"02/04/1994","32","Ozone","BOOKER T. WASHINGTON ES","17-019-0004","AQS","32","6",".","."
"02/05/1994","27","Ozone","BOOKER T. WASHINGTON ES","17-019-0004","AQS","27","14",".","."
"02/06/1994","26","Ozone","BOOKER T. WASHINGTON ES","17-019-0004","AQS","26","11",".","."
"02/07/1994","23","Ozone","BOOKER T. WASHINGTON ES","17-019-0004","AQS","23","14","15","."
"02/08/1994","21","Ozone","BOOKER T. WASHINGTON ES","17-019-0004","AQS","21","10",".","."
"02/09/1994","29","Ozone","BOOKER T. WASHINGTON ES","17-019-0004","AQS","29","11",".","."
"02/10/1994","31","Ozone","BOOKER T. WASHINGTON ES","17-019-0004","AQS","31","21",".","."
"02/11/1994","30","Ozone","BOOKER T. WASHINGTON ES","17-019-0004","AQS","30","24",".","."
"02/12/1994","40","SO2","BOOKER T. WASHINGTON ES","17-019-0004","AQS","19","40",".","."
"02/13/1994","34","Ozone","BOOKER T. WASHINGTON ES","17-019-0004","AQS","34","16","15","."
"02/14/1994","26","Ozone","BOOKER T. WASHINGTON ES","17-019-0004","AQS","26","13",".","."
"02/15/1994","34","Ozone","BOOKER T. WASHINGTON ES","17-019-0004","AQS","34","6",".","."
"02/16/1994","28","Ozone","BOOKER T. WASHINGTON ES","17-019-0004","AQS","28","20",".","."
"02/17/1994","37","Ozone","BOOKER T. WASHINGTON ES","17-019-0004","AQS","37","14",".","."
"02/18/1994","42","Ozone","BOOKER T. WASHINGTON ES","17-019-0004","AQS","42","10",".","."
"02/19/1994","33","Ozone","BOOKER T. WASHINGTON ES","17-019-0004","AQS","33","6",".","."
"02/20/1994","26","Ozone","BOOKER T. WASHINGTON ES","17-019-0004","AQS","26","3",".","."
"02/21/1994","20","Ozone","BOOKER T. WASHINGTON ES","17-019-0004","AQS","20","6",".","."
"02/22/1994","24","Ozone","BOOKER T. WASHINGTON ES","17-019-0004","AQS","24","6",".","."
"02/23/1994","28","Ozone","BOOKER T. WASHINGTON ES","17-019-0004","AQS","28","13",".","."
"02/24/1994","35","Ozone","BOOKER T. WASHINGTON ES","17-019-0004","AQS","35","24","10","."
"02/25/1994","38","Ozone","BOOKER T. WASHINGTON ES","17-019-0004","AQS","38","34","16","."
"02/26/1994","38","Ozone","BOOKER T. WASHINGTON ES","17-019-0004","AQS","38","7",".","."
"02/27/1994","38","Ozone","BOOKER T. WASHINGTON ES","17-019-0004","AQS","38","30",".","."
"02/28/1994","47","SO2","BOOKER T. WASHINGTON ES","17-019-0004","AQS","21","47",".","."
"03/01/1994","30","Ozone","BOOKER T. WASHINGTON ES","17-019-0004","AQS","30","13",".","."
"03/02/1994","41","Ozone","BOOKER T. WASHINGTON ES","17-019-0004","AQS","41","29",".","."
"03/03/1994","37","PM10","","17-019-0005","AQS","37","33","37","."
"03/04/1994","34","Ozone","BOOKER T. WASHINGTON ES","17-019-0004","AQS","34","11",".","."
"03/05/1994","57","SO2","BOOKER T. WASHINGTON ES","17-019-0004","AQS","32","57",".","."
"03/06/1994","36","Ozone","BOOKER T. WASHINGTON ES","17-019-0004","AQS","36","14",".","."
"03/07/1994","42","Ozone","BOOKER T. WASHINGTON ES","17-019-0004","AQS","42","21",".","."
"03/08/1994","30","Ozone","BOOKER T. WASHINGTON ES","17-019-0004","AQS","30","3",".","."
"03/09/1994","22","Ozone","BOOKER T. WASHINGTON ES","17-019-0004","AQS","22","7","17","."
"03/10/1994","31","Ozone","BOOKER T. WASHINGTON ES","17-019-0004","AQS","31","7",".","."
"03/11/1994","67","SO2","BOOKER T. WASHINGTON ES","17-019-0004","AQS","34","67",".","."
"03/12/1994","35","Ozone","BOOKER T. WASHINGTON ES","17-019-0004","AQS","35","16",".","."
"03/13/1994","34","Ozone","BOOKER T. WASHINGTON ES","17-019-0004","AQS","34","3",".","."
"03/14/1994","23","Ozone","BOOKER T. WASHINGTON ES","17-019-0004","AQS","23","13",".","."
"03/15/1994","30","Ozone","BOOKER T. WASHINGTON ES","17-019-0004","AQS","30","4","14","."
"03/16/1994","33","Ozone","BOOKER T. WASHINGTON ES","17-019-0004","AQS","33","1",".","."
"03/17/1994","31","Ozone","BOOKER T. WASHINGTON ES","17-019-0004","AQS","31","17",".","."
"03/18/1994","27","Ozone","BOOKER T. WASHINGTON ES","17-019-0004","AQS","27","17",".","."
"03/19/1994","22","Ozone","BOOKER T. WASHINGTON ES","17-019-0004","AQS","22","14",".","."
"03/20/1994","33","Ozone","BOOKER T. WASHINGTON ES","17-019-0004","AQS","33","21",".","."
"03/21/1994","32","PM10","","17-019-0005","AQS","27","4","32","."
"03/22/1994","35","Ozone","BOOKER T. WASHINGTON ES","17-019-0004","AQS","35","9",".","."
"03/23/1994","45","Ozone","BOOKER T. WASHINGTON ES","17-019-0004","AQS","45","9",".","."
"03/24/1994","25","Ozone","BOOKER T. WASHINGTON ES","17-019-0004","AQS","25","1",".","."
"03/25/1994","34","Ozone","BOOKER T. WASHINGTON ES","17-019-0004","AQS","34","3",".","."
"03/26/1994","24","Ozone","BOOKER T. WASHINGTON ES","17-019-0004","AQS","24","21",".","."
"03/27/1994","26","Ozone","BOOKER T. WASHINGTON ES","17-019-0004","AQS","26","1","14","."
"03/28/1994","30","Ozone","BOOKER T. WASHINGTON ES","17-019-0004","AQS","30","3",".","."
"03/29/1994","34","Ozone","BOOKER T. WASHINGTON ES","17-019-0004","AQS","34","3",".","."
"03/30/1994","33","Ozone","BOOKER T. WASHINGTON ES","17-019-0004","AQS","33","4",".","."
"03/31/1994","39","Ozone","BOOKER T. WASHINGTON ES","17-019-0004","AQS","39","13",".","."
"04/01/1994","64","Ozone","BOOKER T. WASHINGTON ES","17-019-0004","AQS","64","10",".","."
"04/02/1994","93","Ozone","BOOKER T. WASHINGTON ES","17-019-0004","AQS","93","9","29","."
"04/03/1994","38","Ozone","BOOKER T. WASHINGTON ES","17-019-0004","AQS","38","1",".","."
"04/04/1994","38","Ozone","BOOKER T. WASHINGTON ES","17-019-0004","AQS","38","14",".","."
"04/05/1994","21","Ozone","BOOKER T. WASHINGTON ES","17-019-0004","AQS","21","7",".","."
"04/06/1994","26","Ozone","BOOKER T. WASHINGTON ES","17-019-0004","AQS","26","3",".","."
"04/07/1994","36","Ozone","BOOKER T. WASHINGTON ES","17-019-0004","AQS","36","16",".","."
"04/08/1994","40","Ozone","BOOKER T. WASHINGTON ES","17-019-0004","AQS","40","17","21","."
"04/09/1994","37","Ozone","BOOKER T. WASHINGTON ES","17-019-0004","AQS","37","7",".","."
"04/10/1994","39","Ozone","BOOKER T. WASHINGTON ES","17-019-0004","AQS","39","1",".","."
"04/11/1994","34","Ozone","BOOKER T. WASHINGTON ES","17-019-0004","AQS","34","3",".","."
"04/12/1994","38","Ozone","BOOKER T. WASHINGTON ES","17-019-0004","AQS","38","10",".","."
"04/13/1994","31","Ozone","BOOKER T. WASHINGTON ES","17-019-0004","AQS","31","7",".","."
"04/14/1994","74","Ozone","BOOKER T. WASHINGTON ES","17-019-0004","AQS","74","11","21","."
"04/15/1994","41","Ozone","BOOKER T. WASHINGTON ES","17-019-0004","AQS","41","3",".","."
"04/16/1994","43","Ozone","BOOKER T. WASHINGTON ES","17-019-0004","AQS","43","1",".","."
"04/17/1994","44","Ozone","BOOKER T. WASHINGTON ES","17-019-0004","AQS","44","7",".","."
"04/18/1994","97","Ozone","BOOKER T. WASHINGTON ES","17-019-0004","AQS","97","14",".","."
"04/19/1994","47","Ozone","BOOKER T. WASHINGTON ES","17-019-0004","AQS","47","6",".","."
"04/20/1994","64","Ozone","BOOKER T. WASHINGTON ES","17-019-0004","AQS","64","4","31","."
"04/21/1994","23","Ozone","BOOKER T. WASHINGTON ES","17-019-0004","AQS","23","19",".","."
"04/22/1994","49","Ozone","BOOKER T. WASHINGTON ES","17-019-0004","AQS","49","3",".","."
"04/23/1994","48","Ozone","BOOKER T. WASHINGTON ES","17-019-0004","AQS","48","10",".","."
"04/24/1994","101","Ozone","BOOKER T. WASHINGTON ES","17-019-0004","AQS","101","20",".","."
"04/25/1994","47","Ozone","BOOKER T. WASHINGTON ES","17-019-0004","AQS","47","11",".","."
"04/26/1994","42","PM10","","17-019-0005","AQS","37","4","42","."
"04/27/1994","30","Ozone","BOOKER T. WASHINGTON ES","17-019-0004","AQS","30","4",".","."
"04/28/1994","22","Ozone","BOOKER T. WASHINGTON ES","17-019-0004","AQS","22","10",".","."
"04/29/1994","21","Ozone","BOOKER T. WASHINGTON ES","17-019-0004","AQS","21","4",".","."
"04/30/1994","31","Ozone","BOOKER T. WASHINGTON ES","17-019-0004","AQS","31","1",".","."
"05/01/1994","41","Ozone","BOOKER T. WASHINGTON ES","17-019-0004","AQS","41","0",".","."
"05/02/1994","48","Ozone","BOOKER T. WASHINGTON ES","17-019-0004","AQS","48","6","17","."
"05/03/1994","49","Ozone","BOOKER T. WASHINGTON ES","17-019-0004","AQS","49","27",".","."
"05/04/1994","70","SO2","BOOKER T. WASHINGTON ES","17-019-0004","AQS","50","70",".","."
"05/05/1994","58","Ozone","BOOKER T. WASHINGTON ES","17-019-0004","AQS","58","19",".","."
"05/06/1994","31","Ozone","BOOKER T. WASHINGTON ES","17-019-0004","AQS","31","10",".","."
"05/07/1994","35","Ozone","BOOKER T. WASHINGTON ES","17-019-0004","AQS","35","3",".","."
"05/08/1994","51","Ozone","BOOKER T. WASHINGTON ES","17-019-0004","AQS","51","10","15","."
"05/09/1994","46","Ozone","BOOKER T. WASHINGTON ES","17-019-0004","AQS","46","4",".","."
"05/10/1994","46","Ozone","BOOKER T. WASHINGTON ES","17-019-0004","AQS","46","34",".","."
"05/11/1994","116","SO2","BOOKER T. WASHINGTON ES","17-019-0004","AQS","71","116",".","."
"05/12/1994","45","Ozone","BOOKER T. WASHINGTON ES","17-019-0004","AQS","45","1",".","."
"05/13/1994","71","Ozone","BOOKER T. WASHINGTON ES","17-019-0004","AQS","71","14",".","."
"05/14/1994","33","Ozone","BOOKER T. WASHINGTON ES","17-019-0004","AQS","33",".",".","."
"05/15/1994","47","Ozone","BOOKER T. WASHINGTON ES","17-019-0004","AQS","47",".",".","."
"05/16/1994","45","Ozone","BOOKER T. WASHINGTON ES","17-019-0004","AQS","45",".",".","."
"05/17/1994","47","Ozone","BOOKER T. WASHINGTON ES","17-019-0004","AQS","47",".",".","."
"05/18/1994","49","Ozone","BOOKER T. WASHINGTON ES","17-019-0004","AQS","49",".",".","."
"05/19/1994","61","Ozone","BOOKER T. WASHINGTON ES","17-019-0004","AQS","61","11",".","."
"05/20/1994","64","Ozone","BOOKER T. WASHINGTON ES","17-019-0004","AQS","64","20","31","."
"05/21/1994","147","Ozone","BOOKER T. WASHINGTON ES","17-019-0004","AQS","147","9",".","."
"05/22/1994","166","Ozone","BOOKER T. WASHINGTON ES","17-019-0004","AQS","166","19",".","."
"05/23/1994","119","Ozone","BOOKER T. WASHINGTON ES","17-019-0004","AQS","119","26",".","."
"05/24/1994","90","Ozone","BOOKER T. WASHINGTON ES","17-019-0004","AQS","90","13",".","."
"05/25/1994","71","Ozone","BOOKER T. WASHINGTON ES","17-019-0004","AQS","71","3",".","."
"05/26/1994","27","Ozone","BOOKER T. WASHINGTON ES","17-019-0004","AQS","27","26","14","."
"05/27/1994","50","Ozone","BOOKER T. WASHINGTON ES","17-019-0004","AQS","50","4",".","."
"05/28/1994","90","Ozone","BOOKER T. WASHINGTON ES","17-019-0004","AQS","90","11",".","."
"05/29/1994","112","Ozone","BOOKER T. WASHINGTON ES","17-019-0004","AQS","112","19",".","."
"05/30/1994","87","Ozone","BOOKER T. WASHINGTON ES","17-019-0004","AQS","87","13",".","."
"05/31/1994","71","Ozone","BOOKER T. WASHINGTON ES","17-019-0004","AQS","71","11",".","."
"06/01/1994","50","SO2","BOOKER T. WASHINGTON ES","17-019-0004","AQS","45","50",".","."
"06/02/1994","37","Ozone","BOOKER T. WASHINGTON ES","17-019-0004","AQS","37","11",".","."
"06/03/1994","71","Ozone","BOOKER T. WASHINGTON ES","17-019-0004","AQS","71","11",".","."
"06/04/1994","136","Ozone","BOOKER T. WASHINGTON ES","17-019-0004","AQS","136","6",".","."
"06/05/1994","122","Ozone","BOOKER T. WASHINGTON ES","17-019-0004","AQS","122","40",".","."
"06/06/1994","74","Ozone","BOOKER T. WASHINGTON ES","17-019-0004","AQS","74","6",".","."
"06/07/1994","100","Ozone","BOOKER T. WASHINGTON ES","17-019-0004","AQS","100","20","35","."
"06/08/1994","22","Ozone","BOOKER T. WASHINGTON ES","17-019-0004","AQS","22","3",".","."
"06/09/1994","54","Ozone","BOOKER T. WASHINGTON ES","17-019-0004","AQS","54","11",".","."
"06/10/1994","136","Ozone","BOOKER T. WASHINGTON ES","17-019-0004","AQS","136","26",".","."
"06/11/1994","74","Ozone","BOOKER T. WASHINGTON ES","17-019-0004","AQS","74","6",".","."
"06/12/1994","71","Ozone","BOOKER T. WASHINGTON ES","17-019-0004","AQS","71","10",".","."
"06/13/1994","49","Ozone","BOOKER T. WASHINGTON ES","17-019-0004","AQS","49","11","28","."
"06/14/1994","48","Ozone","BOOKER T. WASHINGTON ES","17-019-0004","AQS","48","6",".","."
"06/15/1994","61","Ozone","BOOKER T. WASHINGTON ES","17-019-0004","AQS","61","13",".","."
"06/16/1994","61","Ozone","BOOKER T. WASHINGTON ES","17-019-0004","AQS","61","23",".","."
"06/17/1994","133","Ozone","BOOKER T. WASHINGTON ES","17-019-0004","AQS","133","20",".","."
"06/18/1994","143","Ozone","BOOKER T. WASHINGTON ES","17-019-0004","AQS","143","13",".","."
"06/19/1994","136","Ozone","BOOKER T. WASHINGTON ES","17-019-0004","AQS","136","6","49","."
"06/20/1994","150","Ozone","BOOKER T. WASHINGTON ES","17-019-0004","AQS","150","10",".","."
"06/21/1994","87","Ozone","BOOKER T. WASHINGTON ES","17-019-0004","AQS","87","6",".","."
"06/22/1994","122","Ozone","BOOKER T. WASHINGTON ES","17-019-0004","AQS","122","6",".","."
"06/23/1994","77","Ozone","BOOKER T. WASHINGTON ES","17-019-0004","AQS","77","20",".","."
"06/24/1994","41","Ozone","BOOKER T. WASHINGTON ES","17-019-0004","AQS","41","13",".","."
"06/25/1994","67","Ozone","BOOKER T. WASHINGTON ES","17-019-0004","AQS","67","9",".","."
"06/26/1994","42","Ozone","BOOKER T. WASHINGTON ES","17-019-0004","AQS","42","3",".","."
"06/27/1994","45","Ozone","BOOKER T. WASHINGTON ES","17-019-0004","AQS","45","9",".","."
"06/28/1994","64","Ozone","BOOKER T. WASHINGTON ES","17-019-0004","AQS","64","9",".","."
"06/29/1994","44","Ozone","BOOKER T. WASHINGTON ES","17-019-0004","AQS","44","4","20","."
"06/30/1994","77","Ozone","BOOKER T. WASHINGTON ES","17-019-0004","AQS","77","6",".","."
"07/01/1994","100","Ozone","BOOKER T. WASHINGTON ES","17-019-0004","AQS","100","11","31","."
"07/02/1994","34","Ozone","BOOKER T. WASHINGTON ES","17-019-0004","AQS","34","11",".","."
"07/03/1994","64","Ozone","BOOKER T. WASHINGTON ES","17-019-0004","AQS","64","17",".","."
"07/04/1994","64","Ozone","BOOKER T. WASHINGTON ES","17-019-0004","AQS","64","10",".","."
"07/05/1994","87","Ozone","BOOKER T. WASHINGTON ES","17-019-0004","AQS","87","13",".","."
"07/06/1994","64","Ozone","BOOKER T. WASHINGTON ES","17-019-0004","AQS","64","24",".","."
"07/07/1994","80","Ozone","BOOKER T. WASHINGTON ES","17-019-0004","AQS","80","11","35","."
"07/08/1994","41","Ozone","BOOKER T. WASHINGTON ES","17-019-0004","AQS","41","24",".","."
"07/09/1994","35","Ozone","BOOKER T. WASHINGTON ES","17-019-0004","AQS","35","6",".","."
"07/10/1994","35","Ozone","BOOKER T. WASHINGTON ES","17-019-0004","AQS","35","3",".","."
"07/11/1994","67","Ozone","BOOKER T. WASHINGTON ES","17-019-0004","AQS","67","16",".","."
"07/12/1994","112","Ozone","BOOKER T. WASHINGTON ES","17-019-0004","AQS","112","49",".","."
"07/13/1994","112","Ozone","BOOKER T. WASHINGTON ES","17-019-0004","AQS","112","33","46","."
"07/14/1994","58","Ozone","BOOKER T. WASHINGTON ES","17-019-0004","AQS","58","6",".","."
"07/15/1994","54","SO2","BOOKER T. WASHINGTON ES","17-019-0004","AQS","45","54",".","."
"07/16/1994","61","Ozone","BOOKER T. WASHINGTON ES","17-019-0004","AQS","61","51",".","."
"07/17/1994","50","Ozone","BOOKER T. WASHINGTON ES","17-019-0004","AQS","50","9",".","."
"07/18/1994","51","Ozone","BOOKER T. WASHINGTON ES","17-019-0004","AQS","51","23",".","."
"07/19/1994","40","Ozone","BOOKER T. WASHINGTON ES","17-019-0004","AQS","40","14",".","."
"07/20/1994","54","Ozone","BOOKER T. WASHINGTON ES","17-019-0004","AQS","54","16",".","."
"07/21/1994","38","Ozone","BOOKER T. WASHINGTON ES","17-019-0004","AQS","38","17","22","."
"07/22/1994","32","Ozone","BOOKER T. WASHINGTON ES","17-019-0004","AQS","32","6",".","."
"07/23/1994","45","Ozone","BOOKER T. WASHINGTON ES","17-019-0004","AQS","45","4",".","."
"07/24/1994","41","Ozone","BOOKER T. WASHINGTON ES","17-019-0004","AQS","41","4",".","."
"07/25/1994","43","Ozone","BOOKER T. WASHINGTON ES","17-019-0004","AQS","43","4","20","."
"07/26/1994","44","Ozone","BOOKER T. WASHINGTON ES","17-019-0004","AQS","44","19",".","."
"07/27/1994","29","SO2","BOOKER T. WASHINGTON ES","17-019-0004","AQS","26","29",".","."
"07/28/1994","41","Ozone","BOOKER T. WASHINGTON ES","17-019-0004","AQS","41","21",".","."
"07/29/1994","61","Ozone","BOOKER T. WASHINGTON ES","17-019-0004","AQS","61","10",".","."
"07/30/1994","84","Ozone","BOOKER T. WASHINGTON ES","17-019-0004","AQS","84","10",".","."
"07/31/1994","77","Ozone","BOOKER T. WASHINGTON ES","17-019-0004","AQS","77","16","40","."
"08/01/1994","61","Ozone","BOOKER T. WASHINGTON ES","17-019-0004","AQS","61","29",".","."
"08/02/1994","58","Ozone","BOOKER T. WASHINGTON ES","17-019-0004","AQS","58","7",".","."
"08/03/1994","71","Ozone","BOOKER T. WASHINGTON ES","17-019-0004","AQS","71","14",".","."
"08/04/1994","41","Ozone","BOOKER T. WASHINGTON ES","17-019-0004","AQS","41","6",".","."
"08/05/1994","35","Ozone","BOOKER T. WASHINGTON ES","17-019-0004","AQS","35","6",".","."
"08/06/1994","48","Ozone","BOOKER T. WASHINGTON ES","17-019-0004","AQS","48","16","19","."
"08/07/1994","93","Ozone","BOOKER T. WASHINGTON ES","17-019-0004","AQS","93","34",".","."
"08/08/1994","49","Ozone","BOOKER T. WASHINGTON ES","17-019-0004","AQS","49","19",".","."
"08/09/1994","37","Ozone","BOOKER T. WASHINGTON ES","17-019-0004","AQS","37","4",".","."
"08/10/1994","31","Ozone","BOOKER T. WASHINGTON ES","17-019-0004","AQS","31","13",".","."
"08/11/1994","29","Ozone","BOOKER T. WASHINGTON ES","17-019-0004","AQS","29","13",".","."
"08/12/1994","101","SO2","BOOKER T. WASHINGTON ES","17-019-0004","AQS","71","101","35","."
"08/13/1994","87","Ozone","BOOKER T. WASHINGTON ES","17-019-0004","AQS","87","11",".","."
"08/14/1994","31","Ozone","BOOKER T. WASHINGTON ES","17-019-0004","AQS","31","4",".","."
"08/15/1994","85","SO2","BOOKER T. WASHINGTON ES","17-019-0004","AQS","42","85",".","."
"08/16/1994","74","Ozone","BOOKER T. WASHINGTON ES","17-019-0004","AQS","74","33",".","."
"08/17/1994","80","Ozone","BOOKER T. WASHINGTON ES","17-019-0004","AQS","80","24",".","."
"08/18/1994","112","Ozone","BOOKER T. WASHINGTON ES","17-019-0004","AQS","112","14","41","."
"08/19/1994","77","Ozone","BOOKER T. WASHINGTON ES","17-019-0004","AQS","77","23",".","."
"08/20/1994","34","Ozone","BOOKER T. WASHINGTON ES","17-019-0004","AQS","34","9",".","."
"08/21/1994","33","Ozone","BOOKER T. WASHINGTON ES","17-019-0004","AQS","33","7",".","."
"08/22/1994","41","Ozone","BOOKER T. WASHINGTON ES","17-019-0004","AQS","41","13",".","."
"08/23/1994","57","SO2","BOOKER T. WASHINGTON ES","17-019-0004","AQS","54","57",".","."
"08/24/1994","64","Ozone","BOOKER T. WASHINGTON ES","17-019-0004","AQS","64","29","41","."
"08/25/1994","58","Ozone","BOOKER T. WASHINGTON ES","17-019-0004","AQS","58","34",".","."
"08/26/1994","37","Ozone","BOOKER T. WASHINGTON ES","17-019-0004","AQS","37","14",".","."
"08/27/1994","61","Ozone","BOOKER T. WASHINGTON ES","17-019-0004","AQS","61","57",".","."
"08/28/1994","39","Ozone","BOOKER T. WASHINGTON ES","17-019-0004","AQS","39","20",".","."
"08/29/1994","38","Ozone","BOOKER T. WASHINGTON ES","17-019-0004","AQS","38","13",".","."
"08/30/1994","29","SO2","BOOKER T. WASHINGTON ES","17-019-0004","AQS","26","29","20","."
"08/31/1994","30","Ozone","BOOKER T. WASHINGTON ES","17-019-0004","AQS","30","13",".","."
"09/01/1994","27","Ozone","BOOKER T. WASHINGTON ES","17-019-0004","AQS","27","4",".","."
"09/02/1994","106","SO2","BOOKER T. WASHINGTON ES","17-019-0004","AQS","38","106",".","."
"09/03/1994","44","Ozone","BOOKER T. WASHINGTON ES","17-019-0004","AQS","44","11",".","."
"09/04/1994","36","Ozone","BOOKER T. WASHINGTON ES","17-019-0004","AQS","36","6",".","."
"09/05/1994","31","PM10","","17-019-0005","AQS","30","13","31","."
"09/06/1994","31","Ozone","BOOKER T. WASHINGTON ES","17-019-0004","AQS","31","17",".","."
"09/07/1994","44","Ozone","BOOKER T. WASHINGTON ES","17-019-0004","AQS","44","10",".","."
"09/08/1994","49","Ozone","BOOKER T. WASHINGTON ES","17-019-0004","AQS","49","10",".","."
"09/09/1994","58","Ozone","BOOKER T. WASHINGTON ES","17-019-0004","AQS","58","13",".","."
"09/10/1994","71","Ozone","BOOKER T. WASHINGTON ES","17-019-0004","AQS","71","17",".","."
"09/11/1994","93","Ozone","BOOKER T. WASHINGTON ES","17-019-0004","AQS","93","11","41","."
"09/12/1994","126","Ozone","BOOKER T. WASHINGTON ES","17-019-0004","AQS","126","31",".","."
"09/13/1994","84","Ozone","BOOKER T. WASHINGTON ES","17-019-0004","AQS","84","10",".","."
"09/14/1994","67","Ozone","BOOKER T. WASHINGTON ES","17-019-0004","AQS","67","14",".","."
"09/15/1994","71","Ozone","BOOKER T. WASHINGTON ES","17-019-0004","AQS","71","10",".","."
"09/16/1994","50","Ozone","BOOKER T. WASHINGTON ES","17-019-0004","AQS","50","16",".","."
"09/17/1994","31","Ozone","BOOKER T. WASHINGTON ES","17-019-0004","AQS","31","4","15","."
"09/18/1994","40","Ozone","BOOKER T. WASHINGTON ES","17-019-0004","AQS","40","6",".","."
"09/19/1994","48","Ozone","BOOKER T. WASHINGTON ES","17-019-0004","AQS","48","7",".","."
"09/20/1994","87","Ozone","BOOKER T. WASHINGTON ES","17-019-0004","AQS","87","17",".","."
"09/21/1994","90","Ozone","BOOKER T. WASHINGTON ES","17-019-0004","AQS","90","21",".","."
"09/22/1994","43","Ozone","BOOKER T. WASHINGTON ES","17-019-0004","AQS","43","9",".","."
"09/23/1994","15","Ozone","BOOKER T. WASHINGTON ES","17-019-0004","AQS","15","3",".","."
"09/24/1994","33","Ozone","BOOKER T. WASHINGTON ES","17-019-0004","AQS","33","7",".","."
"09/25/1994","34","Ozone","BOOKER T. WASHINGTON ES","17-019-0004","AQS","34","6",".","."
"09/26/1994","25","Ozone","BOOKER T. WASHINGTON ES","17-019-0004","AQS","25","4",".","."
"09/27/1994","13","Ozone","BOOKER T. WASHINGTON ES","17-019-0004","AQS","13","6",".","."
"09/28/1994","29","Ozone","BOOKER T. WASHINGTON ES","17-019-0004","AQS","29","4",".","."
"09/29/1994","39","SO2","BOOKER T. WASHINGTON ES","17-019-0004","AQS","35","39","31","."
"09/30/1994","119","SO2","BOOKER T. WASHINGTON ES","17-019-0004","AQS","93","119",".","."
"10/01/1994","90","Ozone","BOOKER T. WASHINGTON ES","17-019-0004","AQS","90","33","31","."
"10/02/1994","33","Ozone","BOOKER T. WASHINGTON ES","17-019-0004","AQS","33","7",".","."
"10/03/1994","30","Ozone","BOOKER T. WASHINGTON ES","17-019-0004","AQS","30","11",".","."
"10/04/1994","31","Ozone","BOOKER T. WASHINGTON ES","17-019-0004","AQS","31","20",".","."
"10/05/1994","32","PM10","","17-019-0005","AQS","22","19","32","."
"10/06/1994","46","Ozone","BOOKER T. WASHINGTON ES","17-019-0004","AQS","46","21",".","."
"10/07/1994","67","Ozone","BOOKER T. WASHINGTON ES","17-019-0004","AQS","67","20",".","."
"10/08/1994","44","Ozone","BOOKER T. WASHINGTON ES","17-019-0004","AQS","44","7",".","."
"10/09/1994","29","Ozone","BOOKER T. WASHINGTON ES","17-019-0004","AQS","29","6",".","."
"10/10/1994","31","Ozone","BOOKER T. WASHINGTON ES","17-019-0004","AQS","31","11",".","."
"10/11/1994","32","Ozone","BOOKER T. WASHINGTON ES","17-019-0004","AQS","32","30","18","."
"10/12/1994","28","Ozone","BOOKER T. WASHINGTON ES","17-019-0004","AQS","28","24",".","."
"10/13/1994","27","SO2","BOOKER T. WASHINGTON ES","17-019-0004","AQS","24","27",".","."
"10/14/1994","19","Ozone","BOOKER T. WASHINGTON ES","17-019-0004","AQS","19","13",".","."
"10/15/1994","27","SO2","BOOKER T. WASHINGTON ES","17-019-0004","AQS","26","27",".","."
"10/16/1994","46","Ozone","BOOKER T. WASHINGTON ES","17-019-0004","AQS","46","14",".","."
"10/17/1994","43","Ozone","BOOKER T. WASHINGTON ES","17-019-0004","AQS","43","9","20","."
"10/18/1994","50","SO2","BOOKER T. WASHINGTON ES","17-019-0004","AQS","22","50",".","."
"10/19/1994","36","SO2","BOOKER T. WASHINGTON ES","17-019-0004","AQS","27","36",".","."
"10/20/1994","27","Ozone","BOOKER T. WASHINGTON ES","17-019-0004","AQS","27","6",".","."
"10/21/1994","32","Ozone","BOOKER T. WASHINGTON ES","17-019-0004","AQS","32","29",".","."
"10/22/1994","39","Ozone","BOOKER T. WASHINGTON ES","17-019-0004","AQS","39","21",".","."
"10/23/1994","27","Ozone","BOOKER T. WASHINGTON ES","17-019-0004","AQS","27","6","14","."
"10/24/1994","18","Ozone","BOOKER T. WASHINGTON ES","17-019-0004","AQS","18","4",".","."
"10/25/1994","13","Ozone","BOOKER T. WASHINGTON ES","17-019-0004","AQS","13","7",".","."
"10/26/1994","24","SO2","BOOKER T. WASHINGTON ES","17-019-0004","AQS","19","24",".","."
"10/27/1994","33","SO2","BOOKER T. WASHINGTON ES","17-019-0004","AQS","20","33",".","."
"10/28/1994","37","SO2","BOOKER T. WASHINGTON ES","17-019-0004","AQS","30","37",".","."
"10/29/1994","43","Ozone","BOOKER T. WASHINGTON ES","17-019-0004","AQS","43","27","26","."
"10/30/1994","31","Ozone","BOOKER T. WASHINGTON ES","17-019-0004","AQS","31","9",".","."
"10/31/1994","26","Ozone","BOOKER T. WASHINGTON ES","17-019-0004","AQS","26","3",".","."
"11/01/1994","21","Ozone","BOOKER T. WASHINGTON ES","17-019-0004","AQS","21","6",".","."
"11/02/1994","31","Ozone","BOOKER T. WASHINGTON ES","17-019-0004","AQS","31","9",".","."
"11/03/1994","28","Ozone","BOOKER T. WASHINGTON ES","17-019-0004","AQS","28","6",".","."
"11/04/1994","25","Ozone","BOOKER T. WASHINGTON ES","17-019-0004","AQS","25","3",".","."
"11/05/1994","27","Ozone","BOOKER T. WASHINGTON ES","17-019-0004","AQS","27","7",".","."
"11/06/1994","22","Ozone","BOOKER T. WASHINGTON ES","17-019-0004","AQS","22","4",".","."
"11/07/1994","29","SO2","BOOKER T. WASHINGTON ES","17-019-0004","AQS","24","29",".","."
"11/08/1994","23","Ozone","BOOKER T. WASHINGTON ES","17-019-0004","AQS","23","16","18","."
"11/09/1994","24","Ozone","BOOKER T. WASHINGTON ES","17-019-0004","AQS","24","4",".","."
"11/10/1994","24","Ozone","BOOKER T. WASHINGTON ES","17-019-0004","AQS","24","7",".","."
"11/11/1994","23","Ozone","BOOKER T. WASHINGTON ES","17-019-0004","AQS","23","19",".","."
"11/12/1994","21","SO2","BOOKER T. WASHINGTON ES","17-019-0004","AQS","16","21",".","."
"11/13/1994","30","Ozone","BOOKER T. WASHINGTON ES","17-019-0004","AQS","30","4",".","."
"11/14/1994","19","Ozone","BOOKER T. WASHINGTON ES","17-019-0004","AQS","19","6",".","."
"11/15/1994","11","Ozone","BOOKER T. WASHINGTON ES","17-019-0004","AQS","11","7",".","."
"11/16/1994","19","Ozone","BOOKER T. WASHINGTON ES","17-019-0004","AQS","19","10","15","."
"11/17/1994","26","SO2","BOOKER T. WASHINGTON ES","17-019-0004","AQS","16","26",".","."
"11/18/1994","26","Ozone","BOOKER T. WASHINGTON ES","17-019-0004","AQS","26","9","17","."
"11/19/1994","15","Ozone","BOOKER T. WASHINGTON ES","17-019-0004","AQS","15","6",".","."
"11/20/1994","38","Ozone","BOOKER T. WASHINGTON ES","17-019-0004","AQS","38","24",".","."
"11/21/1994","35","Ozone","BOOKER T. WASHINGTON ES","17-019-0004","AQS","35","6",".","."
"11/22/1994","21","SO2","BOOKER T. WASHINGTON ES","17-019-0004","AQS","21","21","10","."
"11/23/1994","19","Ozone","BOOKER T. WASHINGTON ES","17-019-0004","AQS","19","6",".","."
"11/24/1994","28","Ozone","BOOKER T. WASHINGTON ES","17-019-0004","AQS","28","10",".","."
"11/25/1994","21","Ozone","BOOKER T. WASHINGTON ES","17-019-0004","AQS","21","9",".","."
"11/26/1994","24","SO2","BOOKER T. WASHINGTON ES","17-019-0004","AQS","19","24",".","."
"11/27/1994","31","SO2","BOOKER T. WASHINGTON ES","17-019-0004","AQS","19","31",".","."
"11/28/1994","25","Ozone","BOOKER T. WASHINGTON ES","17-019-0004","AQS","25","7","4","."
"11/29/1994","23","Ozone","BOOKER T. WASHINGTON ES","17-019-0004","AQS","23","6",".","."
"11/30/1994","19","SO2","BOOKER T. WASHINGTON ES","17-019-0004","AQS","19","19",".","."
"12/01/1994","43","SO2","BOOKER T. WASHINGTON ES","17-019-0004","AQS","20","43",".","."
"12/02/1994","23","SO2","BOOKER T. WASHINGTON ES","17-019-0004","AQS","19","23",".","."
"12/03/1994","39","SO2","BOOKER T. WASHINGTON ES","17-019-0004","AQS","18","39",".","."
"12/04/1994","31","SO2","BOOKER T. WASHINGTON ES","17-019-0004","AQS","13","31","26","."
"12/05/1994","10","SO2","BOOKER T. WASHINGTON ES","17-019-0004","AQS","3","10",".","."
"12/06/1994","6","SO2","BOOKER T. WASHINGTON ES","17-019-0004","AQS","2","6",".","."
"12/07/1994","19","Ozone","BOOKER T. WASHINGTON ES","17-019-0004","AQS","19","6",".","."
"12/08/1994","21","SO2","BOOKER T. WASHINGTON ES","17-019-0004","AQS","16","21",".","."
"12/09/1994","95","SO2","BOOKER T. WASHINGTON ES","17-019-0004","AQS","13","95",".","."
"12/10/1994","49","SO2","BOOKER T. WASHINGTON ES","17-019-0004","AQS","19","49","13","."
"12/11/1994","19","Ozone","BOOKER T. WASHINGTON ES","17-019-0004","AQS","19","3",".","."
"12/12/1994","21","SO2","BOOKER T. WASHINGTON ES","17-019-0004","AQS","12","21",".","."
"12/13/1994","16","SO2","BOOKER T. WASHINGTON ES","17-019-0004","AQS","13","16",".","."
"12/14/1994","30","SO2","BOOKER T. WASHINGTON ES","17-019-0004","AQS","8","30",".","."
"12/15/1994","33","SO2","BOOKER T. WASHINGTON ES","17-019-0004","AQS","2","33",".","."
"12/16/1994","26","SO2","BOOKER T. WASHINGTON ES","17-019-0004","AQS","10","26","15","."
"12/17/1994","26","SO2","BOOKER T. WASHINGTON ES","17-019-0004","AQS","23","26",".","."
"12/18/1994","23","Ozone","BOOKER T. WASHINGTON ES","17-019-0004","AQS","23","6",".","."
"12/19/1994","41","SO2","BOOKER T. WASHINGTON ES","17-019-0004","AQS","19","41",".","."
"12/20/1994","29","SO2","BOOKER T. WASHINGTON ES","17-019-0004","AQS","15","29",".","."
"12/21/1994","21","SO2","BOOKER T. WASHINGTON ES","17-019-0004","AQS","10","21",".","."
"12/22/1994","27","PM10","","17-019-0005","AQS","15","21","27","."
"12/23/1994","15","Ozone","BOOKER T. WASHINGTON ES","17-019-0004","AQS","15","6",".","."
"12/24/1994","18","Ozone","BOOKER T. WASHINGTON ES","17-019-0004","AQS","18","7",".","."
"12/25/1994","19","Ozone","BOOKER T. WASHINGTON ES","17-019-0004","AQS","19","7",".","."
"12/26/1994","23","SO2","BOOKER T. WASHINGTON ES","17-019-0004","AQS","12","23",".","."
"12/27/1994","95","SO2","BOOKER T. WASHINGTON ES","17-019-0004","AQS","12","95",".","."
"12/28/1994","17","SO2","BOOKER T. WASHINGTON ES","17-019-0004","AQS","14","17","14","."
"12/29/1994","18","Ozone","BOOKER T. WASHINGTON ES","17-019-0004","AQS","18","4",".","."
"12/30/1994","19","SO2","BOOKER T. WASHINGTON ES","17-019-0004","AQS","12","19",".","."
"12/31/1994","14","SO2","BOOKER T. WASHINGTON ES","17-019-0004","AQS","2","14",".","."
