"Date","Overall AQI Value","Main Pollutant","Site Name (of Overall AQI)","Site ID (of Overall AQI)","Source (of Overall AQI)","Ozone","SO2","PM25"
"01/01/1983","27","SO2","BOOKER T. WASHINGTON ES","17-019-0004","AQS","21","27","."
"01/02/1983","19","Ozone","BOOKER T. WASHINGTON ES","17-019-0004","AQS","19","9","."
"01/03/1983","19","Ozone","BOOKER T. WASHINGTON ES","17-019-0004","AQS","19","10","."
"01/04/1983","40","SO2","BOOKER T. WASHINGTON ES","17-019-0004","AQS","17","40","."
"01/05/1983","27","SO2","BOOKER T. WASHINGTON ES","17-019-0004","AQS","13","27","."
"01/06/1983","29","SO2","BOOKER T. WASHINGTON ES","17-019-0004","AQS","18","29","."
"01/07/1983","17","Ozone","BOOKER T. WASHINGTON ES","17-019-0004","AQS","17","4","."
"01/08/1983","20","SO2","BOOKER T. WASHINGTON ES","17-019-0004","AQS","15","20","."
"01/09/1983","26","SO2","BOOKER T. WASHINGTON ES","17-019-0004","AQS","15","26","."
"01/10/1983","17","Ozone","BOOKER T. WASHINGTON ES","17-019-0004","AQS","17","10","."
"01/11/1983","19","Ozone","BOOKER T. WASHINGTON ES","17-019-0004","AQS","19","9","."
"01/12/1983","23","SO2","BOOKER T. WASHINGTON ES","17-019-0004","AQS","17","23","."
"01/13/1983","13","SO2","BOOKER T. WASHINGTON ES","17-019-0004","AQS","13","13","."
"01/14/1983","19","Ozone","BOOKER T. WASHINGTON ES","17-019-0004","AQS","19","14","."
"01/15/1983","24","Ozone","BOOKER T. WASHINGTON ES","17-019-0004","AQS","24","4","."
"01/16/1983","19","Ozone","BOOKER T. WASHINGTON ES","17-019-0004","AQS","19","17","."
"01/17/1983","20","Ozone","BOOKER T. WASHINGTON ES","17-019-0004","AQS","20","6","."
"01/18/1983","23","Ozone","BOOKER T. WASHINGTON ES","17-019-0004","AQS","23","10","."
"01/19/1983","56","SO2","BOOKER T. WASHINGTON ES","17-019-0004","AQS","25","56","."
"01/20/1983","56","SO2","BOOKER T. WASHINGTON ES","17-019-0004","AQS","19","56","."
"01/21/1983","26","SO2","BOOKER T. WASHINGTON ES","17-019-0004","AQS","14","26","."
"01/22/1983","17","SO2","BOOKER T. WASHINGTON ES","17-019-0004","AQS","9","17","."
"01/23/1983","23","SO2","BOOKER T. WASHINGTON ES","17-019-0004","AQS","7","23","."
"01/24/1983","24","Ozone","BOOKER T. WASHINGTON ES","17-019-0004","AQS","24","11","."
"01/26/1983","23","SO2","BOOKER T. WASHINGTON ES","17-019-0004","AQS","14","23","."
"01/27/1983","49","SO2","BOOKER T. WASHINGTON ES","17-019-0004","AQS","22","49","."
"01/28/1983","57","SO2","BOOKER T. WASHINGTON ES","17-019-0004","AQS","9","57","."
"01/29/1983","37","SO2","BOOKER T. WASHINGTON ES","17-019-0004","AQS","14","37","."
"01/30/1983","24","Ozone","BOOKER T. WASHINGTON ES","17-019-0004","AQS","24","11","."
"01/31/1983","25","Ozone","BOOKER T. WASHINGTON ES","17-019-0004","AQS","25",".","."
"02/01/1983","27","SO2","BOOKER T. WASHINGTON ES","17-019-0004","AQS","17","27","."
"02/02/1983","26","Ozone","BOOKER T. WASHINGTON ES","17-019-0004","AQS","26","13","."
"02/03/1983","25","Ozone","BOOKER T. WASHINGTON ES","17-019-0004","AQS","25","7","."
"02/04/1983","22","Ozone","BOOKER T. WASHINGTON ES","17-019-0004","AQS","22","11","."
"02/05/1983","54","SO2","BOOKER T. WASHINGTON ES","17-019-0004","AQS","17","54","."
"02/06/1983","46","SO2","BOOKER T. WASHINGTON ES","17-019-0004","AQS","31","46","."
"02/07/1983","39","SO2","BOOKER T. WASHINGTON ES","17-019-0004","AQS","31","39","."
"02/08/1983","44","SO2","BOOKER T. WASHINGTON ES","17-019-0004","AQS","25","44","."
"02/09/1983","29","SO2","BOOKER T. WASHINGTON ES","17-019-0004","AQS","15","29","."
"02/10/1983","34","SO2","BOOKER T. WASHINGTON ES","17-019-0004","AQS","25","34","."
"02/11/1983","24","Ozone","BOOKER T. WASHINGTON ES","17-019-0004","AQS","24","17","."
"02/12/1983","31","Ozone","BOOKER T. WASHINGTON ES","17-019-0004","AQS","31","16","."
"02/13/1983","52","SO2","BOOKER T. WASHINGTON ES","17-019-0004","AQS","21","52","."
"02/14/1983","36","SO2","BOOKER T. WASHINGTON ES","17-019-0004","AQS","23","36","."
"02/15/1983","56","SO2","BOOKER T. WASHINGTON ES","17-019-0004","AQS","27","56","."
"02/16/1983","24","Ozone","BOOKER T. WASHINGTON ES","17-019-0004","AQS","24","20","."
"02/17/1983","25","Ozone","BOOKER T. WASHINGTON ES","17-019-0004","AQS","25","10","."
"02/18/1983","40","SO2","BOOKER T. WASHINGTON ES","17-019-0004","AQS","18","40","."
"02/19/1983","50","SO2","BOOKER T. WASHINGTON ES","17-019-0004","AQS","36","50","."
"02/20/1983","42","Ozone","BOOKER T. WASHINGTON ES","17-019-0004","AQS","42","24","."
"02/21/1983","49","SO2","BOOKER T. WASHINGTON ES","17-019-0004","AQS","39","49","."
"02/22/1983","50","SO2","BOOKER T. WASHINGTON ES","17-019-0004","AQS","49","50","."
"02/23/1983","19","Ozone","BOOKER T. WASHINGTON ES","17-019-0004","AQS","19","7","."
"02/24/1983","19","Ozone","BOOKER T. WASHINGTON ES","17-019-0004","AQS","19","7","."
"02/25/1983","27","Ozone","BOOKER T. WASHINGTON ES","17-019-0004","AQS","27","16","."
"02/26/1983","27","Ozone","BOOKER T. WASHINGTON ES","17-019-0004","AQS","27","20","."
"02/27/1983","37","SO2","BOOKER T. WASHINGTON ES","17-019-0004","AQS","26","37","."
"02/28/1983","44","SO2","BOOKER T. WASHINGTON ES","17-019-0004","AQS","38","44","."
"03/01/1983","41","Ozone","BOOKER T. WASHINGTON ES","17-019-0004","AQS","41","31","."
"03/02/1983","46","Ozone","BOOKER T. WASHINGTON ES","17-019-0004","AQS","46",".","."
"03/03/1983","58","Ozone","BOOKER T. WASHINGTON ES","17-019-0004","AQS","58","21","."
"03/04/1983","38","Ozone","BOOKER T. WASHINGTON ES","17-019-0004","AQS","38","17","."
"03/05/1983","45","Ozone","BOOKER T. WASHINGTON ES","17-019-0004","AQS","45","13","."
"03/06/1983","37","Ozone","BOOKER T. WASHINGTON ES","17-019-0004","AQS","37","6","."
"03/07/1983","23","Ozone","BOOKER T. WASHINGTON ES","17-019-0004","AQS","23","10","."
"03/08/1983","16","Ozone","BOOKER T. WASHINGTON ES","17-019-0004","AQS","16","9","."
"03/09/1983","21","Ozone","BOOKER T. WASHINGTON ES","17-019-0004","AQS","21","7","."
"03/10/1983","23","Ozone","BOOKER T. WASHINGTON ES","17-019-0004","AQS","23","6","."
"03/11/1983","23","Ozone","BOOKER T. WASHINGTON ES","17-019-0004","AQS","23","6","."
"03/12/1983","35","Ozone","BOOKER T. WASHINGTON ES","17-019-0004","AQS","35","13","."
"03/13/1983","37","Ozone","BOOKER T. WASHINGTON ES","17-019-0004","AQS","37","30","."
"03/14/1983","24","Ozone","BOOKER T. WASHINGTON ES","17-019-0004","AQS","24","11","."
"03/15/1983","36","Ozone","BOOKER T. WASHINGTON ES","17-019-0004","AQS","36","23","."
"03/16/1983","33","Ozone","BOOKER T. WASHINGTON ES","17-019-0004","AQS","33","21","."
"03/17/1983","30","Ozone","BOOKER T. WASHINGTON ES","17-019-0004","AQS","30","14","."
"03/18/1983","21","Ozone","BOOKER T. WASHINGTON ES","17-019-0004","AQS","21","4","."
"03/19/1983","27","Ozone","BOOKER T. WASHINGTON ES","17-019-0004","AQS","27","7","."
"03/20/1983","31","Ozone","BOOKER T. WASHINGTON ES","17-019-0004","AQS","31","11","."
"03/21/1983","41","Ozone","BOOKER T. WASHINGTON ES","17-019-0004","AQS","41","6","."
"03/22/1983","47","Ozone","BOOKER T. WASHINGTON ES","17-019-0004","AQS","47","6","."
"03/23/1983","48","Ozone","BOOKER T. WASHINGTON ES","17-019-0004","AQS","48","10","."
"03/24/1983","39","Ozone","BOOKER T. WASHINGTON ES","17-019-0004","AQS","39","10","."
"03/25/1983","48","Ozone","BOOKER T. WASHINGTON ES","17-019-0004","AQS","48","19","."
"03/26/1983","36","Ozone","BOOKER T. WASHINGTON ES","17-019-0004","AQS","36","21","."
"03/27/1983","34","Ozone","BOOKER T. WASHINGTON ES","17-019-0004","AQS","34","19","."
"03/28/1983","31","Ozone","BOOKER T. WASHINGTON ES","17-019-0004","AQS","31","4","."
"03/29/1983","36","Ozone","BOOKER T. WASHINGTON ES","17-019-0004","AQS","36","11","."
"03/30/1983","60","SO2","BOOKER T. WASHINGTON ES","17-019-0004","AQS","27","60","."
"03/31/1983","36","SO2","BOOKER T. WASHINGTON ES","17-019-0004","AQS","30","36","."
"04/01/1983","35","Ozone","BOOKER T. WASHINGTON ES","17-019-0004","AQS","35","33","."
"04/02/1983","32","Ozone","BOOKER T. WASHINGTON ES","17-019-0004","AQS","32","13","."
"04/03/1983","27","Ozone","BOOKER T. WASHINGTON ES","17-019-0004","AQS","27","10","."
"04/04/1983","30","Ozone","BOOKER T. WASHINGTON ES","17-019-0004","AQS","30","9","."
"04/05/1983","30","SO2","BOOKER T. WASHINGTON ES","17-019-0004","AQS","26","30","."
"04/06/1983","24","Ozone","BOOKER T. WASHINGTON ES","17-019-0004","AQS","24","9","."
"04/07/1983","37","Ozone","BOOKER T. WASHINGTON ES","17-019-0004","AQS","37","3","."
"04/08/1983","39","Ozone","BOOKER T. WASHINGTON ES","17-019-0004","AQS","39","13","."
"04/09/1983","24","SO2","BOOKER T. WASHINGTON ES","17-019-0004","AQS","23","24","."
"04/10/1983","30","Ozone","BOOKER T. WASHINGTON ES","17-019-0004","AQS","30","7","."
"04/11/1983","36","Ozone","BOOKER T. WASHINGTON ES","17-019-0004","AQS","36","17","."
"04/12/1983","39","Ozone","BOOKER T. WASHINGTON ES","17-019-0004","AQS","39","30","."
"04/13/1983","46","Ozone","BOOKER T. WASHINGTON ES","17-019-0004","AQS","46","6","."
"04/14/1983","25","Ozone","BOOKER T. WASHINGTON ES","17-019-0004","AQS","25","4","."
"04/15/1983","32","Ozone","BOOKER T. WASHINGTON ES","17-019-0004","AQS","32","6","."
"04/16/1983","36","Ozone","BOOKER T. WASHINGTON ES","17-019-0004","AQS","36","24","."
"04/17/1983","36","Ozone","BOOKER T. WASHINGTON ES","17-019-0004","AQS","36","6","."
"04/18/1983","35","Ozone","BOOKER T. WASHINGTON ES","17-019-0004","AQS","35","10","."
"04/19/1983","41","Ozone","BOOKER T. WASHINGTON ES","17-019-0004","AQS","41","17","."
"04/20/1983","44","Ozone","BOOKER T. WASHINGTON ES","17-019-0004","AQS","44","23","."
"04/21/1983","54","Ozone","BOOKER T. WASHINGTON ES","17-019-0004","AQS","54","41","."
"04/22/1983","51","Ozone","BOOKER T. WASHINGTON ES","17-019-0004","AQS","51","33","."
"04/23/1983","67","Ozone","BOOKER T. WASHINGTON ES","17-019-0004","AQS","67","27","."
"04/24/1983","40","Ozone","BOOKER T. WASHINGTON ES","17-019-0004","AQS","40","6","."
"04/25/1983","46","Ozone","BOOKER T. WASHINGTON ES","17-019-0004","AQS","46","23","."
"04/26/1983","54","Ozone","BOOKER T. WASHINGTON ES","17-019-0004","AQS","54","21","."
"04/27/1983","45","Ozone","BOOKER T. WASHINGTON ES","17-019-0004","AQS","45","11","."
"04/28/1983","3","SO2","BOOKER T. WASHINGTON ES","17-019-0004","AQS",".","3","."
"04/29/1983","28","Ozone","BOOKER T. WASHINGTON ES","17-019-0004","AQS","28","17","."
"04/30/1983","44","Ozone","BOOKER T. WASHINGTON ES","17-019-0004","AQS","44","9","."
"05/01/1983","40","Ozone","BOOKER T. WASHINGTON ES","17-019-0004","AQS","40","4","."
"05/02/1983","38","Ozone","BOOKER T. WASHINGTON ES","17-019-0004","AQS","38","10","."
"05/03/1983","31","Ozone","BOOKER T. WASHINGTON ES","17-019-0004","AQS","31","7","."
"05/04/1983","41","Ozone","BOOKER T. WASHINGTON ES","17-019-0004","AQS","41","7","."
"05/05/1983","50","Ozone","BOOKER T. WASHINGTON ES","17-019-0004","AQS","50","16","."
"05/06/1983","54","Ozone","BOOKER T. WASHINGTON ES","17-019-0004","AQS","54","40","."
"05/07/1983","44","Ozone","BOOKER T. WASHINGTON ES","17-019-0004","AQS","44",".","."
"05/08/1983","43","Ozone","BOOKER T. WASHINGTON ES","17-019-0004","AQS","43","4","."
"05/09/1983","48","Ozone","BOOKER T. WASHINGTON ES","17-019-0004","AQS","48","26","."
"05/10/1983","67","Ozone","BOOKER T. WASHINGTON ES","17-019-0004","AQS","67","43","."
"05/11/1983","100","Ozone","BOOKER T. WASHINGTON ES","17-019-0004","AQS","100","33","."
"05/12/1983","28","Ozone","BOOKER T. WASHINGTON ES","17-019-0004","AQS","28","27","."
"05/13/1983","40","Ozone","BOOKER T. WASHINGTON ES","17-019-0004","AQS","40","4","."
"05/14/1983","29","Ozone","BOOKER T. WASHINGTON ES","17-019-0004","AQS","29","4","."
"05/15/1983","38","Ozone","BOOKER T. WASHINGTON ES","17-019-0004","AQS","38","4","."
"05/16/1983","44","Ozone","BOOKER T. WASHINGTON ES","17-019-0004","AQS","44","11","."
"05/17/1983","48","Ozone","BOOKER T. WASHINGTON ES","17-019-0004","AQS","48","20","."
"05/18/1983","40","Ozone","BOOKER T. WASHINGTON ES","17-019-0004","AQS","40","26","."
"05/19/1983","44","Ozone","BOOKER T. WASHINGTON ES","17-019-0004","AQS","44","16","."
"05/20/1983","67","Ozone","BOOKER T. WASHINGTON ES","17-019-0004","AQS","67","10","."
"05/21/1983","41","Ozone","BOOKER T. WASHINGTON ES","17-019-0004","AQS","41","24","."
"05/22/1983","44","Ozone","BOOKER T. WASHINGTON ES","17-019-0004","AQS","44","11","."
"05/23/1983","36","Ozone","BOOKER T. WASHINGTON ES","17-019-0004","AQS","36","9","."
"05/24/1983","54","Ozone","BOOKER T. WASHINGTON ES","17-019-0004","AQS","54","20","."
"05/25/1983","42","Ozone","BOOKER T. WASHINGTON ES","17-019-0004","AQS","42","16","."
"05/26/1983","46","Ozone","BOOKER T. WASHINGTON ES","17-019-0004","AQS","46",".","."
"05/27/1983","61","Ozone","BOOKER T. WASHINGTON ES","17-019-0004","AQS","61","39","."
"05/28/1983","50","Ozone","BOOKER T. WASHINGTON ES","17-019-0004","AQS","50","10","."
"05/29/1983","41","Ozone","BOOKER T. WASHINGTON ES","17-019-0004","AQS","41","3","."
"05/30/1983","33","Ozone","BOOKER T. WASHINGTON ES","17-019-0004","AQS","33","4","."
"05/31/1983","26","Ozone","BOOKER T. WASHINGTON ES","17-019-0004","AQS","26","10","."
"06/01/1983","44","Ozone","BOOKER T. WASHINGTON ES","17-019-0004","AQS","44","9","."
"06/02/1983","36","Ozone","BOOKER T. WASHINGTON ES","17-019-0004","AQS","36","21","."
"06/03/1983","34","Ozone","BOOKER T. WASHINGTON ES","17-019-0004","AQS","34","7","."
"06/04/1983","50","Ozone","BOOKER T. WASHINGTON ES","17-019-0004","AQS","50","9","."
"06/05/1983","51","Ozone","BOOKER T. WASHINGTON ES","17-019-0004","AQS","51","19","."
"06/06/1983","40","Ozone","BOOKER T. WASHINGTON ES","17-019-0004","AQS","40","19","."
"06/07/1983","44","Ozone","BOOKER T. WASHINGTON ES","17-019-0004","AQS","44","41","."
"06/08/1983","54","Ozone","BOOKER T. WASHINGTON ES","17-019-0004","AQS","54","17","."
"06/09/1983","71","Ozone","BOOKER T. WASHINGTON ES","17-019-0004","AQS","71","23","."
"06/10/1983","115","Ozone","BOOKER T. WASHINGTON ES","17-019-0004","AQS","115","21","."
"06/11/1983","119","Ozone","BOOKER T. WASHINGTON ES","17-019-0004","AQS","119","24","."
"06/12/1983","112","Ozone","BOOKER T. WASHINGTON ES","17-019-0004","AQS","112","14","."
"06/13/1983","119","Ozone","BOOKER T. WASHINGTON ES","17-019-0004","AQS","119","17","."
"06/14/1983","80","Ozone","BOOKER T. WASHINGTON ES","17-019-0004","AQS","80","14","."
"06/15/1983","47","Ozone","BOOKER T. WASHINGTON ES","17-019-0004","AQS","47","7","."
"06/16/1983","77","Ozone","BOOKER T. WASHINGTON ES","17-019-0004","AQS","77","7","."
"06/17/1983","93","Ozone","BOOKER T. WASHINGTON ES","17-019-0004","AQS","93","36","."
"06/18/1983","97","Ozone","BOOKER T. WASHINGTON ES","17-019-0004","AQS","97","27","."
"06/19/1983","51","Ozone","BOOKER T. WASHINGTON ES","17-019-0004","AQS","51","13","."
"06/20/1983","50","Ozone","BOOKER T. WASHINGTON ES","17-019-0004","AQS","50","37","."
"06/21/1983","39","SO2","BOOKER T. WASHINGTON ES","17-019-0004","AQS",".","39","."
"06/22/1983","44","SO2","BOOKER T. WASHINGTON ES","17-019-0004","AQS",".","44","."
"06/23/1983","156","Ozone","BOOKER T. WASHINGTON ES","17-019-0004","AQS","156","26","."
"06/24/1983","187","Ozone","BOOKER T. WASHINGTON ES","17-019-0004","AQS","187","20","."
"06/25/1983","136","Ozone","BOOKER T. WASHINGTON ES","17-019-0004","AQS","136","75","."
"06/26/1983","159","Ozone","BOOKER T. WASHINGTON ES","17-019-0004","AQS","159","23","."
"06/27/1983","31","Ozone","BOOKER T. WASHINGTON ES","17-019-0004","AQS","31","19","."
"06/28/1983","50","Ozone","BOOKER T. WASHINGTON ES","17-019-0004","AQS","50","21","."
"06/29/1983","50","Ozone","BOOKER T. WASHINGTON ES","17-019-0004","AQS","50","24","."
"06/30/1983","54","Ozone","BOOKER T. WASHINGTON ES","17-019-0004","AQS","54","14","."
"07/01/1983","87","Ozone","BOOKER T. WASHINGTON ES","17-019-0004","AQS","87","16","."
"07/02/1983","45","Ozone","BOOKER T. WASHINGTON ES","17-019-0004","AQS","45","14","."
"07/03/1983","40","Ozone","BOOKER T. WASHINGTON ES","17-019-0004","AQS","40","27","."
"07/04/1983","32","Ozone","BOOKER T. WASHINGTON ES","17-019-0004","AQS","32","6","."
"07/05/1983","41","Ozone","BOOKER T. WASHINGTON ES","17-019-0004","AQS","41","6","."
"07/06/1983","44","Ozone","BOOKER T. WASHINGTON ES","17-019-0004","AQS","44","11","."
"07/07/1983","67","Ozone","BOOKER T. WASHINGTON ES","17-019-0004","AQS","67","19","."
"07/08/1983","140","Ozone","BOOKER T. WASHINGTON ES","17-019-0004","AQS","140","51","."
"07/09/1983","105","Ozone","BOOKER T. WASHINGTON ES","17-019-0004","AQS","105","17","."
"07/10/1983","126","Ozone","BOOKER T. WASHINGTON ES","17-019-0004","AQS","126","11","."
"07/11/1983","93","Ozone","BOOKER T. WASHINGTON ES","17-019-0004","AQS","93","23","."
"07/12/1983","133","Ozone","BOOKER T. WASHINGTON ES","17-019-0004","AQS","133","23","."
"07/13/1983","93","Ozone","BOOKER T. WASHINGTON ES","17-019-0004","AQS","93","10","."
"07/14/1983","150","Ozone","BOOKER T. WASHINGTON ES","17-019-0004","AQS","150","49","."
"07/15/1983","77","Ozone","BOOKER T. WASHINGTON ES","17-019-0004","AQS","77","20","."
"07/16/1983","36","Ozone","BOOKER T. WASHINGTON ES","17-019-0004","AQS","36","17","."
"07/17/1983","43","Ozone","BOOKER T. WASHINGTON ES","17-019-0004","AQS","43","4","."
"07/18/1983","49","Ozone","BOOKER T. WASHINGTON ES","17-019-0004","AQS","49","9","."
"07/19/1983","71","Ozone","BOOKER T. WASHINGTON ES","17-019-0004","AQS","71","30","."
"07/20/1983","80","Ozone","BOOKER T. WASHINGTON ES","17-019-0004","AQS","80","39","."
"07/21/1983","90","Ozone","BOOKER T. WASHINGTON ES","17-019-0004","AQS","90","19","."
"07/22/1983","67","Ozone","BOOKER T. WASHINGTON ES","17-019-0004","AQS","67","13","."
"07/23/1983","87","Ozone","BOOKER T. WASHINGTON ES","17-019-0004","AQS","87","9","."
"07/24/1983","54","Ozone","BOOKER T. WASHINGTON ES","17-019-0004","AQS","54","6","."
"07/25/1983","64","Ozone","BOOKER T. WASHINGTON ES","17-019-0004","AQS","64","19","."
"07/26/1983","77","Ozone","BOOKER T. WASHINGTON ES","17-019-0004","AQS","77","39","."
"07/27/1983","151","Ozone","BOOKER T. WASHINGTON ES","17-019-0004","AQS","151","21","."
"07/28/1983","77","Ozone","BOOKER T. WASHINGTON ES","17-019-0004","AQS","77","21","."
"07/29/1983","61","Ozone","BOOKER T. WASHINGTON ES","17-019-0004","AQS","61","33","."
"07/30/1983","41","Ozone","BOOKER T. WASHINGTON ES","17-019-0004","AQS","41","11","."
"07/31/1983","25","Ozone","BOOKER T. WASHINGTON ES","17-019-0004","AQS","25","13","."
"08/01/1983","6","SO2","BOOKER T. WASHINGTON ES","17-019-0004","AQS",".","6","."
"08/02/1983","27","SO2","BOOKER T. WASHINGTON ES","17-019-0004","AQS",".","27","."
"08/03/1983","74","SO2","BOOKER T. WASHINGTON ES","17-019-0004","AQS",".","74","."
"08/04/1983","49","Ozone","BOOKER T. WASHINGTON ES","17-019-0004","AQS","49","10","."
"08/05/1983","140","Ozone","BOOKER T. WASHINGTON ES","17-019-0004","AQS","140","20","."
"08/06/1983","97","Ozone","BOOKER T. WASHINGTON ES","17-019-0004","AQS","97","64","."
"08/07/1983","67","Ozone","BOOKER T. WASHINGTON ES","17-019-0004","AQS","67","13","."
"08/08/1983","115","Ozone","BOOKER T. WASHINGTON ES","17-019-0004","AQS","115","9","."
"08/09/1983","41","Ozone","BOOKER T. WASHINGTON ES","17-019-0004","AQS","41","7","."
"08/10/1983","87","Ozone","BOOKER T. WASHINGTON ES","17-019-0004","AQS","87","37","."
"08/11/1983","34","Ozone","BOOKER T. WASHINGTON ES","17-019-0004","AQS","34","4","."
"08/12/1983","41","Ozone","BOOKER T. WASHINGTON ES","17-019-0004","AQS","41","3","."
"08/13/1983","74","Ozone","BOOKER T. WASHINGTON ES","17-019-0004","AQS","74","9","."
"08/14/1983","108","Ozone","BOOKER T. WASHINGTON ES","17-019-0004","AQS","108","57","."
"08/15/1983","169","Ozone","BOOKER T. WASHINGTON ES","17-019-0004","AQS","169","36","."
"08/16/1983","154","Ozone","BOOKER T. WASHINGTON ES","17-019-0004","AQS","154","77","."
"08/17/1983","49","Ozone","BOOKER T. WASHINGTON ES","17-019-0004","AQS","49","34","."
"08/18/1983","150","Ozone","BOOKER T. WASHINGTON ES","17-019-0004","AQS","150","30","."
"08/19/1983","87","Ozone","BOOKER T. WASHINGTON ES","17-019-0004","AQS","87","30","."
"08/20/1983","119","Ozone","BOOKER T. WASHINGTON ES","17-019-0004","AQS","119",".","."
"08/22/1983","46","Ozone","BOOKER T. WASHINGTON ES","17-019-0004","AQS","46","11","."
"08/23/1983","39","Ozone","BOOKER T. WASHINGTON ES","17-019-0004","AQS","39","20","."
"08/24/1983","112","Ozone","BOOKER T. WASHINGTON ES","17-019-0004","AQS","112","30","."
"08/25/1983","126","Ozone","BOOKER T. WASHINGTON ES","17-019-0004","AQS","126","34","."
"08/26/1983","44","Ozone","BOOKER T. WASHINGTON ES","17-019-0004","AQS","44","31","."
"08/27/1983","77","Ozone","BOOKER T. WASHINGTON ES","17-019-0004","AQS","77","16","."
"08/28/1983","84","Ozone","BOOKER T. WASHINGTON ES","17-019-0004","AQS","84","14","."
"08/29/1983","74","Ozone","BOOKER T. WASHINGTON ES","17-019-0004","AQS","74","9","."
"08/30/1983","47","SO2","BOOKER T. WASHINGTON ES","17-019-0004","AQS","41","47","."
"08/31/1983","44","Ozone","BOOKER T. WASHINGTON ES","17-019-0004","AQS","44","19","."
"09/01/1983","48","Ozone","BOOKER T. WASHINGTON ES","17-019-0004","AQS","48","11","."
"09/02/1983","71","Ozone","BOOKER T. WASHINGTON ES","17-019-0004","AQS","71","23","."
"09/03/1983","122","Ozone","BOOKER T. WASHINGTON ES","17-019-0004","AQS","122","34","."
"09/04/1983","105","Ozone","BOOKER T. WASHINGTON ES","17-019-0004","AQS","105","26","."
"09/05/1983","77","Ozone","BOOKER T. WASHINGTON ES","17-019-0004","AQS","77","24","."
"09/06/1983","64","Ozone","BOOKER T. WASHINGTON ES","17-019-0004","AQS","64","14","."
"09/07/1983","44","Ozone","BOOKER T. WASHINGTON ES","17-019-0004","AQS","44","24","."
"09/08/1983","97","Ozone","BOOKER T. WASHINGTON ES","17-019-0004","AQS","97","24","."
"09/09/1983","74","Ozone","BOOKER T. WASHINGTON ES","17-019-0004","AQS","74","41","."
"09/10/1983","54","Ozone","BOOKER T. WASHINGTON ES","17-019-0004","AQS","54","46","."
"09/11/1983","28","Ozone","BOOKER T. WASHINGTON ES","17-019-0004","AQS","28","9","."
"09/12/1983","43","Ozone","BOOKER T. WASHINGTON ES","17-019-0004","AQS","43","19","."
"09/13/1983","37","Ozone","BOOKER T. WASHINGTON ES","17-019-0004","AQS","37","7","."
"09/14/1983","33","Ozone","BOOKER T. WASHINGTON ES","17-019-0004","AQS","33","24","."
"09/15/1983","38","Ozone","BOOKER T. WASHINGTON ES","17-019-0004","AQS","38","29","."
"09/16/1983","29","Ozone","BOOKER T. WASHINGTON ES","17-019-0004","AQS","29","4","."
"09/17/1983","50","Ozone","BOOKER T. WASHINGTON ES","17-019-0004","AQS","50","33","."
"09/18/1983","50","Ozone","BOOKER T. WASHINGTON ES","17-019-0004","AQS","50","6","."
"09/19/1983","42","Ozone","BOOKER T. WASHINGTON ES","17-019-0004","AQS","42","10","."
"09/20/1983","14","Ozone","BOOKER T. WASHINGTON ES","17-019-0004","AQS","14","4","."
"09/21/1983","23","Ozone","BOOKER T. WASHINGTON ES","17-019-0004","AQS","23","6","."
"09/22/1983","27","Ozone","BOOKER T. WASHINGTON ES","17-019-0004","AQS","27","7","."
"09/23/1983","24","Ozone","BOOKER T. WASHINGTON ES","17-019-0004","AQS","24","7","."
"09/24/1983","44","SO2","BOOKER T. WASHINGTON ES","17-019-0004","AQS","32","44","."
"09/25/1983","32","Ozone","BOOKER T. WASHINGTON ES","17-019-0004","AQS","32","24","."
"09/26/1983","46","Ozone","BOOKER T. WASHINGTON ES","17-019-0004","AQS","46","21","."
"09/27/1983","64","Ozone","BOOKER T. WASHINGTON ES","17-019-0004","AQS","64","27","."
"09/28/1983","80","Ozone","BOOKER T. WASHINGTON ES","17-019-0004","AQS","80","47","."
"09/29/1983","101","Ozone","BOOKER T. WASHINGTON ES","17-019-0004","AQS","101","44","."
"09/30/1983","67","Ozone","BOOKER T. WASHINGTON ES","17-019-0004","AQS","67","37","."
"10/01/1983","87","Ozone","BOOKER T. WASHINGTON ES","17-019-0004","AQS","87","33","."
"10/02/1983","84","Ozone","BOOKER T. WASHINGTON ES","17-019-0004","AQS","84","36","."
"10/03/1983","58","Ozone","BOOKER T. WASHINGTON ES","17-019-0004","AQS","58","21","."
"10/04/1983","22","Ozone","BOOKER T. WASHINGTON ES","17-019-0004","AQS","22","4","."
"10/05/1983","28","Ozone","BOOKER T. WASHINGTON ES","17-019-0004","AQS","28",".","."
"10/06/1983","29","Ozone","BOOKER T. WASHINGTON ES","17-019-0004","AQS","29",".","."
"10/07/1983","34","SO2","BOOKER T. WASHINGTON ES","17-019-0004","AQS","33","34","."
"10/08/1983","21","Ozone","BOOKER T. WASHINGTON ES","17-019-0004","AQS","21","11","."
"10/09/1983","31","Ozone","BOOKER T. WASHINGTON ES","17-019-0004","AQS","31","1","."
"10/10/1983","61","SO2","BOOKER T. WASHINGTON ES","17-019-0004","AQS","31","61","."
"10/11/1983","30","Ozone","BOOKER T. WASHINGTON ES","17-019-0004","AQS","30","16","."
"10/12/1983","19","Ozone","BOOKER T. WASHINGTON ES","17-019-0004","AQS","19","3","."
"10/13/1983","19","Ozone","BOOKER T. WASHINGTON ES","17-019-0004","AQS","19","10","."
"10/14/1983","29","SO2","BOOKER T. WASHINGTON ES","17-019-0004","AQS","22","29","."
"10/15/1983","41","Ozone","BOOKER T. WASHINGTON ES","17-019-0004","AQS","41","26","."
"10/16/1983","32","Ozone","BOOKER T. WASHINGTON ES","17-019-0004","AQS","32","17","."
"10/17/1983","18","Ozone","BOOKER T. WASHINGTON ES","17-019-0004","AQS","18","14","."
"10/18/1983","31","Ozone","BOOKER T. WASHINGTON ES","17-019-0004","AQS","31","6","."
"10/19/1983","20","SO2","BOOKER T. WASHINGTON ES","17-019-0004","AQS","13","20","."
"10/20/1983","10","Ozone","BOOKER T. WASHINGTON ES","17-019-0004","AQS","10","6","."
"10/21/1983","14","SO2","BOOKER T. WASHINGTON ES","17-019-0004","AQS","6","14","."
"10/22/1983","13","Ozone","BOOKER T. WASHINGTON ES","17-019-0004","AQS","13","3","."
"10/23/1983","6","Ozone","BOOKER T. WASHINGTON ES","17-019-0004","AQS","6","3","."
"10/24/1983","16","Ozone","BOOKER T. WASHINGTON ES","17-019-0004","AQS","16","11","."
"10/25/1983","22","Ozone","BOOKER T. WASHINGTON ES","17-019-0004","AQS","22","3","."
"10/26/1983","23","Ozone","BOOKER T. WASHINGTON ES","17-019-0004","AQS","23","6","."
"10/27/1983","37","SO2","BOOKER T. WASHINGTON ES","17-019-0004","AQS","25","37","."
"10/28/1983","39","Ozone","BOOKER T. WASHINGTON ES","17-019-0004","AQS","39","21","."
"10/29/1983","23","Ozone","BOOKER T. WASHINGTON ES","17-019-0004","AQS","23","4","."
"10/30/1983","46","SO2","BOOKER T. WASHINGTON ES","17-019-0004","AQS","21","46","."
"10/31/1983","30","SO2","BOOKER T. WASHINGTON ES","17-019-0004","AQS","19","30","."
"11/01/1983","40","Ozone","BOOKER T. WASHINGTON ES","17-019-0004","AQS","40","27","."
"11/02/1983","19","Ozone","BOOKER T. WASHINGTON ES","17-019-0004","AQS","19","1","."
"11/03/1983","19","Ozone","BOOKER T. WASHINGTON ES","17-019-0004","AQS","19","4","."
"11/04/1983","23","Ozone","BOOKER T. WASHINGTON ES","17-019-0004","AQS","23","4","."
"11/05/1983","23","Ozone","BOOKER T. WASHINGTON ES","17-019-0004","AQS","23","14","."
"11/06/1983","49","SO2","BOOKER T. WASHINGTON ES","17-019-0004","AQS","23","49","."
"11/07/1983","77","SO2","BOOKER T. WASHINGTON ES","17-019-0004","AQS","20","77","."
"11/08/1983","31","Ozone","BOOKER T. WASHINGTON ES","17-019-0004","AQS","31","30","."
"11/09/1983","33","Ozone","BOOKER T. WASHINGTON ES","17-019-0004","AQS","33","17","."
"11/10/1983","21","Ozone","BOOKER T. WASHINGTON ES","17-019-0004","AQS","21","11","."
"11/11/1983","22","Ozone","BOOKER T. WASHINGTON ES","17-019-0004","AQS","22","3","."
"11/12/1983","20","Ozone","BOOKER T. WASHINGTON ES","17-019-0004","AQS","20","7","."
"11/13/1983","30","SO2","BOOKER T. WASHINGTON ES","17-019-0004","AQS","21","30","."
"11/14/1983","40","SO2","BOOKER T. WASHINGTON ES","17-019-0004","AQS","16","40","."
"11/15/1983","9","SO2","BOOKER T. WASHINGTON ES","17-019-0004","AQS","8","9","."
"11/16/1983","13","Ozone","BOOKER T. WASHINGTON ES","17-019-0004","AQS","13","7","."
"11/17/1983","23","SO2","BOOKER T. WASHINGTON ES","17-019-0004","AQS","13","23","."
"11/18/1983","26","SO2","BOOKER T. WASHINGTON ES","17-019-0004","AQS","21","26","."
"11/19/1983","22","Ozone","BOOKER T. WASHINGTON ES","17-019-0004","AQS","22","10","."
"11/20/1983","20","Ozone","BOOKER T. WASHINGTON ES","17-019-0004","AQS","20","6","."
"11/21/1983","23","Ozone","BOOKER T. WASHINGTON ES","17-019-0004","AQS","23",".","."
"11/22/1983","21","SO2","BOOKER T. WASHINGTON ES","17-019-0004","AQS","19","21","."
"11/23/1983","25","Ozone","BOOKER T. WASHINGTON ES","17-019-0004","AQS","25","4","."
"11/24/1983","25","Ozone","BOOKER T. WASHINGTON ES","17-019-0004","AQS","25","6","."
"11/25/1983","23","SO2","BOOKER T. WASHINGTON ES","17-019-0004","AQS","19","23","."
"11/26/1983","24","Ozone","BOOKER T. WASHINGTON ES","17-019-0004","AQS","24","23","."
"11/27/1983","22","Ozone","BOOKER T. WASHINGTON ES","17-019-0004","AQS","22","16","."
"11/28/1983","19","SO2","BOOKER T. WASHINGTON ES","17-019-0004","AQS","17","19","."
"11/29/1983","18","Ozone","BOOKER T. WASHINGTON ES","17-019-0004","AQS","18","9","."
"11/30/1983","20","Ozone","BOOKER T. WASHINGTON ES","17-019-0004","AQS","20","7","."
"12/01/1983","19","Ozone","BOOKER T. WASHINGTON ES","17-019-0004","AQS","19","11","."
"12/02/1983","21","SO2","BOOKER T. WASHINGTON ES","17-019-0004","AQS","9","21","."
"12/03/1983","29","SO2","BOOKER T. WASHINGTON ES","17-019-0004","AQS","14","29","."
"12/04/1983","19","SO2","BOOKER T. WASHINGTON ES","17-019-0004","AQS","6","19","."
"12/05/1983","7","Ozone","BOOKER T. WASHINGTON ES","17-019-0004","AQS","7","4","."
"12/06/1983","19","Ozone","BOOKER T. WASHINGTON ES","17-019-0004","AQS","19","4","."
"12/07/1983","19","SO2","BOOKER T. WASHINGTON ES","17-019-0004","AQS","12","19","."
"12/08/1983","30","SO2","BOOKER T. WASHINGTON ES","17-019-0004","AQS","18","30","."
"12/09/1983","33","SO2","BOOKER T. WASHINGTON ES","17-019-0004","AQS","9","33","."
"12/10/1983","51","SO2","BOOKER T. WASHINGTON ES","17-019-0004","AQS","7","51","."
"12/11/1983","19","SO2","BOOKER T. WASHINGTON ES","17-019-0004","AQS","6","19","."
"12/12/1983","14","Ozone","BOOKER T. WASHINGTON ES","17-019-0004","AQS","14","6","."
"12/13/1983","26","SO2","BOOKER T. WASHINGTON ES","17-019-0004","AQS","13","26","."
"12/14/1983","19","SO2","BOOKER T. WASHINGTON ES","17-019-0004","AQS","17","19","."
"12/15/1983","20","Ozone","BOOKER T. WASHINGTON ES","17-019-0004","AQS","20","13","."
"12/16/1983","21","Ozone","BOOKER T. WASHINGTON ES","17-019-0004","AQS","21","7","."
"12/17/1983","22","Ozone","BOOKER T. WASHINGTON ES","17-019-0004","AQS","22","9","."
"12/18/1983","26","SO2","BOOKER T. WASHINGTON ES","17-019-0004","AQS","25","26","."
"12/19/1983","43","SO2","BOOKER T. WASHINGTON ES","17-019-0004","AQS","17","43","."
"12/20/1983","43","SO2","BOOKER T. WASHINGTON ES","17-019-0004","AQS","19","43","."
"12/21/1983","56","SO2","BOOKER T. WASHINGTON ES","17-019-0004","AQS","11","56","."
"12/22/1983","29","SO2","BOOKER T. WASHINGTON ES","17-019-0004","AQS","21","29","."
"12/23/1983","23","Ozone","BOOKER T. WASHINGTON ES","17-019-0004","AQS","23","11","."
"12/24/1983","24","Ozone","BOOKER T. WASHINGTON ES","17-019-0004","AQS","24","6","."
"12/25/1983","29","Ozone","BOOKER T. WASHINGTON ES","17-019-0004","AQS","29","7","."
"12/26/1983","27","SO2","BOOKER T. WASHINGTON ES","17-019-0004","AQS","26","27","."
"12/27/1983","52","SO2","BOOKER T. WASHINGTON ES","17-019-0004","AQS","21","52","."
"12/28/1983","44","SO2","BOOKER T. WASHINGTON ES","17-019-0004","AQS","22","44","."
"12/29/1983","20","Ozone","BOOKER T. WASHINGTON ES","17-019-0004","AQS","20","17","."
"12/30/1983","50","SO2","BOOKER T. WASHINGTON ES","17-019-0004","AQS","21","50","."
"12/31/1983","54","SO2","BOOKER T. WASHINGTON ES","17-019-0004","AQS","22","54","."
