"Date","Overall AQI Value","Main Pollutant","Site Name (of Overall AQI)","Site ID (of Overall AQI)","Source (of Overall AQI)","CO","Ozone","SO2","PM25"
"01/01/2014","25","Ozone","ISWS CLIMATE STATION","17-019-1001","AQS",".","25","1","."
"01/02/2014","29","Ozone","ISWS CLIMATE STATION","17-019-1001","AQS","2","29","3","20"
"01/03/2014","29","Ozone","ISWS CLIMATE STATION","17-019-1001","AQS","2","29","23","."
"01/04/2014","29","Ozone","ISWS CLIMATE STATION","17-019-1001","AQS","1","29","1","."
"01/05/2014","33","Ozone","ISWS CLIMATE STATION","17-019-1001","AQS","2","33","1","23"
"01/06/2014","31","Ozone","ISWS CLIMATE STATION","17-019-1001","AQS",".","31","1","."
"01/07/2014","32","Ozone","ISWS CLIMATE STATION","17-019-1001","AQS",".","32","9","."
"01/08/2014","29","Ozone","ISWS CLIMATE STATION","17-019-1001","AQS",".","29","3","."
"01/09/2014","22","Ozone","ISWS CLIMATE STATION","17-019-1001","AQS",".","22","17","."
"01/10/2014","19","Ozone","ISWS CLIMATE STATION","17-019-1001","AQS","2","19","7","."
"01/11/2014","28","Ozone","ISWS CLIMATE STATION","17-019-1001","AQS","2","28","1","."
"01/12/2014","28","Ozone","ISWS CLIMATE STATION","17-019-1001","AQS","1","28","10","."
"01/13/2014","26","Ozone","ISWS CLIMATE STATION","17-019-1001","AQS","1","26","1","."
"01/14/2014","28","PM2.5","ISWS CLIMATE STATION","17-019-1001","AQS","1","28","7","28"
"01/15/2014","26","Ozone","ISWS CLIMATE STATION","17-019-1001","AQS",".","26","1","."
"01/16/2014","27","Ozone","ISWS CLIMATE STATION","17-019-1001","AQS",".","27","0","."
"01/17/2014","27","Ozone","ISWS CLIMATE STATION","17-019-1001","AQS",".","27","0","19"
"01/18/2014","23","Ozone","ISWS CLIMATE STATION","17-019-1001","AQS","1","23","11","."
"01/19/2014","24","Ozone","ISWS CLIMATE STATION","17-019-1001","AQS","2","24","1","."
"01/20/2014","33","Ozone","ISWS CLIMATE STATION","17-019-1001","AQS","1","33","1","30"
"01/21/2014","34","Ozone","ISWS CLIMATE STATION","17-019-1001","AQS","1","34","0","."
"01/22/2014","31","Ozone","ISWS CLIMATE STATION","17-019-1001","AQS","1","31","4","."
"01/23/2014","31","Ozone","ISWS CLIMATE STATION","17-019-1001","AQS","1","31","4","14"
"01/24/2014","30","Ozone","ISWS CLIMATE STATION","17-019-1001","AQS","1","30","3","."
"01/25/2014","36","Ozone","ISWS CLIMATE STATION","17-019-1001","AQS",".","36","0","."
"01/26/2014","34","Ozone","ISWS CLIMATE STATION","17-019-1001","AQS",".","34","4","."
"01/27/2014","33","Ozone","ISWS CLIMATE STATION","17-019-1001","AQS",".","33","1","."
"01/28/2014","29","Ozone","ISWS CLIMATE STATION","17-019-1001","AQS","1","29","1","."
"01/29/2014","27","Ozone","ISWS CLIMATE STATION","17-019-1001","AQS","2","27","10","23"
"01/30/2014","28","Ozone","ISWS CLIMATE STATION","17-019-1001","AQS","1","28","0","."
"01/31/2014","24","Ozone","ISWS CLIMATE STATION","17-019-1001","AQS","2","24","0","."
"02/01/2014","62","PM2.5","ISWS CLIMATE STATION","17-019-1001","AQS","3","25","3","62"
"02/02/2014","37","Ozone","ISWS CLIMATE STATION","17-019-1001","AQS","3","37","0","."
"02/03/2014","35","Ozone","ISWS CLIMATE STATION","17-019-1001","AQS","2","35","3","."
"02/04/2014","65","PM2.5","ISWS CLIMATE STATION","17-019-1001","AQS","3","35","1","65"
"02/05/2014","39","Ozone","ISWS CLIMATE STATION","17-019-1001","AQS","2","39","3","."
"02/06/2014","32","Ozone","ISWS CLIMATE STATION","17-019-1001","AQS","1","32","4","."
"02/07/2014","39","PM2.5","ISWS CLIMATE STATION","17-019-1001","AQS","2","35","1","39"
"02/08/2014","31","Ozone","Thomasboro","17-019-0007","AQS","2","31","24","."
"02/09/2014","42","Ozone","ISWS CLIMATE STATION","17-019-1001","AQS","2","42","7","."
"02/10/2014","43","PM2.5","ISWS CLIMATE STATION","17-019-1001","AQS","2","35","0","43"
"02/11/2014","27","Ozone","ISWS CLIMATE STATION","17-019-1001","AQS","3","27","6","."
"02/12/2014","32","Ozone","ISWS CLIMATE STATION","17-019-1001","AQS","3","32","21","."
"02/13/2014","82","PM2.5","ISWS CLIMATE STATION","17-019-1001","AQS","3","38","16","82"
"02/14/2014","36","Ozone","ISWS CLIMATE STATION","17-019-1001","AQS","2","36","6","."
"02/15/2014","38","Ozone","ISWS CLIMATE STATION","17-019-1001","AQS","2","38","7","."
"02/16/2014","66","PM2.5","ISWS CLIMATE STATION","17-019-1001","AQS","2","49","1","66"
"02/17/2014","38","Ozone","ISWS CLIMATE STATION","17-019-1001","AQS","2","38","11","."
"02/18/2014","39","Ozone","ISWS CLIMATE STATION","17-019-1001","AQS","1","39","4","."
"02/19/2014","43","PM2.5","ISWS CLIMATE STATION","17-019-1001","AQS","1","36","3","43"
"02/20/2014","31","Ozone","ISWS CLIMATE STATION","17-019-1001","AQS","1","31","11","."
"02/21/2014","36","Ozone","ISWS CLIMATE STATION","17-019-1001","AQS","1","36","1","."
"02/22/2014","34","Ozone","ISWS CLIMATE STATION","17-019-1001","AQS","1","34","6","15"
"02/23/2014","37","Ozone","ISWS CLIMATE STATION","17-019-1001","AQS","1","37","1","."
"02/24/2014","33","Ozone","ISWS CLIMATE STATION","17-019-1001","AQS","1","33","1","."
"02/25/2014","35","Ozone","ISWS CLIMATE STATION","17-019-1001","AQS","1","35","3","15"
"02/26/2014","32","Ozone","ISWS CLIMATE STATION","17-019-1001","AQS","2","32","1","."
"02/27/2014","37","Ozone","ISWS CLIMATE STATION","17-019-1001","AQS","1","37","0","."
"02/28/2014","34","PM2.5","ISWS CLIMATE STATION","17-019-1001","AQS","2","31","14","34"
"03/01/2014","30","Ozone","ISWS CLIMATE STATION","17-019-1001","AQS","2","30","11","."
"03/02/2014","38","Ozone","ISWS CLIMATE STATION","17-019-1001","AQS","2","38","0","."
"03/03/2014","38","Ozone","ISWS CLIMATE STATION","17-019-1001","AQS","2","38","3","23"
"03/04/2014","38","Ozone","ISWS CLIMATE STATION","17-019-1001","AQS","2","38","10","."
"03/05/2014","34","Ozone","Thomasboro","17-019-0007","AQS","2","34","7","."
"03/06/2014","70","PM2.5","ISWS CLIMATE STATION","17-019-1001","AQS","2","35","4","70"
"03/07/2014","38","Ozone","ISWS CLIMATE STATION","17-019-1001","AQS","2","38","10","."
"03/08/2014","41","Ozone","ISWS CLIMATE STATION","17-019-1001","AQS",".","41","0","."
"03/09/2014","64","PM2.5","ISWS CLIMATE STATION","17-019-1001","AQS",".","41","1","64"
"03/10/2014","36","Ozone","ISWS CLIMATE STATION","17-019-1001","AQS",".","36","4","."
"03/11/2014","32","Ozone","Thomasboro","17-019-0007","AQS",".","32","7","."
"03/12/2014","40","Ozone","ISWS CLIMATE STATION","17-019-1001","AQS",".","40",".","18"
"03/13/2014","36","Ozone","ISWS CLIMATE STATION","17-019-1001","AQS","2","36","11","."
"03/14/2014","44","Ozone","ISWS CLIMATE STATION","17-019-1001","AQS","2","44","1","."
"03/15/2014","38","Ozone","ISWS CLIMATE STATION","17-019-1001","AQS","1","38","1","10"
"03/16/2014","33","Ozone","ISWS CLIMATE STATION","17-019-1001","AQS",".","33","0","."
"03/17/2014","31","Ozone","ISWS CLIMATE STATION","17-019-1001","AQS",".","31","1","."
"03/18/2014","55","PM2.5","ISWS CLIMATE STATION","17-019-1001","AQS",".","34","7","55"
"03/19/2014","31","Ozone","ISWS CLIMATE STATION","17-019-1001","AQS",".","31","10","."
"03/20/2014","39","Ozone","ISWS CLIMATE STATION","17-019-1001","AQS",".","39",".","."
"03/21/2014","48","Ozone","ISWS CLIMATE STATION","17-019-1001","AQS",".","48",".","39"
"03/22/2014","34","Ozone","Thomasboro","17-019-0007","AQS",".","34",".","."
"03/23/2014","29","Ozone","Thomasboro","17-019-0007","AQS",".","29",".","."
"03/24/2014","34","Ozone","Thomasboro","17-019-0007","AQS",".","34",".","24"
"03/25/2014","38","Ozone","ISWS CLIMATE STATION","17-019-1001","AQS","1","38","0","."
"03/26/2014","36","Ozone","Thomasboro","17-019-0007","AQS",".","36","9","."
"03/27/2014","47","PM2.5","ISWS CLIMATE STATION","17-019-1001","AQS",".","34",".","47"
"03/28/2014","25","Ozone","ISWS CLIMATE STATION","17-019-1001","AQS",".","25",".","."
"03/29/2014","31","Ozone","ISWS CLIMATE STATION","17-019-1001","AQS",".","31",".","."
"03/30/2014","44","Ozone","ISWS CLIMATE STATION","17-019-1001","AQS",".","44",".","37"
"03/31/2014","41","Ozone","Thomasboro","17-019-0007","AQS",".","41",".","."
"04/01/2014","39","Ozone","ISWS CLIMATE STATION","17-019-1001","AQS",".","39",".","."
"04/02/2014","32","PM2.5","ISWS CLIMATE STATION","17-019-1001","AQS","2","29","1","32"
"04/03/2014","27","Ozone","ISWS CLIMATE STATION","17-019-1001","AQS","2","27","1","."
"04/04/2014","39","Ozone","ISWS CLIMATE STATION","17-019-1001","AQS","3","39","10","."
"04/05/2014","51","Ozone","ISWS CLIMATE STATION","17-019-1001","AQS","2","51","0","20"
"04/06/2014","48","Ozone","ISWS CLIMATE STATION","17-019-1001","AQS","2","48","3","."
"04/07/2014","36","Ozone","ISWS CLIMATE STATION","17-019-1001","AQS","2","36","1","."
"04/08/2014","45","Ozone","ISWS CLIMATE STATION","17-019-1001","AQS","2","45","0","39"
"04/09/2014","48","Ozone","ISWS CLIMATE STATION","17-019-1001","AQS","2","48","0","."
"04/10/2014","49","Ozone","ISWS CLIMATE STATION","17-019-1001","AQS","2","49","1","."
"04/11/2014","61","Ozone","ISWS CLIMATE STATION","17-019-1001","AQS","2","61","1","26"
"04/12/2014","44","Ozone","Thomasboro","17-019-0007","AQS","2","44","1","."
"04/13/2014","31","Ozone","Thomasboro","17-019-0007","AQS","2","31","0","."
"04/14/2014","33","Ozone","ISWS CLIMATE STATION","17-019-1001","AQS","1","33","0","5"
"04/15/2014","41","Ozone","ISWS CLIMATE STATION","17-019-1001","AQS","1","41","1","."
"04/16/2014","42","Ozone","ISWS CLIMATE STATION","17-019-1001","AQS","1","42","7","."
"04/17/2014","48","Ozone","ISWS CLIMATE STATION","17-019-1001","AQS","2","48","1","45"
"04/18/2014","54","Ozone","ISWS CLIMATE STATION","17-019-1001","AQS","2","54","3","."
"04/19/2014","58","Ozone","ISWS CLIMATE STATION","17-019-1001","AQS","2","58","1","."
"04/20/2014","93","Ozone","ISWS CLIMATE STATION","17-019-1001","AQS","2","93","14","61"
"04/21/2014","43","Ozone","Thomasboro","17-019-0007","AQS","2","43","6","."
"04/22/2014","45","Ozone","ISWS CLIMATE STATION","17-019-1001","AQS","1","45","1","."
"04/23/2014","48","Ozone","ISWS CLIMATE STATION","17-019-1001","AQS","2","48","3","15"
"04/24/2014","50","Ozone","ISWS CLIMATE STATION","17-019-1001","AQS","2","50","6","."
"04/25/2014","45","Ozone","ISWS CLIMATE STATION","17-019-1001","AQS","1","45","0","."
"04/26/2014","50","Ozone","ISWS CLIMATE STATION","17-019-1001","AQS","1","50","3","19"
"04/27/2014","40","Ozone","ISWS CLIMATE STATION","17-019-1001","AQS","2","40","3","."
"04/28/2014","43","Ozone","ISWS CLIMATE STATION","17-019-1001","AQS","1","43","3","."
"04/29/2014","38","Ozone","ISWS CLIMATE STATION","17-019-1001","AQS","1","38","1","11"
"04/30/2014","30","Ozone","ISWS CLIMATE STATION","17-019-1001","AQS","1","30","0","."
"05/01/2014","26","Ozone","ISWS CLIMATE STATION","17-019-1001","AQS","1","26","1","."
"05/02/2014","29","Ozone","ISWS CLIMATE STATION","17-019-1001","AQS","1","29","1","10"
"05/03/2014","47","Ozone","ISWS CLIMATE STATION","17-019-1001","AQS","1","47","1","."
"05/04/2014","43","Ozone","ISWS CLIMATE STATION","17-019-1001","AQS","1","43","3","."
"05/05/2014","50","Ozone","ISWS CLIMATE STATION","17-019-1001","AQS","2","50","9","22"
"05/06/2014","71","Ozone","ISWS CLIMATE STATION","17-019-1001","AQS","2","71","11","."
"05/07/2014","61","Ozone","Thomasboro","17-019-0007","AQS","2","61","7","."
"05/08/2014","44","Ozone","Thomasboro","17-019-0007","AQS","1","44","6","36"
"05/09/2014","48","Ozone","ISWS CLIMATE STATION","17-019-1001","AQS","1","48","0","."
"05/10/2014","64","Ozone","ISWS CLIMATE STATION","17-019-1001","AQS","1","64","0","."
"05/11/2014","43","Ozone","ISWS CLIMATE STATION","17-019-1001","AQS","1","43","6","25"
"05/12/2014","33","Ozone","ISWS CLIMATE STATION","17-019-1001","AQS","1","33","9","."
"05/13/2014","32","Ozone","Thomasboro","17-019-0007","AQS","1","32","0","."
"05/14/2014","39","Ozone","ISWS CLIMATE STATION","17-019-1001","AQS","2","39","0","11"
"05/15/2014","45","Ozone","ISWS CLIMATE STATION","17-019-1001","AQS","1","45","0","."
"05/16/2014","38","Ozone","ISWS CLIMATE STATION","17-019-1001","AQS","2","38","0","."
"05/17/2014","47","Ozone","ISWS CLIMATE STATION","17-019-1001","AQS","2","47","0","17"
"05/18/2014","58","Ozone","ISWS CLIMATE STATION","17-019-1001","AQS","1","58","3","."
"05/19/2014","61","Ozone","ISWS CLIMATE STATION","17-019-1001","AQS","1","61","3","."
"05/20/2014","54","Ozone","ISWS CLIMATE STATION","17-019-1001","AQS","1","54","11","42"
"05/21/2014","67","Ozone","ISWS CLIMATE STATION","17-019-1001","AQS","1","67","4","."
"05/22/2014","45","Ozone","ISWS CLIMATE STATION","17-019-1001","AQS",".","45","0","."
"05/23/2014","77","Ozone","ISWS CLIMATE STATION","17-019-1001","AQS",".","77","1","18"
"05/24/2014","84","Ozone","ISWS CLIMATE STATION","17-019-1001","AQS","2","84","1","."
"05/25/2014","84","Ozone","ISWS CLIMATE STATION","17-019-1001","AQS","2","84","11","."
"05/26/2014","44","PM2.5","ISWS CLIMATE STATION","17-019-1001","AQS","1","44","3","44"
"05/27/2014","47","Ozone","ISWS CLIMATE STATION","17-019-1001","AQS","1","47","10","."
"05/28/2014","46","Ozone","ISWS CLIMATE STATION","17-019-1001","AQS","1","46","6","."
"05/29/2014","48","PM2.5","ISWS CLIMATE STATION","17-019-1001","AQS","2","46","3","48"
"05/30/2014","80","Ozone","ISWS CLIMATE STATION","17-019-1001","AQS","2","80","1","."
"05/31/2014","93","Ozone","ISWS CLIMATE STATION","17-019-1001","AQS","1","93","13","."
"06/01/2014","45","Ozone","Thomasboro","17-019-0007","AQS","1","45","23","38"
"06/02/2014","42","Ozone","Thomasboro","17-019-0007","AQS","1","42","6","."
"06/03/2014","80","Ozone","ISWS CLIMATE STATION","17-019-1001","AQS","1","80","1","."
"06/04/2014","46","Ozone","ISWS CLIMATE STATION","17-019-1001","AQS",".","46","1","16"
"06/05/2014","49","Ozone","ISWS CLIMATE STATION","17-019-1001","AQS",".","49","3","."
"06/06/2014","80","Ozone","ISWS CLIMATE STATION","17-019-1001","AQS",".","80","4","."
"06/07/2014","101","Ozone","ISWS CLIMATE STATION","17-019-1001","AQS","2","101","4","48"
"06/08/2014","77","Ozone","ISWS CLIMATE STATION","17-019-1001","AQS","2","77","0","."
"06/09/2014","80","Ozone","ISWS CLIMATE STATION","17-019-1001","AQS","2","80","6","."
"06/10/2014","40","PM2.5","ISWS CLIMATE STATION","17-019-1001","AQS","1","40","4","40"
"06/11/2014","38","Ozone","ISWS CLIMATE STATION","17-019-1001","AQS","1","38","1","."
"06/12/2014","48","Ozone","ISWS CLIMATE STATION","17-019-1001","AQS",".","48","1","."
"06/13/2014","48","Ozone","ISWS CLIMATE STATION","17-019-1001","AQS",".","48","0","13"
"06/14/2014","71","Ozone","ISWS CLIMATE STATION","17-019-1001","AQS",".","71","0","."
"06/15/2014","48","Ozone","ISWS CLIMATE STATION","17-019-1001","AQS",".","48","9","."
"06/16/2014","41","PM2.5","ISWS CLIMATE STATION","17-019-1001","AQS",".","41","10","41"
"06/17/2014","37","Ozone","ISWS CLIMATE STATION","17-019-1001","AQS",".","37","3","."
"06/18/2014","36","Ozone","ISWS CLIMATE STATION","17-019-1001","AQS",".","36","4","."
"06/19/2014","48","PM2.5","ISWS CLIMATE STATION","17-019-1001","AQS",".","41","3","48"
"06/20/2014","41","Ozone","ISWS CLIMATE STATION","17-019-1001","AQS",".","41","1","."
"06/21/2014","49","Ozone","ISWS CLIMATE STATION","17-019-1001","AQS",".","49","3","."
"06/22/2014","43","Ozone","ISWS CLIMATE STATION","17-019-1001","AQS",".","43","1","18"
"06/23/2014","40","Ozone","ISWS CLIMATE STATION","17-019-1001","AQS",".","40","7","."
"06/24/2014","38","Ozone","ISWS CLIMATE STATION","17-019-1001","AQS","1","38","0","."
"06/25/2014","47","Ozone","ISWS CLIMATE STATION","17-019-1001","AQS","1","47","1","30"
"06/26/2014","51","Ozone","ISWS CLIMATE STATION","17-019-1001","AQS","2","51","7","."
"06/27/2014","47","Ozone","ISWS CLIMATE STATION","17-019-1001","AQS","1","47","6","."
"06/28/2014","38","PM2.5","ISWS CLIMATE STATION","17-019-1001","AQS","1","29","11","38"
"06/29/2014","29","Ozone","ISWS CLIMATE STATION","17-019-1001","AQS","1","29","16","."
"06/30/2014","30","Ozone","Thomasboro","17-019-0007","AQS","1","30","4","."
"07/01/2014","33","Ozone","Thomasboro","17-019-0007","AQS","1","33","9","18"
"07/02/2014","22","Ozone","ISWS CLIMATE STATION","17-019-1001","AQS","1","22","3","."
"07/03/2014","36","Ozone","ISWS CLIMATE STATION","17-019-1001","AQS","1","36","0","."
"07/04/2014","38","Ozone","ISWS CLIMATE STATION","17-019-1001","AQS","1","38","1","18"
"07/05/2014","44","Ozone","Thomasboro","17-019-0007","AQS","1","44","7","."
"07/06/2014","43","Ozone","Thomasboro","17-019-0007","AQS","1","43","3","."
"07/07/2014","57","PM2.5","ISWS CLIMATE STATION","17-019-1001","AQS","1","34","3","57"
"07/08/2014","36","Ozone","Thomasboro","17-019-0007","AQS","1","36","1","."
"07/09/2014","42","Ozone","ISWS CLIMATE STATION","17-019-1001","AQS","1","42","1","."
"07/10/2014","40","Ozone","ISWS CLIMATE STATION","17-019-1001","AQS","1","40","0","17"
"07/11/2014","51","Ozone","ISWS CLIMATE STATION","17-019-1001","AQS","1","51","6","."
"07/12/2014","33","Ozone","ISWS CLIMATE STATION","17-019-1001","AQS",".","33",".","."
"07/13/2014","39","Ozone","ISWS CLIMATE STATION","17-019-1001","AQS","1","39","1","23"
"07/14/2014","32","Ozone","Thomasboro","17-019-0007","AQS",".","32","0","."
"07/15/2014","24","Ozone","ISWS CLIMATE STATION","17-019-1001","AQS","1","24","0","."
"07/16/2014","30","Ozone","ISWS CLIMATE STATION","17-019-1001","AQS","1","30","0","28"
"07/17/2014","38","Ozone","ISWS CLIMATE STATION","17-019-1001","AQS","1","38","6","."
"07/18/2014","42","Ozone","ISWS CLIMATE STATION","17-019-1001","AQS","1","42","9","."
"07/19/2014","55","PM2.5","904 North Walnut","17-019-0006","AQS","1","50","4","55"
"07/20/2014","51","Ozone","ISWS CLIMATE STATION","17-019-1001","AQS","1","51","1","."
"07/21/2014","50","Ozone","ISWS CLIMATE STATION","17-019-1001","AQS","2","50","6","."
"07/22/2014","70","PM2.5","904 North Walnut","17-019-0006","AQS","2","50","1","70"
"07/23/2014","36","Ozone","ISWS CLIMATE STATION","17-019-1001","AQS","2","36","0","."
"07/24/2014","40","Ozone","ISWS CLIMATE STATION","17-019-1001","AQS","1","40","1","."
"07/25/2014","49","PM2.5","ISWS CLIMATE STATION","17-019-1001","AQS","1","34","1","49"
"07/26/2014","40","Ozone","ISWS CLIMATE STATION","17-019-1001","AQS","2","40","6","."
"07/27/2014","35","Ozone","ISWS CLIMATE STATION","17-019-1001","AQS","1","35","1","."
"07/28/2014","28","Ozone","ISWS CLIMATE STATION","17-019-1001","AQS",".","28","0","24"
"07/29/2014","37","Ozone","ISWS CLIMATE STATION","17-019-1001","AQS",".","37","3","."
"07/30/2014","39","Ozone","ISWS CLIMATE STATION","17-019-1001","AQS",".","39","9","."
"07/31/2014","60","PM2.5","904 North Walnut","17-019-0006","AQS",".","37","0","60"
"08/01/2014","45","Ozone","ISWS CLIMATE STATION","17-019-1001","AQS",".","45","4","."
"08/02/2014","50","Ozone","ISWS CLIMATE STATION","17-019-1001","AQS",".","50","0","."
"08/03/2014","79","PM2.5","ISWS CLIMATE STATION","17-019-1001","AQS",".","74","1","79"
"08/04/2014","67","Ozone","ISWS CLIMATE STATION","17-019-1001","AQS",".","67","3","."
"08/05/2014","48","Ozone","Thomasboro","17-019-0007","AQS",".","48","1","."
"08/06/2014","62","PM2.5","904 North Walnut","17-019-0006","AQS",".","40","3","62"
"08/07/2014","34","Ozone","Thomasboro","17-019-0007","AQS",".","34","9","."
"08/08/2014","44","Ozone","Thomasboro","17-019-0007","AQS",".","44","1","."
"08/09/2014","62","PM2.5","904 North Walnut","17-019-0006","AQS","2","45","1","62"
"08/10/2014","36","Ozone","ISWS CLIMATE STATION","17-019-1001","AQS","2","36","3","."
"08/11/2014","46","Ozone","ISWS CLIMATE STATION","17-019-1001","AQS","2","46","1","."
"08/12/2014","31","Ozone","ISWS CLIMATE STATION","17-019-1001","AQS","2","31","0","30"
"08/13/2014","34","Ozone","ISWS CLIMATE STATION","17-019-1001","AQS","2","34","1","."
"08/14/2014","37","Ozone","ISWS CLIMATE STATION","17-019-1001","AQS","2","37","1","."
"08/15/2014","39","Ozone","Thomasboro","17-019-0007","AQS","2","39","1","28"
"08/16/2014","33","Ozone","ISWS CLIMATE STATION","17-019-1001","AQS","2","33","3","."
"08/17/2014","36","Ozone","ISWS CLIMATE STATION","17-019-1001","AQS","2","36","1","."
"08/18/2014","58","PM2.5","904 North Walnut","17-019-0006","AQS","2","39","1","58"
"08/19/2014","40","Ozone","Thomasboro","17-019-0007","AQS","2","40","1","."
"08/20/2014","31","Ozone","ISWS CLIMATE STATION","17-019-1001","AQS","1","31","0","."
"08/21/2014","79","PM2.5","904 North Walnut","17-019-0006","AQS","1","38","4","79"
"08/22/2014","34","Ozone","ISWS CLIMATE STATION","17-019-1001","AQS","1","34","0","."
"08/23/2014","32","Ozone","ISWS CLIMATE STATION","17-019-1001","AQS",".","32","1","."
"08/24/2014","54","PM2.5","904 North Walnut","17-019-0006","AQS",".","35","4","54"
"08/25/2014","44","Ozone","Thomasboro","17-019-0007","AQS",".","44","4","."
"08/26/2014","41","Ozone","ISWS CLIMATE STATION","17-019-1001","AQS",".","41","4","."
"08/27/2014","43","PM2.5","ISWS CLIMATE STATION","17-019-1001","AQS","2","39","3","43"
"08/28/2014","42","Ozone","Thomasboro","17-019-0007","AQS","2","42","1","."
"08/29/2014","45","Ozone","ISWS CLIMATE STATION","17-019-1001","AQS","2","45","11","."
"08/30/2014","43","PM2.5","904 North Walnut","17-019-0006","AQS","2","35","0","43"
"08/31/2014","37","Ozone","Thomasboro","17-019-0007","AQS","1","37","4","."
"09/01/2014","44","Ozone","ISWS CLIMATE STATION","17-019-1001","AQS","1","44","4","."
"09/02/2014","35","Ozone","Thomasboro","17-019-0007","AQS","1","35","1","21"
"09/03/2014","43","Ozone","ISWS CLIMATE STATION","17-019-1001","AQS","1","43","1","."
"09/04/2014","41","Ozone","ISWS CLIMATE STATION","17-019-1001","AQS","1","41","10","."
"09/05/2014","50","PM2.5","ISWS CLIMATE STATION","17-019-1001","AQS","1","42","4","50"
"09/06/2014","26","Ozone","ISWS CLIMATE STATION","17-019-1001","AQS","1","26","0","."
"09/07/2014","41","Ozone","ISWS CLIMATE STATION","17-019-1001","AQS","2","41","3","."
"09/08/2014","44","Ozone","Thomasboro","17-019-0007","AQS",".","44",".","43"
"09/09/2014","28","Ozone","Thomasboro","17-019-0007","AQS",".","28",".","."
"09/10/2014","23","Ozone","Thomasboro","17-019-0007","AQS",".","23",".","."
"09/11/2014","23","PM2.5","ISWS CLIMATE STATION","17-019-1001","AQS",".","15",".","23"
"09/12/2014","19","Ozone","ISWS CLIMATE STATION","17-019-1001","AQS",".","19",".","."
"09/13/2014","30","Ozone","Thomasboro","17-019-0007","AQS",".","30",".","."
"09/14/2014","40","Ozone","ISWS CLIMATE STATION","17-019-1001","AQS",".","40",".","24"
"09/15/2014","23","Ozone","ISWS CLIMATE STATION","17-019-1001","AQS",".","23",".","."
"09/16/2014","38","Ozone","ISWS CLIMATE STATION","17-019-1001","AQS",".","38",".","."
"09/17/2014","53","PM2.5","904 North Walnut","17-019-0006","AQS","2","41",".","53"
"09/18/2014","48","Ozone","ISWS CLIMATE STATION","17-019-1001","AQS",".","48",".","."
"09/19/2014","58","Ozone","ISWS CLIMATE STATION","17-019-1001","AQS",".","58",".","."
"09/20/2014","55","PM2.5","904 North Walnut","17-019-0006","AQS",".","40",".","55"
"09/21/2014","31","Ozone","ISWS CLIMATE STATION","17-019-1001","AQS",".","31",".","."
"09/22/2014","33","Ozone","ISWS CLIMATE STATION","17-019-1001","AQS",".","33",".","."
"09/23/2014","42","Ozone","ISWS CLIMATE STATION","17-019-1001","AQS","2","42",".","35"
"09/24/2014","47","Ozone","ISWS CLIMATE STATION","17-019-1001","AQS","2","47","3","."
"09/25/2014","61","Ozone","ISWS CLIMATE STATION","17-019-1001","AQS","2","61","3","."
"09/26/2014","97","Ozone","ISWS CLIMATE STATION","17-019-1001","AQS","2","97","4","53"
"09/27/2014","67","Ozone","ISWS CLIMATE STATION","17-019-1001","AQS","2","67","1","."
"09/28/2014","71","Ozone","ISWS CLIMATE STATION","17-019-1001","AQS",".","71","1","."
"09/29/2014","77","Ozone","ISWS CLIMATE STATION","17-019-1001","AQS",".","77","3","56"
"09/30/2014","32","Ozone","ISWS CLIMATE STATION","17-019-1001","AQS",".","32","0","."
"10/01/2014","61","Ozone","ISWS CLIMATE STATION","17-019-1001","AQS",".","61","1","."
"10/02/2014","52","PM2.5","ISWS CLIMATE STATION","17-019-1001","AQS",".","29",".","52"
"10/03/2014","23","Ozone","ISWS CLIMATE STATION","17-019-1001","AQS",".","23","1","."
"10/04/2014","20","Ozone","ISWS CLIMATE STATION","17-019-1001","AQS",".","20","0","."
"10/05/2014","31","Ozone","ISWS CLIMATE STATION","17-019-1001","AQS",".","31","1","19"
"10/06/2014","31","Ozone","ISWS CLIMATE STATION","17-019-1001","AQS",".","31","0","."
"10/07/2014","39","Ozone","ISWS CLIMATE STATION","17-019-1001","AQS","1","39","0","."
"10/08/2014","39","Ozone","ISWS CLIMATE STATION","17-019-1001","AQS","1","39","1","28"
"10/09/2014","26","Ozone","ISWS CLIMATE STATION","17-019-1001","AQS","2","26","0","."
"10/10/2014","27","Ozone","ISWS CLIMATE STATION","17-019-1001","AQS","2","27","0","."
"10/11/2014","33","Ozone","ISWS CLIMATE STATION","17-019-1001","AQS","2","33","0","23"
"10/12/2014","18","Ozone","Thomasboro","17-019-0007","AQS","2","18","4","."
"10/13/2014","26","Ozone","Thomasboro","17-019-0007","AQS","2","26","0","."
"10/14/2014","27","Ozone","Thomasboro","17-019-0007","AQS","1","27","0","13"
"10/15/2014","17","Ozone","ISWS CLIMATE STATION","17-019-1001","AQS","2","17","0","."
"10/16/2014","19","Ozone","ISWS CLIMATE STATION","17-019-1001","AQS","1","19","6","."
"10/17/2014","28","PM2.5","904 North Walnut","17-019-0006","AQS","1","25","1","28"
"10/18/2014","19","Ozone","ISWS CLIMATE STATION","17-019-1001","AQS","1","19","0","."
"10/19/2014","25","Ozone","ISWS CLIMATE STATION","17-019-1001","AQS","1","25","3","."
"10/20/2014","33","Ozone","ISWS CLIMATE STATION","17-019-1001","AQS","1","33","1","30"
"10/21/2014","24","Ozone","ISWS CLIMATE STATION","17-019-1001","AQS","2","24","0","."
"10/22/2014","32","Ozone","ISWS CLIMATE STATION","17-019-1001","AQS","1","32","0","."
"10/23/2014","40","PM2.5","904 North Walnut","17-019-0006","AQS","2","29","7","40"
"10/24/2014","32","Ozone","ISWS CLIMATE STATION","17-019-1001","AQS","2","32","4","."
"10/25/2014","38","Ozone","ISWS CLIMATE STATION","17-019-1001","AQS","2","38","0","."
"10/26/2014","37","Ozone","ISWS CLIMATE STATION","17-019-1001","AQS","2","37","1","20"
"10/27/2014","42","Ozone","ISWS CLIMATE STATION","17-019-1001","AQS","2","42","7","."
"10/28/2014","30","Ozone","ISWS CLIMATE STATION","17-019-1001","AQS","1","30","0","."
"10/29/2014","23","PM2.5","904 North Walnut","17-019-0006","AQS","1","19","0","23"
"10/30/2014","21","Ozone","ISWS CLIMATE STATION","17-019-1001","AQS","1","21","3","."
"10/31/2014","28","Ozone","ISWS CLIMATE STATION","17-019-1001","AQS","1","28","0","."
"11/01/2014","31","Ozone","Thomasboro","17-019-0007","AQS","2","31","0","19"
"11/02/2014","31","Ozone","ISWS CLIMATE STATION","17-019-1001","AQS","2","31","17","."
"11/03/2014","38","Ozone","ISWS CLIMATE STATION","17-019-1001","AQS","2","38","4","."
"11/04/2014","38","PM2.5","ISWS CLIMATE STATION","17-019-1001","AQS","2","28","0","38"
"11/05/2014","27","Ozone","ISWS CLIMATE STATION","17-019-1001","AQS","1","27","1","."
"11/06/2014","22","Ozone","ISWS CLIMATE STATION","17-019-1001","AQS",".","22","0","."
"11/07/2014","27","Ozone","ISWS CLIMATE STATION","17-019-1001","AQS","2","27","10","24"
"11/08/2014","18","Ozone","ISWS CLIMATE STATION","17-019-1001","AQS","2","18","0","."
"11/09/2014","23","Ozone","Thomasboro","17-019-0007","AQS","1","23","1","."
"11/10/2014","46","PM2.5","ISWS CLIMATE STATION","17-019-1001","AQS","2","32","19","46"
"11/11/2014","20","Ozone","Thomasboro","17-019-0007","AQS","1","20","0","."
"11/12/2014","23","Ozone","ISWS CLIMATE STATION","17-019-1001","AQS","1","23","0","."
"11/13/2014","54","PM2.5","904 North Walnut","17-019-0006","AQS","1","20","0","54"
"11/14/2014","25","Ozone","ISWS CLIMATE STATION","17-019-1001","AQS","2","25","0","."
"11/15/2014","26","Ozone","ISWS CLIMATE STATION","17-019-1001","AQS","2","26","4","."
"11/16/2014","72","PM2.5","ISWS CLIMATE STATION","17-019-1001","AQS","2","19","3","72"
"11/17/2014","30","Ozone","ISWS CLIMATE STATION","17-019-1001","AQS","1","30","1","."
"11/18/2014","31","Ozone","ISWS CLIMATE STATION","17-019-1001","AQS","1","31","3","."
"11/19/2014","38","PM2.5","ISWS CLIMATE STATION","17-019-1001","AQS","1","25","6","38"
"11/20/2014","31","Ozone","ISWS CLIMATE STATION","17-019-1001","AQS","1","31","0","."
"11/21/2014","25","Ozone","ISWS CLIMATE STATION","17-019-1001","AQS","2","25","11","."
"11/22/2014","72","PM2.5","904 North Walnut","17-019-0006","AQS","2","29","6","72"
"11/23/2014","24","Ozone","ISWS CLIMATE STATION","17-019-1001","AQS","2","24","4","."
"11/24/2014","15","Ozone","ISWS CLIMATE STATION","17-019-1001","AQS","1","15","0","."
"11/25/2014","52","PM2.5","ISWS CLIMATE STATION","17-019-1001","AQS","2","21","0","52"
"11/26/2014","19","Ozone","ISWS CLIMATE STATION","17-019-1001","AQS","1","19","0","."
"11/27/2014","22","Ozone","ISWS CLIMATE STATION","17-019-1001","AQS","2","22","0","."
"11/28/2014","60","PM2.5","904 North Walnut","17-019-0006","AQS","1","22","9","60"
"11/29/2014","28","Ozone","ISWS CLIMATE STATION","17-019-1001","AQS","2","28","1","."
"11/30/2014","21","Ozone","ISWS CLIMATE STATION","17-019-1001","AQS","2","21","0","."
"12/01/2014","44","PM2.5","ISWS CLIMATE STATION","17-019-1001","AQS","2","26","1","44"
"12/02/2014","17","Ozone","ISWS CLIMATE STATION","17-019-1001","AQS","2","17","3","."
"12/03/2014","20","Ozone","ISWS CLIMATE STATION","17-019-1001","AQS","2","20","1","."
"12/04/2014","52","PM2.5","ISWS CLIMATE STATION","17-019-1001","AQS","2","15","0","52"
"12/05/2014","4","Ozone","ISWS CLIMATE STATION","17-019-1001","AQS","2","4","0","."
"12/06/2014","19","Ozone","ISWS CLIMATE STATION","17-019-1001","AQS","5","19","3","."
"12/07/2014","72","PM2.5","904 North Walnut","17-019-0006","AQS","2","21","0","72"
"12/08/2014","17","Ozone","ISWS CLIMATE STATION","17-019-1001","AQS","2","17","3","."
"12/09/2014","19","Ozone","ISWS CLIMATE STATION","17-019-1001","AQS","2","19","0","."
"12/10/2014","26","Ozone","ISWS CLIMATE STATION","17-019-1001","AQS","2","26","0","20"
"12/11/2014","22","Ozone","ISWS CLIMATE STATION","17-019-1001","AQS","2","22","3","."
"12/12/2014","19","Ozone","Thomasboro","17-019-0007","AQS","2","19","0","."
"12/13/2014","69","PM2.5","904 North Walnut","17-019-0006","AQS","2","14","1","69"
"12/14/2014","20","Ozone","ISWS CLIMATE STATION","17-019-1001","AQS","2","20","3","."
"12/15/2014","21","Ozone","ISWS CLIMATE STATION","17-019-1001","AQS","2","21","1","."
"12/16/2014","24","PM2.5","904 North Walnut","17-019-0006","AQS","1","16","0","24"
"12/17/2014","16","Ozone","ISWS CLIMATE STATION","17-019-1001","AQS","1","16","1","."
"12/18/2014","14","Ozone","ISWS CLIMATE STATION","17-019-1001","AQS","1","14","0","."
"12/19/2014","54","PM2.5","904 North Walnut","17-019-0006","AQS","2","19","0","54"
"12/20/2014","19","Ozone","Thomasboro","17-019-0007","AQS","2","19","11","."
"12/21/2014","15","Ozone","Thomasboro","17-019-0007","AQS","2","15","10","."
"12/22/2014","58","PM2.5","ISWS CLIMATE STATION","17-019-1001","AQS","2","18","6","58"
"12/23/2014","18","Ozone","ISWS CLIMATE STATION","17-019-1001","AQS","2","18","3","."
"12/24/2014","23","Ozone","Thomasboro","17-019-0007","AQS","2","23","0","."
"12/25/2014","25","Ozone","ISWS CLIMATE STATION","17-019-1001","AQS","1","25","6","18"
"12/26/2014","27","Ozone","ISWS CLIMATE STATION","17-019-1001","AQS","1","27","3","."
"12/27/2014","19","Ozone","Thomasboro","17-019-0007","AQS","2","19","0","."
"12/28/2014","26","PM2.5","904 North Walnut","17-019-0006","AQS","2","22","0","26"
"12/29/2014","25","Ozone","ISWS CLIMATE STATION","17-019-1001","AQS","2","25","3","."
"12/30/2014","24","Ozone","ISWS CLIMATE STATION","17-019-1001","AQS","2","24","0","."
"12/31/2014","25","Ozone","ISWS CLIMATE STATION","17-019-1001","AQS","2","25","3","23"
