"Date","Overall AQI Value","Main Pollutant","Site Name (of Overall AQI)","Site ID (of Overall AQI)","Source (of Overall AQI)","Ozone","SO2","PM10","PM25"
"01/01/1999","22","Ozone","BOOKER T. WASHINGTON ES","17-019-0004","AQS","22","16",".","."
"01/02/1999","37","SO2","BOOKER T. WASHINGTON ES","17-019-0004","AQS","30","37",".","."
"01/03/1999","34","Ozone","ISWS CLIMATE STATION","17-019-1001","AQS","34","7",".","."
"01/04/1999","29","Ozone","ISWS CLIMATE STATION","17-019-1001","AQS","29","4",".","."
"01/05/1999","33","SO2","BOOKER T. WASHINGTON ES","17-019-0004","AQS","26","33",".","."
"01/06/1999","27","Ozone","ISWS CLIMATE STATION","17-019-1001","AQS","27","24","19","."
"01/07/1999","25","Ozone","ISWS CLIMATE STATION","17-019-1001","AQS","25","24",".","."
"01/08/1999","22","Ozone","ISWS CLIMATE STATION","17-019-1001","AQS","22","20",".","."
"01/09/1999","24","Ozone","ISWS CLIMATE STATION","17-019-1001","AQS","24","16",".","."
"01/10/1999","31","Ozone","ISWS CLIMATE STATION","17-019-1001","AQS","31","29",".","."
"01/11/1999","29","Ozone","ISWS CLIMATE STATION","17-019-1001","AQS","29","23",".","."
"01/12/1999","21","Ozone","ISWS CLIMATE STATION","17-019-1001","AQS","21","14","10","."
"01/13/1999","29","Ozone","ISWS CLIMATE STATION","17-019-1001","AQS","29","11",".","."
"01/14/1999","29","Ozone","ISWS CLIMATE STATION","17-019-1001","AQS","29","11",".","."
"01/15/1999","27","SO2","BOOKER T. WASHINGTON ES","17-019-0004","AQS","19","27",".","."
"01/16/1999","24","SO2","BOOKER T. WASHINGTON ES","17-019-0004","AQS","21","24",".","."
"01/17/1999","20","Ozone","ISWS CLIMATE STATION","17-019-1001","AQS","20","11",".","."
"01/18/1999","35","Ozone","ISWS CLIMATE STATION","17-019-1001","AQS","35","3","7","."
"01/19/1999","25","Ozone","ISWS CLIMATE STATION","17-019-1001","AQS","25","13",".","."
"01/20/1999","17","Ozone","BOOKER T. WASHINGTON ES","17-019-0004","AQS","17","9",".","."
"01/21/1999","26","Ozone","BOOKER T. WASHINGTON ES","17-019-0004","AQS","26","13",".","."
"01/22/1999","26","Ozone","BOOKER T. WASHINGTON ES","17-019-0004","AQS","26","1",".","."
"01/23/1999","31","Ozone","ISWS CLIMATE STATION","17-019-1001","AQS","31","3",".","."
"01/24/1999","32","Ozone","ISWS CLIMATE STATION","17-019-1001","AQS","32","9","7","."
"01/25/1999","26","Ozone","ISWS CLIMATE STATION","17-019-1001","AQS","26","17",".","."
"01/26/1999","25","Ozone","ISWS CLIMATE STATION","17-019-1001","AQS","25","20",".","."
"01/27/1999","36","Ozone","ISWS CLIMATE STATION","17-019-1001","AQS","36","19",".","."
"01/28/1999","81","PM2.5","ISWS CLIMATE STATION","17-019-1001","AQS","24","4",".","81"
"01/29/1999","23","Ozone","ISWS CLIMATE STATION","17-019-1001","AQS","23","9",".","."
"01/30/1999","80","PM2.5","ISWS CLIMATE STATION","17-019-1001","AQS","27","9","19","80"
"01/31/1999","21","Ozone","BOOKER T. WASHINGTON ES","17-019-0004","AQS","21","13",".","."
"02/01/1999","16","SO2","BOOKER T. WASHINGTON ES","17-019-0004","AQS","13","16",".","."
"02/02/1999","31","Ozone","ISWS CLIMATE STATION","17-019-1001","AQS","31","6",".","."
"02/03/1999","28","Ozone","ISWS CLIMATE STATION","17-019-1001","AQS","28","14",".","."
"02/04/1999","31","Ozone","ISWS CLIMATE STATION","17-019-1001","AQS","31","10",".","."
"02/05/1999","50","PM2.5","ISWS CLIMATE STATION","17-019-1001","AQS","20","17","15","50"
"02/06/1999","27","Ozone","ISWS CLIMATE STATION","17-019-1001","AQS","27","3",".","."
"02/07/1999","29","Ozone","ISWS CLIMATE STATION","17-019-1001","AQS","29","1",".","."
"02/08/1999","31","Ozone","ISWS CLIMATE STATION","17-019-1001","AQS","31","1",".","."
"02/09/1999","36","Ozone","ISWS CLIMATE STATION","17-019-1001","AQS","36","3",".","."
"02/10/1999","28","Ozone","ISWS CLIMATE STATION","17-019-1001","AQS","28","3",".","."
"02/11/1999","54","PM2.5","ISWS CLIMATE STATION","17-019-1001","AQS","31","1","18","54"
"02/12/1999","31","Ozone","ISWS CLIMATE STATION","17-019-1001","AQS","31","1",".","."
"02/13/1999","31","Ozone","ISWS CLIMATE STATION","17-019-1001","AQS","31","1",".","."
"02/14/1999","30","Ozone","ISWS CLIMATE STATION","17-019-1001","AQS","30","1",".","."
"02/15/1999","36","Ozone","ISWS CLIMATE STATION","17-019-1001","AQS","36","4",".","."
"02/16/1999","27","Ozone","ISWS CLIMATE STATION","17-019-1001","AQS","27","1",".","."
"02/17/1999","55","PM2.5","ISWS CLIMATE STATION","17-019-1001","AQS","27","1","32","55"
"02/18/1999","19","Ozone","BOOKER T. WASHINGTON ES","17-019-0004","AQS","19","1",".","."
"02/19/1999","27","Ozone","BOOKER T. WASHINGTON ES","17-019-0004","AQS","27","1",".","."
"02/20/1999","33","Ozone","ISWS CLIMATE STATION","17-019-1001","AQS","33","1",".","."
"02/21/1999","34","Ozone","BOOKER T. WASHINGTON ES","17-019-0004","AQS","34","1",".","."
"02/22/1999","33","Ozone","ISWS CLIMATE STATION","17-019-1001","AQS","33","10",".","."
"02/23/1999","24","Ozone","ISWS CLIMATE STATION","17-019-1001","AQS","24","3","17","."
"02/24/1999","19","Ozone","ISWS CLIMATE STATION","17-019-1001","AQS","19","1",".","."
"02/25/1999","36","Ozone","ISWS CLIMATE STATION","17-019-1001","AQS","36","1",".","."
"02/26/1999","24","Ozone","BOOKER T. WASHINGTON ES","17-019-0004","AQS","24","4",".","."
"02/27/1999","26","Ozone","ISWS CLIMATE STATION","17-019-1001","AQS","26","3",".","."
"02/28/1999","30","Ozone","ISWS CLIMATE STATION","17-019-1001","AQS","30","1",".","."
"03/01/1999","49","PM2.5","ISWS CLIMATE STATION","17-019-1001","AQS","35","1","14","49"
"03/02/1999","31","Ozone","ISWS CLIMATE STATION","17-019-1001","AQS","31","1",".","."
"03/03/1999","32","Ozone","ISWS CLIMATE STATION","17-019-1001","AQS","32","1",".","."
"03/04/1999","35","Ozone","ISWS CLIMATE STATION","17-019-1001","AQS","35","3",".","."
"03/05/1999","26","Ozone","ISWS CLIMATE STATION","17-019-1001","AQS","26","6",".","."
"03/06/1999","39","Ozone","ISWS CLIMATE STATION","17-019-1001","AQS","39","1",".","."
"03/07/1999","42","Ozone","ISWS CLIMATE STATION","17-019-1001","AQS","42","3","8","."
"03/08/1999","23","Ozone","BOOKER T. WASHINGTON ES","17-019-0004","AQS","23","7",".","."
"03/09/1999","25","Ozone","ISWS CLIMATE STATION","17-019-1001","AQS","25","1",".","."
"03/10/1999","44","Ozone","BOOKER T. WASHINGTON ES","17-019-0004","AQS","44","1",".","."
"03/11/1999","47","Ozone","ISWS CLIMATE STATION","17-019-1001","AQS","47","3",".","."
"03/12/1999","43","Ozone","ISWS CLIMATE STATION","17-019-1001","AQS","43","3",".","."
"03/13/1999","59","PM2.5","ISWS CLIMATE STATION","17-019-1001","AQS","40","7","16","59"
"03/14/1999","42","Ozone","ISWS CLIMATE STATION","17-019-1001","AQS","42","3",".","."
"03/15/1999","97","Ozone","ISWS CLIMATE STATION","17-019-1001","AQS","97","4",".","."
"03/16/1999","61","Ozone","ISWS CLIMATE STATION","17-019-1001","AQS","61","21",".","."
"03/17/1999","67","Ozone","ISWS CLIMATE STATION","17-019-1001","AQS","67","29",".","."
"03/18/1999","47","Ozone","ISWS CLIMATE STATION","17-019-1001","AQS","47","1",".","."
"03/19/1999","68","PM2.5","ISWS CLIMATE STATION","17-019-1001","AQS","33","3","19","68"
"03/20/1999","34","Ozone","BOOKER T. WASHINGTON ES","17-019-0004","AQS","34","7",".","."
"03/21/1999","40","Ozone","BOOKER T. WASHINGTON ES","17-019-0004","AQS","40","3",".","."
"03/22/1999","44","Ozone","ISWS CLIMATE STATION","17-019-1001","AQS","44","3",".","."
"03/23/1999","45","Ozone","ISWS CLIMATE STATION","17-019-1001","AQS","45","4",".","."
"03/24/1999","43","Ozone","ISWS CLIMATE STATION","17-019-1001","AQS","43","1",".","."
"03/25/1999","37","Ozone","ISWS CLIMATE STATION","17-019-1001","AQS","37","3","19","."
"03/26/1999","43","Ozone","ISWS CLIMATE STATION","17-019-1001","AQS","43","1",".","."
"03/27/1999","44","Ozone","ISWS CLIMATE STATION","17-019-1001","AQS","44","17",".","."
"03/28/1999","39","Ozone","ISWS CLIMATE STATION","17-019-1001","AQS","39","14",".","."
"03/29/1999","48","Ozone","ISWS CLIMATE STATION","17-019-1001","AQS","48","3",".","."
"03/30/1999","61","Ozone","ISWS CLIMATE STATION","17-019-1001","AQS","61","6",".","."
"03/31/1999","43","Ozone","ISWS CLIMATE STATION","17-019-1001","AQS","43","4","32","."
"04/01/1999","38","Ozone","ISWS CLIMATE STATION","17-019-1001","AQS","38","3",".","."
"04/02/1999","44","Ozone","ISWS CLIMATE STATION","17-019-1001","AQS","44","4",".","."
"04/03/1999","33","Ozone","ISWS CLIMATE STATION","17-019-1001","AQS","33","1",".","."
"04/04/1999","40","Ozone","ISWS CLIMATE STATION","17-019-1001","AQS","40","3",".","."
"04/05/1999","35","Ozone","ISWS CLIMATE STATION","17-019-1001","AQS","35","3",".","."
"04/06/1999","44","Ozone","ISWS CLIMATE STATION","17-019-1001","AQS","44","3",".","."
"04/07/1999","61","Ozone","ISWS CLIMATE STATION","17-019-1001","AQS","61","11",".","."
"04/08/1999","47","Ozone","ISWS CLIMATE STATION","17-019-1001","AQS","47","7",".","."
"04/09/1999","38","Ozone","ISWS CLIMATE STATION","17-019-1001","AQS","38","3",".","."
"04/10/1999","43","Ozone","BOOKER T. WASHINGTON ES","17-019-0004","AQS","43","4","24","."
"04/11/1999","38","Ozone","ISWS CLIMATE STATION","17-019-1001","AQS","38","1",".","."
"04/12/1999","58","PM2.5","ISWS CLIMATE STATION","17-019-1001","AQS","39","3",".","58"
"04/13/1999","48","Ozone","ISWS CLIMATE STATION","17-019-1001","AQS","48","1","28","."
"04/14/1999","49","Ozone","ISWS CLIMATE STATION","17-019-1001","AQS","49","13",".","."
"04/15/1999","41","Ozone","ISWS CLIMATE STATION","17-019-1001","AQS","41","1",".","."
"04/16/1999","35","Ozone","ISWS CLIMATE STATION","17-019-1001","AQS","35","1",".","."
"04/17/1999","28","Ozone","ISWS CLIMATE STATION","17-019-1001","AQS","28","1",".","."
"04/18/1999","41","Ozone","ISWS CLIMATE STATION","17-019-1001","AQS","41","1","12","38"
"04/19/1999","45","Ozone","ISWS CLIMATE STATION","17-019-1001","AQS","45","1",".","."
"04/20/1999","44","Ozone","ISWS CLIMATE STATION","17-019-1001","AQS","44","1",".","."
"04/21/1999","54","Ozone","ISWS CLIMATE STATION","17-019-1001","AQS","54","1",".","."
"04/22/1999","49","Ozone","ISWS CLIMATE STATION","17-019-1001","AQS","49","3",".","."
"04/23/1999","33","Ozone","ISWS CLIMATE STATION","17-019-1001","AQS","33","1",".","."
"04/24/1999","51","Ozone","ISWS CLIMATE STATION","17-019-1001","AQS","51","3","8","26"
"04/25/1999","50","Ozone","ISWS CLIMATE STATION","17-019-1001","AQS","50","7",".","."
"04/26/1999","40","Ozone","ISWS CLIMATE STATION","17-019-1001","AQS","40","11",".","."
"04/27/1999","41","Ozone","ISWS CLIMATE STATION","17-019-1001","AQS","41","1",".","."
"04/28/1999","38","Ozone","ISWS CLIMATE STATION","17-019-1001","AQS","38","1",".","."
"04/29/1999","74","Ozone","ISWS CLIMATE STATION","17-019-1001","AQS","74","3",".","."
"04/30/1999","71","Ozone","ISWS CLIMATE STATION","17-019-1001","AQS","71","3","19","28"
"05/01/1999","108","Ozone","ISWS CLIMATE STATION","17-019-1001","AQS","108","4",".","."
"05/02/1999","150","Ozone","ISWS CLIMATE STATION","17-019-1001","AQS","150","10",".","."
"05/03/1999","108","Ozone","ISWS CLIMATE STATION","17-019-1001","AQS","108","10",".","."
"05/04/1999","122","Ozone","ISWS CLIMATE STATION","17-019-1001","AQS","122","10",".","."
"05/05/1999","45","Ozone","ISWS CLIMATE STATION","17-019-1001","AQS","45","1",".","."
"05/06/1999","47","Ozone","ISWS CLIMATE STATION","17-019-1001","AQS","47","3","15","26"
"05/07/1999","39","Ozone","ISWS CLIMATE STATION","17-019-1001","AQS","39","3",".","."
"05/08/1999","41","Ozone","ISWS CLIMATE STATION","17-019-1001","AQS","41","1",".","."
"05/09/1999","48","Ozone","ISWS CLIMATE STATION","17-019-1001","AQS","48","3",".","."
"05/10/1999","147","Ozone","ISWS CLIMATE STATION","17-019-1001","AQS","147","6",".","."
"05/11/1999","140","Ozone","ISWS CLIMATE STATION","17-019-1001","AQS","140","7",".","."
"05/12/1999","140","Ozone","ISWS CLIMATE STATION","17-019-1001","AQS","140","3","32","63"
"05/13/1999","43","Ozone","ISWS CLIMATE STATION","17-019-1001","AQS","43","1",".","."
"05/14/1999","54","Ozone","ISWS CLIMATE STATION","17-019-1001","AQS","54","1",".","."
"05/15/1999","74","Ozone","ISWS CLIMATE STATION","17-019-1001","AQS","74","4",".","."
"05/16/1999","74","Ozone","ISWS CLIMATE STATION","17-019-1001","AQS","74","1",".","."
"05/17/1999","64","Ozone","ISWS CLIMATE STATION","17-019-1001","AQS","64","3",".","."
"05/18/1999","46","Ozone","ISWS CLIMATE STATION","17-019-1001","AQS","46","3","9","23"
"05/19/1999","84","Ozone","ISWS CLIMATE STATION","17-019-1001","AQS","84","1",".","."
"05/20/1999","129","Ozone","ISWS CLIMATE STATION","17-019-1001","AQS","129","13",".","."
"05/21/1999","101","Ozone","ISWS CLIMATE STATION","17-019-1001","AQS","101","4",".","."
"05/22/1999","129","Ozone","ISWS CLIMATE STATION","17-019-1001","AQS","129","1",".","."
"05/23/1999","51","Ozone","ISWS CLIMATE STATION","17-019-1001","AQS","51","1",".","."
"05/24/1999","43","Ozone","ISWS CLIMATE STATION","17-019-1001","AQS","43","1","11","24"
"05/25/1999","51","Ozone","ISWS CLIMATE STATION","17-019-1001","AQS","51","1",".","."
"05/26/1999","43","Ozone","ISWS CLIMATE STATION","17-019-1001","AQS","43","3",".","."
"05/27/1999","97","Ozone","ISWS CLIMATE STATION","17-019-1001","AQS","97","6",".","."
"05/28/1999","136","Ozone","ISWS CLIMATE STATION","17-019-1001","AQS","136","11",".","."
"05/29/1999","174","Ozone","ISWS CLIMATE STATION","17-019-1001","AQS","174","11",".","."
"05/30/1999","136","Ozone","ISWS CLIMATE STATION","17-019-1001","AQS","136","6","27","72"
"05/31/1999","44","Ozone","ISWS CLIMATE STATION","17-019-1001","AQS","44","1",".","."
"06/01/1999","51","Ozone","ISWS CLIMATE STATION","17-019-1001","AQS","51","1",".","."
"06/02/1999","39","Ozone","ISWS CLIMATE STATION","17-019-1001","AQS","39","1",".","."
"06/03/1999","54","Ozone","ISWS CLIMATE STATION","17-019-1001","AQS","54","1",".","."
"06/04/1999","100","Ozone","ISWS CLIMATE STATION","17-019-1001","AQS","100","4",".","."
"06/05/1999","61","Ozone","BOOKER T. WASHINGTON ES","17-019-0004","AQS","61","3","11","53"
"06/06/1999","74","Ozone","BOOKER T. WASHINGTON ES","17-019-0004","AQS","74","1",".","."
"06/07/1999","105","Ozone","ISWS CLIMATE STATION","17-019-1001","AQS","105","3",".","."
"06/08/1999","129","Ozone","BOOKER T. WASHINGTON ES","17-019-0004","AQS","129","3",".","."
"06/09/1999","108","Ozone","ISWS CLIMATE STATION","17-019-1001","AQS","108","3",".","."
"06/10/1999","156","Ozone","ISWS CLIMATE STATION","17-019-1001","AQS","156","4",".","."
"06/11/1999","126","Ozone","BOOKER T. WASHINGTON ES","17-019-0004","AQS","126","4","39","87"
"06/12/1999","77","Ozone","ISWS CLIMATE STATION","17-019-1001","AQS","77","1",".","."
"06/13/1999","47","Ozone","ISWS CLIMATE STATION","17-019-1001","AQS","47","1",".","."
"06/14/1999","49","Ozone","ISWS CLIMATE STATION","17-019-1001","AQS","49","1",".","."
"06/15/1999","44","Ozone","ISWS CLIMATE STATION","17-019-1001","AQS","44","3",".","."
"06/16/1999","45","Ozone","ISWS CLIMATE STATION","17-019-1001","AQS","45","1",".","."
"06/17/1999","44","Ozone","ISWS CLIMATE STATION","17-019-1001","AQS","44","3","16","31"
"06/18/1999","67","Ozone","ISWS CLIMATE STATION","17-019-1001","AQS","67","3",".","."
"06/19/1999","97","Ozone","ISWS CLIMATE STATION","17-019-1001","AQS","97","37",".","."
"06/20/1999","133","Ozone","ISWS CLIMATE STATION","17-019-1001","AQS","133","4",".","."
"06/21/1999","133","Ozone","ISWS CLIMATE STATION","17-019-1001","AQS","133","4",".","."
"06/22/1999","147","Ozone","ISWS CLIMATE STATION","17-019-1001","AQS","147","4",".","."
"06/23/1999","105","PM2.5","ISWS CLIMATE STATION","17-019-1001","AQS","90","4","44","105"
"06/24/1999","50","Ozone","ISWS CLIMATE STATION","17-019-1001","AQS","50","1",".","."
"06/25/1999","84","Ozone","BOOKER T. WASHINGTON ES","17-019-0004","AQS","84","3",".","."
"06/26/1999","54","Ozone","ISWS CLIMATE STATION","17-019-1001","AQS","54","3",".","."
"06/27/1999","51","Ozone","BOOKER T. WASHINGTON ES","17-019-0004","AQS","51","1",".","."
"06/28/1999","45","Ozone","BOOKER T. WASHINGTON ES","17-019-0004","AQS","45","1",".","."
"06/29/1999","42","Ozone","BOOKER T. WASHINGTON ES","17-019-0004","AQS","42","3","10","36"
"06/30/1999","54","Ozone","BOOKER T. WASHINGTON ES","17-019-0004","AQS","54","6",".","."
"07/01/1999","45","Ozone","ISWS CLIMATE STATION","17-019-1001","AQS","45","1",".","."
"07/02/1999","50","Ozone","BOOKER T. WASHINGTON ES","17-019-0004","AQS","50","3",".","."
"07/03/1999","44","Ozone","ISWS CLIMATE STATION","17-019-1001","AQS","44","0",".","."
"07/04/1999","46","Ozone","ISWS CLIMATE STATION","17-019-1001","AQS","46","0",".","."
"07/05/1999","68","PM2.5","ISWS CLIMATE STATION","17-019-1001","AQS","47","1","24","68"
"07/06/1999","47","Ozone","BOOKER T. WASHINGTON ES","17-019-0004","AQS","47","4",".","."
"07/07/1999","84","Ozone","ISWS CLIMATE STATION","17-019-1001","AQS","84","4",".","."
"07/08/1999","140","Ozone","BOOKER T. WASHINGTON ES","17-019-0004","AQS","140","17",".","."
"07/09/1999","64","Ozone","ISWS CLIMATE STATION","17-019-1001","AQS","64","6",".","."
"07/10/1999","40","Ozone","ISWS CLIMATE STATION","17-019-1001","AQS","40","1",".","."
"07/11/1999","44","Ozone","BOOKER T. WASHINGTON ES","17-019-0004","AQS","44","1","24","23"
"07/12/1999","67","Ozone","ISWS CLIMATE STATION","17-019-1001","AQS","67","1",".","."
"07/13/1999","133","Ozone","BOOKER T. WASHINGTON ES","17-019-0004","AQS","133","105",".","."
"07/14/1999","136","Ozone","ISWS CLIMATE STATION","17-019-1001","AQS","136","13",".","."
"07/15/1999","119","Ozone","ISWS CLIMATE STATION","17-019-1001","AQS","119","4",".","."
"07/16/1999","97","Ozone","ISWS CLIMATE STATION","17-019-1001","AQS","97","7",".","."
"07/17/1999","39","Ozone","ISWS CLIMATE STATION","17-019-1001","AQS","39","1","27","."
"07/18/1999","54","Ozone","BOOKER T. WASHINGTON ES","17-019-0004","AQS","54","1",".","."
"07/19/1999","61","Ozone","BOOKER T. WASHINGTON ES","17-019-0004","AQS","61","27",".","."
"07/20/1999","54","Ozone","BOOKER T. WASHINGTON ES","17-019-0004","AQS","54","3",".","."
"07/21/1999","87","Ozone","BOOKER T. WASHINGTON ES","17-019-0004","AQS","87","4",".","."
"07/22/1999","64","Ozone","BOOKER T. WASHINGTON ES","17-019-0004","AQS","64","4",".","."
"07/23/1999","74","Ozone","BOOKER T. WASHINGTON ES","17-019-0004","AQS","74","6","25","68"
"07/24/1999","64","Ozone","ISWS CLIMATE STATION","17-019-1001","AQS","64","4",".","."
"07/25/1999","77","Ozone","BOOKER T. WASHINGTON ES","17-019-0004","AQS","77","13",".","."
"07/26/1999","87","Ozone","ISWS CLIMATE STATION","17-019-1001","AQS","87","6",".","."
"07/27/1999","84","Ozone","ISWS CLIMATE STATION","17-019-1001","AQS","84","6",".","."
"07/28/1999","46","Ozone","BOOKER T. WASHINGTON ES","17-019-0004","AQS","46","3",".","."
"07/29/1999","77","Ozone","ISWS CLIMATE STATION","17-019-1001","AQS","77","3","29","67"
"07/30/1999","87","Ozone","BOOKER T. WASHINGTON ES","17-019-0004","AQS","87","6",".","."
"07/31/1999","48","Ozone","BOOKER T. WASHINGTON ES","17-019-0004","AQS","48","11",".","."
"08/01/1999","50","Ozone","BOOKER T. WASHINGTON ES","17-019-0004","AQS","50","6",".","."
"08/02/1999","44","Ozone","ISWS CLIMATE STATION","17-019-1001","AQS","44","6",".","."
"08/03/1999","44","Ozone","BOOKER T. WASHINGTON ES","17-019-0004","AQS","44","7",".","."
"08/04/1999","46","PM2.5","ISWS CLIMATE STATION","17-019-1001","AQS","44","6","25","46"
"08/05/1999","43","Ozone","BOOKER T. WASHINGTON ES","17-019-0004","AQS","43","10",".","."
"08/06/1999","67","Ozone","ISWS CLIMATE STATION","17-019-1001","AQS","67","7",".","."
"08/07/1999","74","Ozone","ISWS CLIMATE STATION","17-019-1001","AQS","74","10",".","."
"08/08/1999","39","Ozone","ISWS CLIMATE STATION","17-019-1001","AQS","39","3",".","."
"08/09/1999","47","Ozone","BOOKER T. WASHINGTON ES","17-019-0004","AQS","47","4",".","."
"08/10/1999","65","PM2.5","ISWS CLIMATE STATION","17-019-1001","AQS","64","4","24","65"
"08/11/1999","45","Ozone","ISWS CLIMATE STATION","17-019-1001","AQS","45","4",".","."
"08/12/1999","87","Ozone","ISWS CLIMATE STATION","17-019-1001","AQS","87","4",".","."
"08/13/1999","37","Ozone","ISWS CLIMATE STATION","17-019-1001","AQS","37","3",".","."
"08/14/1999","38","Ozone","ISWS CLIMATE STATION","17-019-1001","AQS","38","3",".","."
"08/15/1999","38","Ozone","ISWS CLIMATE STATION","17-019-1001","AQS","38","4",".","."
"08/16/1999","108","Ozone","BOOKER T. WASHINGTON ES","17-019-0004","AQS","108","11","26","64"
"08/17/1999","42","Ozone","ISWS CLIMATE STATION","17-019-1001","AQS","42","6",".","."
"08/18/1999","35","Ozone","BOOKER T. WASHINGTON ES","17-019-0004","AQS","35","14",".","."
"08/19/1999","43","Ozone","ISWS CLIMATE STATION","17-019-1001","AQS","43","11",".","."
"08/20/1999","45","Ozone","ISWS CLIMATE STATION","17-019-1001","AQS","45","4",".","."
"08/21/1999","58","Ozone","ISWS CLIMATE STATION","17-019-1001","AQS","58","7",".","."
"08/22/1999","84","Ozone","ISWS CLIMATE STATION","17-019-1001","AQS","84","11","23","59"
"08/23/1999","126","Ozone","BOOKER T. WASHINGTON ES","17-019-0004","AQS","126","29",".","."
"08/24/1999","33","Ozone","ISWS CLIMATE STATION","17-019-1001","AQS","33","4",".","."
"08/25/1999","50","Ozone","ISWS CLIMATE STATION","17-019-1001","AQS","50","4",".","."
"08/26/1999","64","Ozone","ISWS CLIMATE STATION","17-019-1001","AQS","64","4",".","."
"08/27/1999","67","Ozone","ISWS CLIMATE STATION","17-019-1001","AQS","67","3",".","."
"08/28/1999","95","PM2.5","ISWS CLIMATE STATION","17-019-1001","AQS","90","13",".","95"
"08/29/1999","46","Ozone","ISWS CLIMATE STATION","17-019-1001","AQS","46","7",".","."
"08/30/1999","36","Ozone","ISWS CLIMATE STATION","17-019-1001","AQS","36","7",".","."
"08/31/1999","50","Ozone","ISWS CLIMATE STATION","17-019-1001","AQS","50","24",".","."
"09/01/1999","154","Ozone","ISWS CLIMATE STATION","17-019-1001","AQS","154","21",".","."
"09/02/1999","197","Ozone","ISWS CLIMATE STATION","17-019-1001","AQS","197","27",".","."
"09/03/1999","166","Ozone","ISWS CLIMATE STATION","17-019-1001","AQS","166","16","45","108"
"09/04/1999","201","Ozone","ISWS CLIMATE STATION","17-019-1001","AQS","201","27",".","."
"09/05/1999","174","Ozone","ISWS CLIMATE STATION","17-019-1001","AQS","174","21",".","."
"09/06/1999","41","Ozone","ISWS CLIMATE STATION","17-019-1001","AQS","41","3",".","."
"09/07/1999","50","Ozone","ISWS CLIMATE STATION","17-019-1001","AQS","50","7",".","."
"09/08/1999","61","Ozone","ISWS CLIMATE STATION","17-019-1001","AQS","61","23",".","."
"09/09/1999","39","Ozone","ISWS CLIMATE STATION","17-019-1001","AQS","39","7","33","30"
"09/10/1999","44","Ozone","BOOKER T. WASHINGTON ES","17-019-0004","AQS","44","7",".","."
"09/11/1999","101","Ozone","ISWS CLIMATE STATION","17-019-1001","AQS","101","24",".","."
"09/12/1999","101","Ozone","ISWS CLIMATE STATION","17-019-1001","AQS","101","23",".","."
"09/13/1999","29","Ozone","ISWS CLIMATE STATION","17-019-1001","AQS","29","6",".","."
"09/14/1999","38","Ozone","ISWS CLIMATE STATION","17-019-1001","AQS","38","6",".","."
"09/15/1999","35","Ozone","ISWS CLIMATE STATION","17-019-1001","AQS","35","7","21","28"
"09/16/1999","26","Ozone","BOOKER T. WASHINGTON ES","17-019-0004","AQS","26","7",".","."
"09/17/1999","46","Ozone","ISWS CLIMATE STATION","17-019-1001","AQS","46","6",".","."
"09/18/1999","87","Ozone","ISWS CLIMATE STATION","17-019-1001","AQS","87","6",".","."
"09/19/1999","74","Ozone","ISWS CLIMATE STATION","17-019-1001","AQS","74","13",".","."
"09/20/1999","31","Ozone","BOOKER T. WASHINGTON ES","17-019-0004","AQS","31","4",".","."
"09/21/1999","30","PM2.5","ISWS CLIMATE STATION","17-019-1001","AQS","26","4","11","30"
"09/22/1999","44","Ozone","ISWS CLIMATE STATION","17-019-1001","AQS","44","13",".","."
"09/23/1999","64","Ozone","ISWS CLIMATE STATION","17-019-1001","AQS","64","14",".","."
"09/24/1999","44","Ozone","ISWS CLIMATE STATION","17-019-1001","AQS","44","6",".","."
"09/25/1999","143","Ozone","ISWS CLIMATE STATION","17-019-1001","AQS","143","11",".","."
"09/26/1999","101","Ozone","ISWS CLIMATE STATION","17-019-1001","AQS","101","10",".","."
"09/27/1999","80","Ozone","ISWS CLIMATE STATION","17-019-1001","AQS","80","16","32","74"
"09/28/1999","45","Ozone","ISWS CLIMATE STATION","17-019-1001","AQS","45","10",".","."
"09/29/1999","30","Ozone","ISWS CLIMATE STATION","17-019-1001","AQS","30","4",".","."
"09/30/1999","35","Ozone","ISWS CLIMATE STATION","17-019-1001","AQS","35","13",".","."
"10/01/1999","36","Ozone","ISWS CLIMATE STATION","17-019-1001","AQS","36","4",".","."
"10/02/1999","20","Ozone","BOOKER T. WASHINGTON ES","17-019-0004","AQS","20","7",".","."
"10/03/1999","41","PM2.5","ISWS CLIMATE STATION","17-019-1001","AQS","13","1","9","41"
"10/04/1999","23","Ozone","ISWS CLIMATE STATION","17-019-1001","AQS","23","3",".","."
"10/05/1999","31","Ozone","ISWS CLIMATE STATION","17-019-1001","AQS","31","7",".","."
"10/06/1999","37","Ozone","ISWS CLIMATE STATION","17-019-1001","AQS","37","4",".","."
"10/07/1999","49","Ozone","ISWS CLIMATE STATION","17-019-1001","AQS","49","14",".","."
"10/08/1999","34","Ozone","ISWS CLIMATE STATION","17-019-1001","AQS","34","17",".","."
"10/09/1999","42","PM2.5","ISWS CLIMATE STATION","17-019-1001","AQS","25","1","12","42"
"10/10/1999","49","Ozone","ISWS CLIMATE STATION","17-019-1001","AQS","49","3",".","."
"10/11/1999","37","Ozone","ISWS CLIMATE STATION","17-019-1001","AQS","37","4",".","."
"10/12/1999","45","Ozone","ISWS CLIMATE STATION","17-019-1001","AQS","45","10",".","."
"10/13/1999","35","Ozone","ISWS CLIMATE STATION","17-019-1001","AQS","35","3",".","."
"10/14/1999","27","Ozone","ISWS CLIMATE STATION","17-019-1001","AQS","27","7",".","."
"10/15/1999","54","PM2.5","ISWS CLIMATE STATION","17-019-1001","AQS","51","10","25","54"
"10/16/1999","46","Ozone","ISWS CLIMATE STATION","17-019-1001","AQS","46","6",".","."
"10/17/1999","23","Ozone","ISWS CLIMATE STATION","17-019-1001","AQS","23","1",".","."
"10/18/1999","28","Ozone","ISWS CLIMATE STATION","17-019-1001","AQS","28","4",".","."
"10/19/1999","31","Ozone","ISWS CLIMATE STATION","17-019-1001","AQS","31","6",".","."
"10/20/1999","27","Ozone","ISWS CLIMATE STATION","17-019-1001","AQS","27","4",".","."
"10/21/1999","37","PM2.5","ISWS CLIMATE STATION","17-019-1001","AQS","32","14",".","37"
"10/22/1999","27","Ozone","ISWS CLIMATE STATION","17-019-1001","AQS","27",".",".","."
"10/23/1999","24","Ozone","ISWS CLIMATE STATION","17-019-1001","AQS","24",".",".","."
"10/24/1999","31","Ozone","ISWS CLIMATE STATION","17-019-1001","AQS","31",".",".","."
"10/25/1999","34","Ozone","ISWS CLIMATE STATION","17-019-1001","AQS","34",".",".","."
"10/26/1999","32","Ozone","ISWS CLIMATE STATION","17-019-1001","AQS","32","7",".","."
"10/27/1999","53","PM2.5","ISWS CLIMATE STATION","17-019-1001","AQS","31","6",".","53"
"10/28/1999","80","Ozone","ISWS CLIMATE STATION","17-019-1001","AQS","80","3",".","."
"10/29/1999","108","Ozone","ISWS CLIMATE STATION","17-019-1001","AQS","108","10",".","."
"10/30/1999","67","Ozone","ISWS CLIMATE STATION","17-019-1001","AQS","67","4",".","."
"10/31/1999","34","Ozone","ISWS CLIMATE STATION","17-019-1001","AQS","34","4",".","."
"11/01/1999","34","Ozone","ISWS CLIMATE STATION","17-019-1001","AQS","34","4",".","."
"11/02/1999","25","PM2.5","ISWS CLIMATE STATION","17-019-1001","AQS","22","0","17","25"
"11/03/1999","26","Ozone","ISWS CLIMATE STATION","17-019-1001","AQS","26","3",".","."
"11/04/1999","31","Ozone","ISWS CLIMATE STATION","17-019-1001","AQS","31","4",".","."
"11/05/1999","44","Ozone","ISWS CLIMATE STATION","17-019-1001","AQS","44","3",".","."
"11/06/1999","27","Ozone","ISWS CLIMATE STATION","17-019-1001","AQS","27","6",".","."
"11/07/1999","30","Ozone","BOOKER T. WASHINGTON ES","17-019-0004","AQS","30","16",".","."
"11/08/1999","48","PM2.5","ISWS CLIMATE STATION","17-019-1001","AQS","37","13","24","48"
"11/09/1999","46","Ozone","ISWS CLIMATE STATION","17-019-1001","AQS","46","4",".","."
"11/10/1999","46","Ozone","ISWS CLIMATE STATION","17-019-1001","AQS","46","4",".","."
"11/11/1999","19","Ozone","ISWS CLIMATE STATION","17-019-1001","AQS","19","1",".","."
"11/12/1999","24","Ozone","ISWS CLIMATE STATION","17-019-1001","AQS","24","6",".","."
"11/13/1999","42","Ozone","ISWS CLIMATE STATION","17-019-1001","AQS","42","9",".","."
"11/14/1999","31","PM2.5","ISWS CLIMATE STATION","17-019-1001","AQS","28","1","30","31"
"11/15/1999","26","Ozone","ISWS CLIMATE STATION","17-019-1001","AQS","26","1",".","."
"11/16/1999","25","Ozone","ISWS CLIMATE STATION","17-019-1001","AQS","25","1",".","."
"11/17/1999","23","Ozone","ISWS CLIMATE STATION","17-019-1001","AQS","23","17",".","."
"11/18/1999","44","Ozone","ISWS CLIMATE STATION","17-019-1001","AQS","44","9",".","."
"11/19/1999","32","Ozone","BOOKER T. WASHINGTON ES","17-019-0004","AQS","32","3",".","."
"11/20/1999","71","PM2.5","ISWS CLIMATE STATION","17-019-1001","AQS","11","3","38","71"
"11/21/1999","20","Ozone","BOOKER T. WASHINGTON ES","17-019-0004","AQS","20","0",".","."
"11/22/1999","25","Ozone","ISWS CLIMATE STATION","17-019-1001","AQS","25","6",".","."
"11/23/1999","19","Ozone","ISWS CLIMATE STATION","17-019-1001","AQS","19","1",".","."
"11/24/1999","15","Ozone","BOOKER T. WASHINGTON ES","17-019-0004","AQS","15","3",".","."
"11/25/1999","11","Ozone","ISWS CLIMATE STATION","17-019-1001","AQS","11","1",".","."
"11/26/1999","55","PM2.5","ISWS CLIMATE STATION","17-019-1001","AQS","25","6","24","55"
"11/27/1999","19","Ozone","ISWS CLIMATE STATION","17-019-1001","AQS","19","4",".","."
"11/28/1999","21","Ozone","ISWS CLIMATE STATION","17-019-1001","AQS","21","4",".","."
"11/29/1999","23","Ozone","ISWS CLIMATE STATION","17-019-1001","AQS","23","1",".","."
"11/30/1999","19","Ozone","ISWS CLIMATE STATION","17-019-1001","AQS","19","14",".","."
"12/01/1999","19","SO2","BOOKER T. WASHINGTON ES","17-019-0004","AQS","19","19",".","."
"12/02/1999","45","PM2.5","ISWS CLIMATE STATION","17-019-1001","AQS","27","14","15","45"
"12/03/1999","27","Ozone","ISWS CLIMATE STATION","17-019-1001","AQS","27","3",".","."
"12/04/1999","23","Ozone","ISWS CLIMATE STATION","17-019-1001","AQS","23","0",".","."
"12/05/1999","20","Ozone","BOOKER T. WASHINGTON ES","17-019-0004","AQS","20","1",".","."
"12/06/1999","20","Ozone","ISWS CLIMATE STATION","17-019-1001","AQS","20","1",".","."
"12/07/1999","16","Ozone","ISWS CLIMATE STATION","17-019-1001","AQS","16","1",".","."
"12/08/1999","30","PM10","","17-019-0005","AQS","11","7","30","."
"12/09/1999","19","Ozone","ISWS CLIMATE STATION","17-019-1001","AQS","19","4",".","."
"12/10/1999","19","Ozone","BOOKER T. WASHINGTON ES","17-019-0004","AQS","19","0",".","."
"12/11/1999","16","SO2","BOOKER T. WASHINGTON ES","17-019-0004","AQS","14","16",".","."
"12/12/1999","6","SO2","BOOKER T. WASHINGTON ES","17-019-0004","AQS","6","6",".","."
"12/13/1999","10","Ozone","BOOKER T. WASHINGTON ES","17-019-0004","AQS","10","6",".","."
"12/14/1999","59","PM2.5","ISWS CLIMATE STATION","17-019-1001","AQS","11","1","19","59"
"12/15/1999","20","Ozone","ISWS CLIMATE STATION","17-019-1001","AQS","20","0",".","."
"12/16/1999","20","Ozone","ISWS CLIMATE STATION","17-019-1001","AQS","20","1",".","."
"12/17/1999","10","Ozone","BOOKER T. WASHINGTON ES","17-019-0004","AQS","10","6",".","."
"12/18/1999","21","Ozone","BOOKER T. WASHINGTON ES","17-019-0004","AQS","21","3",".","."
"12/19/1999","21","SO2","BOOKER T. WASHINGTON ES","17-019-0004","AQS","6","21",".","."
"12/20/1999","28","PM2.5","ISWS CLIMATE STATION","17-019-1001","AQS","28","6","14","28"
"12/21/1999","22","Ozone","ISWS CLIMATE STATION","17-019-1001","AQS","22","3",".","."
"12/22/1999","13","SO2","BOOKER T. WASHINGTON ES","17-019-0004","AQS","13","13",".","."
"12/23/1999","23","Ozone","BOOKER T. WASHINGTON ES","17-019-0004","AQS","23","10",".","."
"12/24/1999","21","Ozone","ISWS CLIMATE STATION","17-019-1001","AQS","21","7",".","."
"12/25/1999","43","SO2","BOOKER T. WASHINGTON ES","17-019-0004","AQS","20","43",".","."
"12/26/1999","31","Ozone","ISWS CLIMATE STATION","17-019-1001","AQS","31","6","10","23"
"12/27/1999","26","Ozone","ISWS CLIMATE STATION","17-019-1001","AQS","26","7",".","."
"12/28/1999","20","Ozone","ISWS CLIMATE STATION","17-019-1001","AQS","20","4",".","."
"12/29/1999","19","SO2","BOOKER T. WASHINGTON ES","17-019-0004","AQS","17","19",".","."
"12/30/1999","7","Ozone","ISWS CLIMATE STATION","17-019-1001","AQS","7","4",".","."
"12/31/1999","16","Ozone","ISWS CLIMATE STATION","17-019-1001","AQS","16","3",".","."
