"Date","Overall AQI Value","Main Pollutant","Site Name (of Overall AQI)","Site ID (of Overall AQI)","Source (of Overall AQI)","Ozone","SO2","PM25"
"01/01/1985","24","Ozone","BOOKER T. WASHINGTON ES","17-019-0004","AQS","24",".","."
"01/02/1985","21","Ozone","BOOKER T. WASHINGTON ES","17-019-0004","AQS","21",".","."
"01/03/1985","16","Ozone","BOOKER T. WASHINGTON ES","17-019-0004","AQS","16",".","."
"01/04/1985","20","Ozone","BOOKER T. WASHINGTON ES","17-019-0004","AQS","20",".","."
"01/05/1985","20","Ozone","BOOKER T. WASHINGTON ES","17-019-0004","AQS","20","7","."
"01/06/1985","21","Ozone","BOOKER T. WASHINGTON ES","17-019-0004","AQS","21","3","."
"01/07/1985","14","Ozone","BOOKER T. WASHINGTON ES","17-019-0004","AQS","14",".","."
"01/08/1985","19","Ozone","BOOKER T. WASHINGTON ES","17-019-0004","AQS","19",".","."
"01/09/1985","59","SO2","BOOKER T. WASHINGTON ES","17-019-0004","AQS","21","59","."
"01/10/1985","21","SO2","BOOKER T. WASHINGTON ES","17-019-0004","AQS","15","21","."
"01/11/1985","19","Ozone","BOOKER T. WASHINGTON ES","17-019-0004","AQS","19","11","."
"01/12/1985","23","Ozone","BOOKER T. WASHINGTON ES","17-019-0004","AQS","23","9","."
"01/13/1985","25","Ozone","BOOKER T. WASHINGTON ES","17-019-0004","AQS","25","21","."
"01/14/1985","18","Ozone","BOOKER T. WASHINGTON ES","17-019-0004","AQS","18","11","."
"01/15/1985","21","Ozone","BOOKER T. WASHINGTON ES","17-019-0004","AQS","21","9","."
"01/16/1985","40","SO2","BOOKER T. WASHINGTON ES","17-019-0004","AQS","11","40","."
"01/17/1985","30","SO2","BOOKER T. WASHINGTON ES","17-019-0004","AQS","19","30","."
"01/18/1985","19","Ozone","BOOKER T. WASHINGTON ES","17-019-0004","AQS","19","16","."
"01/19/1985","24","Ozone","BOOKER T. WASHINGTON ES","17-019-0004","AQS","24","4","."
"01/20/1985","19","Ozone","BOOKER T. WASHINGTON ES","17-019-0004","AQS","19","3","."
"01/21/1985","23","Ozone","BOOKER T. WASHINGTON ES","17-019-0004","AQS","23","7","."
"01/22/1985","25","Ozone","BOOKER T. WASHINGTON ES","17-019-0004","AQS","25","6","."
"01/23/1985","23","Ozone","BOOKER T. WASHINGTON ES","17-019-0004","AQS","23","9","."
"01/24/1985","22","Ozone","BOOKER T. WASHINGTON ES","17-019-0004","AQS","22","7","."
"01/25/1985","25","Ozone","BOOKER T. WASHINGTON ES","17-019-0004","AQS","25","4","."
"01/26/1985","19","Ozone","BOOKER T. WASHINGTON ES","17-019-0004","AQS","19","13","."
"01/27/1985","23","Ozone","BOOKER T. WASHINGTON ES","17-019-0004","AQS","23","13","."
"01/28/1985","21","Ozone","BOOKER T. WASHINGTON ES","17-019-0004","AQS","21","6","."
"01/29/1985","110","SO2","BOOKER T. WASHINGTON ES","17-019-0004","AQS","17","110","."
"01/30/1985","71","SO2","BOOKER T. WASHINGTON ES","17-019-0004","AQS","17","71","."
"01/31/1985","27","SO2","BOOKER T. WASHINGTON ES","17-019-0004","AQS","26","27","."
"02/01/1985","23","SO2","BOOKER T. WASHINGTON ES","17-019-0004","AQS",".","23","."
"02/02/1985","44","SO2","BOOKER T. WASHINGTON ES","17-019-0004","AQS",".","44","."
"02/03/1985","11","SO2","BOOKER T. WASHINGTON ES","17-019-0004","AQS",".","11","."
"02/04/1985","46","SO2","BOOKER T. WASHINGTON ES","17-019-0004","AQS",".","46","."
"02/05/1985","69","SO2","BOOKER T. WASHINGTON ES","17-019-0004","AQS",".","69","."
"02/06/1985","30","SO2","BOOKER T. WASHINGTON ES","17-019-0004","AQS",".","30","."
"02/07/1985","17","SO2","BOOKER T. WASHINGTON ES","17-019-0004","AQS",".","17","."
"02/08/1985","44","SO2","BOOKER T. WASHINGTON ES","17-019-0004","AQS",".","44","."
"02/09/1985","55","SO2","BOOKER T. WASHINGTON ES","17-019-0004","AQS",".","55","."
"02/10/1985","31","SO2","BOOKER T. WASHINGTON ES","17-019-0004","AQS",".","31","."
"02/11/1985","39","SO2","BOOKER T. WASHINGTON ES","17-019-0004","AQS",".","39","."
"02/12/1985","38","Ozone","BOOKER T. WASHINGTON ES","17-019-0004","AQS","38","3","."
"02/13/1985","31","Ozone","BOOKER T. WASHINGTON ES","17-019-0004","AQS","31","6","."
"02/14/1985","33","Ozone","BOOKER T. WASHINGTON ES","17-019-0004","AQS","33","3","."
"02/15/1985","30","Ozone","BOOKER T. WASHINGTON ES","17-019-0004","AQS","30","4","."
"02/16/1985","33","Ozone","BOOKER T. WASHINGTON ES","17-019-0004","AQS","33","16","."
"02/17/1985","32","Ozone","BOOKER T. WASHINGTON ES","17-019-0004","AQS","32","3","."
"02/18/1985","28","Ozone","BOOKER T. WASHINGTON ES","17-019-0004","AQS","28","10","."
"02/19/1985","29","Ozone","BOOKER T. WASHINGTON ES","17-019-0004","AQS","29","13","."
"02/20/1985","46","SO2","BOOKER T. WASHINGTON ES","17-019-0004","AQS","33","46","."
"02/21/1985","26","Ozone","BOOKER T. WASHINGTON ES","17-019-0004","AQS","26","17","."
"02/22/1985","27","Ozone","BOOKER T. WASHINGTON ES","17-019-0004","AQS","27",".","."
"02/23/1985","29","Ozone","BOOKER T. WASHINGTON ES","17-019-0004","AQS","29","3","."
"02/24/1985","23","Ozone","BOOKER T. WASHINGTON ES","17-019-0004","AQS","23","1","."
"02/25/1985","24","Ozone","BOOKER T. WASHINGTON ES","17-019-0004","AQS","24","14","."
"02/26/1985","27","Ozone","BOOKER T. WASHINGTON ES","17-019-0004","AQS","27","4","."
"02/27/1985","4","SO2","BOOKER T. WASHINGTON ES","17-019-0004","AQS",".","4","."
"02/28/1985","25","Ozone","BOOKER T. WASHINGTON ES","17-019-0004","AQS","25","24","."
"03/01/1985","43","SO2","BOOKER T. WASHINGTON ES","17-019-0004","AQS","16","43","."
"03/02/1985","32","Ozone","BOOKER T. WASHINGTON ES","17-019-0004","AQS","32","10","."
"03/03/1985","31","SO2","BOOKER T. WASHINGTON ES","17-019-0004","AQS","31","31","."
"03/04/1985","32","Ozone","BOOKER T. WASHINGTON ES","17-019-0004","AQS","32","16","."
"03/05/1985","31","Ozone","BOOKER T. WASHINGTON ES","17-019-0004","AQS","31","4","."
"03/06/1985","31","Ozone","BOOKER T. WASHINGTON ES","17-019-0004","AQS","31","29","."
"03/07/1985","26","SO2","BOOKER T. WASHINGTON ES","17-019-0004","AQS","26","26","."
"03/08/1985","33","Ozone","BOOKER T. WASHINGTON ES","17-019-0004","AQS","33","6","."
"03/09/1985","42","Ozone","BOOKER T. WASHINGTON ES","17-019-0004","AQS","42","10","."
"03/10/1985","49","SO2","BOOKER T. WASHINGTON ES","17-019-0004","AQS","41","49","."
"03/11/1985","35","Ozone","BOOKER T. WASHINGTON ES","17-019-0004","AQS","35","10","."
"03/12/1985","38","Ozone","BOOKER T. WASHINGTON ES","17-019-0004","AQS","38","4","."
"03/13/1985","28","Ozone","BOOKER T. WASHINGTON ES","17-019-0004","AQS","28","9","."
"03/14/1985","34","Ozone","BOOKER T. WASHINGTON ES","17-019-0004","AQS","34","7","."
"03/15/1985","39","Ozone","BOOKER T. WASHINGTON ES","17-019-0004","AQS","39","19","."
"03/16/1985","38","Ozone","BOOKER T. WASHINGTON ES","17-019-0004","AQS","38","26","."
"03/17/1985","36","Ozone","BOOKER T. WASHINGTON ES","17-019-0004","AQS","36","4","."
"03/18/1985","35","Ozone","BOOKER T. WASHINGTON ES","17-019-0004","AQS","35","26","."
"03/19/1985","51","Ozone","BOOKER T. WASHINGTON ES","17-019-0004","AQS","51","17","."
"03/20/1985","41","Ozone","BOOKER T. WASHINGTON ES","17-019-0004","AQS","41","33","."
"03/21/1985","31","Ozone","BOOKER T. WASHINGTON ES","17-019-0004","AQS","31","24","."
"03/22/1985","24","Ozone","BOOKER T. WASHINGTON ES","17-019-0004","AQS","24","20","."
"03/23/1985","33","SO2","BOOKER T. WASHINGTON ES","17-019-0004","AQS","29","33","."
"03/24/1985","30","Ozone","BOOKER T. WASHINGTON ES","17-019-0004","AQS","30","3","."
"03/25/1985","31","Ozone","BOOKER T. WASHINGTON ES","17-019-0004","AQS","31",".","."
"03/26/1985","67","Ozone","BOOKER T. WASHINGTON ES","17-019-0004","AQS","67","29","."
"03/27/1985","41","Ozone","BOOKER T. WASHINGTON ES","17-019-0004","AQS","41","13","."
"03/28/1985","35","Ozone","BOOKER T. WASHINGTON ES","17-019-0004","AQS","35","10","."
"03/29/1985","29","Ozone","BOOKER T. WASHINGTON ES","17-019-0004","AQS","29","6","."
"03/30/1985","27","Ozone","BOOKER T. WASHINGTON ES","17-019-0004","AQS","27","3","."
"03/31/1985","40","Ozone","BOOKER T. WASHINGTON ES","17-019-0004","AQS","40","9","."
"04/01/1985","38","Ozone","BOOKER T. WASHINGTON ES","17-019-0004","AQS","38","3","."
"04/02/1985","42","Ozone","BOOKER T. WASHINGTON ES","17-019-0004","AQS","42","17","."
"04/03/1985","40","Ozone","BOOKER T. WASHINGTON ES","17-019-0004","AQS","40","9","."
"04/04/1985","47","Ozone","BOOKER T. WASHINGTON ES","17-019-0004","AQS","47","16","."
"04/05/1985","31","Ozone","BOOKER T. WASHINGTON ES","17-019-0004","AQS","31","3","."
"04/06/1985","39","Ozone","BOOKER T. WASHINGTON ES","17-019-0004","AQS","39","3","."
"04/07/1985","39","Ozone","BOOKER T. WASHINGTON ES","17-019-0004","AQS","39","4","."
"04/08/1985","34","Ozone","BOOKER T. WASHINGTON ES","17-019-0004","AQS","34","4","."
"04/09/1985","41","Ozone","BOOKER T. WASHINGTON ES","17-019-0004","AQS","41","4","."
"04/10/1985","29","Ozone","BOOKER T. WASHINGTON ES","17-019-0004","AQS","29","19","."
"04/11/1985","61","Ozone","BOOKER T. WASHINGTON ES","17-019-0004","AQS","61","20","."
"04/12/1985","64","Ozone","BOOKER T. WASHINGTON ES","17-019-0004","AQS","64","13","."
"04/13/1985","46","Ozone","BOOKER T. WASHINGTON ES","17-019-0004","AQS","46","21","."
"04/14/1985","34","Ozone","BOOKER T. WASHINGTON ES","17-019-0004","AQS","34","16","."
"04/15/1985","35","Ozone","BOOKER T. WASHINGTON ES","17-019-0004","AQS","35","11","."
"04/16/1985","46","Ozone","BOOKER T. WASHINGTON ES","17-019-0004","AQS","46","24","."
"04/17/1985","71","Ozone","BOOKER T. WASHINGTON ES","17-019-0004","AQS","71",".","."
"04/18/1985","77","Ozone","BOOKER T. WASHINGTON ES","17-019-0004","AQS","77",".","."
"04/19/1985","93","Ozone","BOOKER T. WASHINGTON ES","17-019-0004","AQS","93","19","."
"04/20/1985","54","Ozone","BOOKER T. WASHINGTON ES","17-019-0004","AQS","54","9","."
"04/21/1985","64","Ozone","BOOKER T. WASHINGTON ES","17-019-0004","AQS","64","14","."
"04/22/1985","47","Ozone","BOOKER T. WASHINGTON ES","17-019-0004","AQS","47","7","."
"04/23/1985","38","Ozone","BOOKER T. WASHINGTON ES","17-019-0004","AQS","38","17","."
"04/24/1985","31","Ozone","BOOKER T. WASHINGTON ES","17-019-0004","AQS","31","1","."
"04/25/1985","74","Ozone","BOOKER T. WASHINGTON ES","17-019-0004","AQS","74","11","."
"04/26/1985","71","Ozone","BOOKER T. WASHINGTON ES","17-019-0004","AQS","71","21","."
"04/27/1985","31","Ozone","BOOKER T. WASHINGTON ES","17-019-0004","AQS","31","9","."
"04/28/1985","50","Ozone","BOOKER T. WASHINGTON ES","17-019-0004","AQS","50","7","."
"04/29/1985","84","Ozone","BOOKER T. WASHINGTON ES","17-019-0004","AQS","84","30","."
"04/30/1985","97","Ozone","BOOKER T. WASHINGTON ES","17-019-0004","AQS","97","49","."
"05/01/1985","45","Ozone","BOOKER T. WASHINGTON ES","17-019-0004","AQS","45","7","."
"05/02/1985","43","Ozone","BOOKER T. WASHINGTON ES","17-019-0004","AQS","43","14","."
"05/03/1985","61","Ozone","BOOKER T. WASHINGTON ES","17-019-0004","AQS","61","11","."
"05/04/1985","74","Ozone","BOOKER T. WASHINGTON ES","17-019-0004","AQS","74","19","."
"05/05/1985","71","Ozone","BOOKER T. WASHINGTON ES","17-019-0004","AQS","71","10","."
"05/06/1985","50","Ozone","BOOKER T. WASHINGTON ES","17-019-0004","AQS","50","9","."
"05/07/1985","45","Ozone","BOOKER T. WASHINGTON ES","17-019-0004","AQS","45","11","."
"05/08/1985","108","Ozone","BOOKER T. WASHINGTON ES","17-019-0004","AQS","108","19","."
"05/09/1985","136","Ozone","BOOKER T. WASHINGTON ES","17-019-0004","AQS","136","26","."
"05/10/1985","49","Ozone","BOOKER T. WASHINGTON ES","17-019-0004","AQS","49","10","."
"05/11/1985","49","Ozone","BOOKER T. WASHINGTON ES","17-019-0004","AQS","49","9","."
"05/12/1985","45","Ozone","BOOKER T. WASHINGTON ES","17-019-0004","AQS","45","4","."
"05/13/1985","39","Ozone","BOOKER T. WASHINGTON ES","17-019-0004","AQS","39","21","."
"05/14/1985","50","Ozone","BOOKER T. WASHINGTON ES","17-019-0004","AQS","50","10","."
"05/15/1985","36","Ozone","BOOKER T. WASHINGTON ES","17-019-0004","AQS","36","4","."
"05/16/1985","24","Ozone","BOOKER T. WASHINGTON ES","17-019-0004","AQS","24","1","."
"05/17/1985","35","Ozone","BOOKER T. WASHINGTON ES","17-019-0004","AQS","35","14","."
"05/18/1985","54","Ozone","BOOKER T. WASHINGTON ES","17-019-0004","AQS","54","4","."
"05/19/1985","71","Ozone","BOOKER T. WASHINGTON ES","17-019-0004","AQS","71","10","."
"05/20/1985","51","Ozone","BOOKER T. WASHINGTON ES","17-019-0004","AQS","51","13","."
"05/21/1985","97","Ozone","BOOKER T. WASHINGTON ES","17-019-0004","AQS","97","16","."
"05/22/1985","44","Ozone","BOOKER T. WASHINGTON ES","17-019-0004","AQS","44","13","."
"05/23/1985","77","Ozone","BOOKER T. WASHINGTON ES","17-019-0004","AQS","77","16","."
"05/24/1985","140","Ozone","BOOKER T. WASHINGTON ES","17-019-0004","AQS","140","23","."
"05/25/1985","156","Ozone","BOOKER T. WASHINGTON ES","17-019-0004","AQS","156","20","."
"05/26/1985","108","Ozone","BOOKER T. WASHINGTON ES","17-019-0004","AQS","108","20","."
"05/27/1985","44","Ozone","BOOKER T. WASHINGTON ES","17-019-0004","AQS","44","4","."
"05/28/1985","44","Ozone","BOOKER T. WASHINGTON ES","17-019-0004","AQS","44","9","."
"05/29/1985","58","Ozone","BOOKER T. WASHINGTON ES","17-019-0004","AQS","58","31","."
"05/30/1985","47","Ozone","BOOKER T. WASHINGTON ES","17-019-0004","AQS","47","11","."
"05/31/1985","47","Ozone","BOOKER T. WASHINGTON ES","17-019-0004","AQS","47","6","."
"06/01/1985","48","Ozone","BOOKER T. WASHINGTON ES","17-019-0004","AQS","48","21","."
"06/02/1985","61","Ozone","BOOKER T. WASHINGTON ES","17-019-0004","AQS","61","3","."
"06/03/1985","64","Ozone","BOOKER T. WASHINGTON ES","17-019-0004","AQS","64","14","."
"06/04/1985","29","Ozone","BOOKER T. WASHINGTON ES","17-019-0004","AQS","29","24","."
"06/05/1985","71","Ozone","BOOKER T. WASHINGTON ES","17-019-0004","AQS","71","40","."
"06/06/1985","50","Ozone","BOOKER T. WASHINGTON ES","17-019-0004","AQS","50","27","."
"06/07/1985","61","Ozone","BOOKER T. WASHINGTON ES","17-019-0004","AQS","61","26","."
"06/08/1985","58","Ozone","BOOKER T. WASHINGTON ES","17-019-0004","AQS","58","20","."
"06/09/1985","54","Ozone","BOOKER T. WASHINGTON ES","17-019-0004","AQS","54","7","."
"06/10/1985","105","Ozone","BOOKER T. WASHINGTON ES","17-019-0004","AQS","105","17","."
"06/11/1985","25","Ozone","BOOKER T. WASHINGTON ES","17-019-0004","AQS","25","4","."
"06/12/1985","31","Ozone","BOOKER T. WASHINGTON ES","17-019-0004","AQS","31","11","."
"06/13/1985","42","Ozone","BOOKER T. WASHINGTON ES","17-019-0004","AQS","42","6","."
"06/14/1985","43","Ozone","BOOKER T. WASHINGTON ES","17-019-0004","AQS","43","29","."
"06/15/1985","47","Ozone","BOOKER T. WASHINGTON ES","17-019-0004","AQS","47","7","."
"06/16/1985","54","Ozone","BOOKER T. WASHINGTON ES","17-019-0004","AQS","54","6","."
"06/17/1985","43","Ozone","BOOKER T. WASHINGTON ES","17-019-0004","AQS","43","11","."
"06/18/1985","32","Ozone","BOOKER T. WASHINGTON ES","17-019-0004","AQS","32","3","."
"06/19/1985","38","Ozone","BOOKER T. WASHINGTON ES","17-019-0004","AQS","38","6","."
"06/20/1985","51","Ozone","BOOKER T. WASHINGTON ES","17-019-0004","AQS","51","7","."
"06/21/1985","87","Ozone","BOOKER T. WASHINGTON ES","17-019-0004","AQS","87","16","."
"06/22/1985","43","Ozone","BOOKER T. WASHINGTON ES","17-019-0004","AQS","43","3","."
"06/23/1985","44","Ozone","BOOKER T. WASHINGTON ES","17-019-0004","AQS","44","17","."
"06/24/1985","67","Ozone","BOOKER T. WASHINGTON ES","17-019-0004","AQS","67","6","."
"06/25/1985","61","Ozone","BOOKER T. WASHINGTON ES","17-019-0004","AQS","61","23","."
"06/26/1985","74","Ozone","BOOKER T. WASHINGTON ES","17-019-0004","AQS","74","14","."
"06/27/1985","80","Ozone","BOOKER T. WASHINGTON ES","17-019-0004","AQS","80","21","."
"06/28/1985","27","Ozone","BOOKER T. WASHINGTON ES","17-019-0004","AQS","27",".","."
"06/29/1985","93","Ozone","BOOKER T. WASHINGTON ES","17-019-0004","AQS","93","9","."
"06/30/1985","51","Ozone","BOOKER T. WASHINGTON ES","17-019-0004","AQS","51","13","."
"07/01/1985","46","Ozone","BOOKER T. WASHINGTON ES","17-019-0004","AQS","46","6","."
"07/02/1985","50","Ozone","BOOKER T. WASHINGTON ES","17-019-0004","AQS","50","14","."
"07/03/1985","51","Ozone","BOOKER T. WASHINGTON ES","17-019-0004","AQS","51","4","."
"07/04/1985","71","Ozone","BOOKER T. WASHINGTON ES","17-019-0004","AQS","71","10","."
"07/05/1985","43","Ozone","BOOKER T. WASHINGTON ES","17-019-0004","AQS","43","9","."
"07/06/1985","43","Ozone","BOOKER T. WASHINGTON ES","17-019-0004","AQS","43","7","."
"07/07/1985","64","Ozone","BOOKER T. WASHINGTON ES","17-019-0004","AQS","64","17","."
"07/08/1985","74","Ozone","BOOKER T. WASHINGTON ES","17-019-0004","AQS","74","4","."
"07/09/1985","97","Ozone","BOOKER T. WASHINGTON ES","17-019-0004","AQS","97","19","."
"07/10/1985","44","Ozone","BOOKER T. WASHINGTON ES","17-019-0004","AQS","44","9","."
"07/11/1985","51","Ozone","BOOKER T. WASHINGTON ES","17-019-0004","AQS","51","24","."
"07/12/1985","42","Ozone","BOOKER T. WASHINGTON ES","17-019-0004","AQS","42","17","."
"07/13/1985","101","Ozone","BOOKER T. WASHINGTON ES","17-019-0004","AQS","101","3","."
"07/14/1985","43","Ozone","BOOKER T. WASHINGTON ES","17-019-0004","AQS","43","3","."
"07/15/1985","40","Ozone","BOOKER T. WASHINGTON ES","17-019-0004","AQS","40","4","."
"07/16/1985","58","Ozone","BOOKER T. WASHINGTON ES","17-019-0004","AQS","58","24","."
"07/17/1985","105","Ozone","BOOKER T. WASHINGTON ES","17-019-0004","AQS","105","36","."
"07/18/1985","164","Ozone","BOOKER T. WASHINGTON ES","17-019-0004","AQS","164","26","."
"07/19/1985","119","Ozone","BOOKER T. WASHINGTON ES","17-019-0004","AQS","119","26","."
"07/20/1985","64","Ozone","BOOKER T. WASHINGTON ES","17-019-0004","AQS","64","4","."
"07/21/1985","43","Ozone","BOOKER T. WASHINGTON ES","17-019-0004","AQS","43","3","."
"07/22/1985","49","Ozone","BOOKER T. WASHINGTON ES","17-019-0004","AQS","49","4","."
"07/23/1985","74","Ozone","BOOKER T. WASHINGTON ES","17-019-0004","AQS","74","24","."
"07/24/1985","100","Ozone","BOOKER T. WASHINGTON ES","17-019-0004","AQS","100","17","."
"07/25/1985","39","Ozone","BOOKER T. WASHINGTON ES","17-019-0004","AQS","39","11","."
"07/26/1985","47","Ozone","BOOKER T. WASHINGTON ES","17-019-0004","AQS","47","1","."
"07/27/1985","44","Ozone","BOOKER T. WASHINGTON ES","17-019-0004","AQS","44","6","."
"07/28/1985","90","Ozone","BOOKER T. WASHINGTON ES","17-019-0004","AQS","90","31","."
"07/29/1985","119","Ozone","BOOKER T. WASHINGTON ES","17-019-0004","AQS","119","27","."
"07/30/1985","75","SO2","BOOKER T. WASHINGTON ES","17-019-0004","AQS","48","75","."
"07/31/1985","37","Ozone","BOOKER T. WASHINGTON ES","17-019-0004","AQS","37","1","."
"08/01/1985","37","Ozone","BOOKER T. WASHINGTON ES","17-019-0004","AQS","37","1","."
"08/02/1985","47","Ozone","BOOKER T. WASHINGTON ES","17-019-0004","AQS","47","24","."
"08/03/1985","80","Ozone","BOOKER T. WASHINGTON ES","17-019-0004","AQS","80","19","."
"08/04/1985","35","Ozone","BOOKER T. WASHINGTON ES","17-019-0004","AQS","35","4","."
"08/05/1985","38","Ozone","BOOKER T. WASHINGTON ES","17-019-0004","AQS","38","10","."
"08/06/1985","41","Ozone","BOOKER T. WASHINGTON ES","17-019-0004","AQS","41","6","."
"08/07/1985","44","Ozone","BOOKER T. WASHINGTON ES","17-019-0004","AQS","44","7","."
"08/08/1985","40","Ozone","BOOKER T. WASHINGTON ES","17-019-0004","AQS","40","6","."
"08/09/1985","64","Ozone","BOOKER T. WASHINGTON ES","17-019-0004","AQS","64","11","."
"08/10/1985","39","Ozone","BOOKER T. WASHINGTON ES","17-019-0004","AQS","39","1","."
"08/11/1985","42","Ozone","BOOKER T. WASHINGTON ES","17-019-0004","AQS","42","1","."
"08/12/1985","64","Ozone","BOOKER T. WASHINGTON ES","17-019-0004","AQS","64","20","."
"08/13/1985","49","Ozone","BOOKER T. WASHINGTON ES","17-019-0004","AQS","49","19","."
"08/14/1985","33","Ozone","BOOKER T. WASHINGTON ES","17-019-0004","AQS","33","6","."
"08/15/1985","31","Ozone","BOOKER T. WASHINGTON ES","17-019-0004","AQS","31","3","."
"08/16/1985","40","Ozone","BOOKER T. WASHINGTON ES","17-019-0004","AQS","40","11","."
"08/17/1985","45","Ozone","BOOKER T. WASHINGTON ES","17-019-0004","AQS","45","24","."
"08/18/1985","32","Ozone","BOOKER T. WASHINGTON ES","17-019-0004","AQS","32","3","."
"08/19/1985","19","Ozone","BOOKER T. WASHINGTON ES","17-019-0004","AQS","19","4","."
"08/20/1985","41","Ozone","BOOKER T. WASHINGTON ES","17-019-0004","AQS","41","3","."
"08/21/1985","43","Ozone","BOOKER T. WASHINGTON ES","17-019-0004","AQS","43","4","."
"08/22/1985","48","Ozone","BOOKER T. WASHINGTON ES","17-019-0004","AQS","48","10","."
"08/24/1985","36","Ozone","BOOKER T. WASHINGTON ES","17-019-0004","AQS","36","10","."
"08/25/1985","29","Ozone","BOOKER T. WASHINGTON ES","17-019-0004","AQS","29","3","."
"08/26/1985","33","Ozone","BOOKER T. WASHINGTON ES","17-019-0004","AQS","33","3","."
"08/27/1985","50","Ozone","BOOKER T. WASHINGTON ES","17-019-0004","AQS","50","13","."
"08/28/1985","64","Ozone","BOOKER T. WASHINGTON ES","17-019-0004","AQS","64","27","."
"08/29/1985","50","Ozone","BOOKER T. WASHINGTON ES","17-019-0004","AQS","50","14","."
"08/30/1985","46","Ozone","BOOKER T. WASHINGTON ES","17-019-0004","AQS","46","3","."
"08/31/1985","41","Ozone","BOOKER T. WASHINGTON ES","17-019-0004","AQS","41","16","."
"09/01/1985","67","Ozone","BOOKER T. WASHINGTON ES","17-019-0004","AQS","67","30","."
"09/02/1985","44","Ozone","BOOKER T. WASHINGTON ES","17-019-0004","AQS","44","30","."
"09/03/1985","34","Ozone","BOOKER T. WASHINGTON ES","17-019-0004","AQS","34","7","."
"09/04/1985","29","Ozone","BOOKER T. WASHINGTON ES","17-019-0004","AQS","29","4","."
"09/05/1985","43","Ozone","BOOKER T. WASHINGTON ES","17-019-0004","AQS","43","9","."
"09/06/1985","42","Ozone","BOOKER T. WASHINGTON ES","17-019-0004","AQS","42",".","."
"09/07/1985","44","Ozone","BOOKER T. WASHINGTON ES","17-019-0004","AQS","44","7","."
"09/08/1985","43","Ozone","BOOKER T. WASHINGTON ES","17-019-0004","AQS","43","21","."
"09/09/1985","47","Ozone","BOOKER T. WASHINGTON ES","17-019-0004","AQS","47","10","."
"09/10/1985","29","Ozone","BOOKER T. WASHINGTON ES","17-019-0004","AQS","29","6","."
"09/11/1985","32","Ozone","BOOKER T. WASHINGTON ES","17-019-0004","AQS","32","4","."
"09/12/1985","39","Ozone","BOOKER T. WASHINGTON ES","17-019-0004","AQS","39","7","."
"09/13/1985","33","Ozone","BOOKER T. WASHINGTON ES","17-019-0004","AQS","33","10","."
"09/14/1985","35","Ozone","BOOKER T. WASHINGTON ES","17-019-0004","AQS","35","19","."
"09/15/1985","58","Ozone","BOOKER T. WASHINGTON ES","17-019-0004","AQS","58","23","."
"09/16/1985","74","Ozone","BOOKER T. WASHINGTON ES","17-019-0004","AQS","74","24","."
"09/17/1985","45","Ozone","BOOKER T. WASHINGTON ES","17-019-0004","AQS","45","16","."
"09/18/1985","48","Ozone","BOOKER T. WASHINGTON ES","17-019-0004","AQS","48","14","."
"09/19/1985","51","Ozone","BOOKER T. WASHINGTON ES","17-019-0004","AQS","51","36","."
"09/20/1985","54","Ozone","BOOKER T. WASHINGTON ES","17-019-0004","AQS","54","10","."
"09/21/1985","46","Ozone","BOOKER T. WASHINGTON ES","17-019-0004","AQS","46","13","."
"09/22/1985","35","Ozone","BOOKER T. WASHINGTON ES","17-019-0004","AQS","35","3","."
"09/23/1985","22","Ozone","BOOKER T. WASHINGTON ES","17-019-0004","AQS","22","3","."
"09/24/1985","24","Ozone","BOOKER T. WASHINGTON ES","17-019-0004","AQS","24","7","."
"09/25/1985","31","SO2","BOOKER T. WASHINGTON ES","17-019-0004","AQS","11","31","."
"09/26/1985","15","Ozone","BOOKER T. WASHINGTON ES","17-019-0004","AQS","15","3","."
"09/27/1985","33","Ozone","BOOKER T. WASHINGTON ES","17-019-0004","AQS","33","13","."
"09/28/1985","44","Ozone","BOOKER T. WASHINGTON ES","17-019-0004","AQS","44","19","."
"09/29/1985","51","Ozone","BOOKER T. WASHINGTON ES","17-019-0004","AQS","51","14","."
"09/30/1985","25","Ozone","BOOKER T. WASHINGTON ES","17-019-0004","AQS","25","4","."
"10/01/1985","21","Ozone","BOOKER T. WASHINGTON ES","17-019-0004","AQS","21",".","."
"10/02/1985","32","Ozone","BOOKER T. WASHINGTON ES","17-019-0004","AQS","32",".","."
"10/03/1985","41","Ozone","BOOKER T. WASHINGTON ES","17-019-0004","AQS","41",".","."
"10/04/1985","25","Ozone","BOOKER T. WASHINGTON ES","17-019-0004","AQS","25","16","."
"10/05/1985","21","Ozone","BOOKER T. WASHINGTON ES","17-019-0004","AQS","21","1","."
"10/06/1985","29","Ozone","BOOKER T. WASHINGTON ES","17-019-0004","AQS","29",".","."
"10/07/1985","40","Ozone","BOOKER T. WASHINGTON ES","17-019-0004","AQS","40","31","."
"10/08/1985","44","Ozone","BOOKER T. WASHINGTON ES","17-019-0004","AQS","44","13","."
"10/09/1985","44","Ozone","BOOKER T. WASHINGTON ES","17-019-0004","AQS","44","16","."
"10/10/1985","18","Ozone","BOOKER T. WASHINGTON ES","17-019-0004","AQS","18","3","."
"10/11/1985","5","Ozone","BOOKER T. WASHINGTON ES","17-019-0004","AQS","5","0","."
"10/12/1985","35","Ozone","BOOKER T. WASHINGTON ES","17-019-0004","AQS","35","9","."
"10/13/1985","25","Ozone","BOOKER T. WASHINGTON ES","17-019-0004","AQS","25","13","."
"10/14/1985","20","Ozone","BOOKER T. WASHINGTON ES","17-019-0004","AQS","20","11","."
"10/15/1985","27","Ozone","BOOKER T. WASHINGTON ES","17-019-0004","AQS","27","6","."
"10/16/1985","28","Ozone","BOOKER T. WASHINGTON ES","17-019-0004","AQS","28","9","."
"10/17/1985","32","Ozone","BOOKER T. WASHINGTON ES","17-019-0004","AQS","32","24","."
"10/18/1985","17","Ozone","BOOKER T. WASHINGTON ES","17-019-0004","AQS","17","13","."
"10/19/1985","7","Ozone","BOOKER T. WASHINGTON ES","17-019-0004","AQS","7","4","."
"10/20/1985","13","SO2","BOOKER T. WASHINGTON ES","17-019-0004","AQS","7","13","."
"10/21/1985","16","Ozone","BOOKER T. WASHINGTON ES","17-019-0004","AQS","16","7","."
"10/22/1985","46","SO2","BOOKER T. WASHINGTON ES","17-019-0004","AQS","11","46","."
"10/23/1985","54","SO2","BOOKER T. WASHINGTON ES","17-019-0004","AQS","19","54","."
"10/24/1985","28","Ozone","BOOKER T. WASHINGTON ES","17-019-0004","AQS","28","7","."
"10/25/1985","34","SO2","BOOKER T. WASHINGTON ES","17-019-0004","AQS","29","34","."
"10/26/1985","31","Ozone","BOOKER T. WASHINGTON ES","17-019-0004","AQS","31","20","."
"10/27/1985","30","Ozone","BOOKER T. WASHINGTON ES","17-019-0004","AQS","30","24","."
"10/28/1985","24","SO2","BOOKER T. WASHINGTON ES","17-019-0004","AQS","21","24","."
"10/29/1985","24","SO2","BOOKER T. WASHINGTON ES","17-019-0004","AQS","13","24","."
"10/30/1985","23","SO2","BOOKER T. WASHINGTON ES","17-019-0004","AQS","12","23","."
"10/31/1985","21","SO2","BOOKER T. WASHINGTON ES","17-019-0004","AQS","5","21","."
"11/01/1985","14","Ozone","BOOKER T. WASHINGTON ES","17-019-0004","AQS","14","13","."
"11/02/1985","15","Ozone","BOOKER T. WASHINGTON ES","17-019-0004","AQS","15","4","."
"11/03/1985","15","Ozone","BOOKER T. WASHINGTON ES","17-019-0004","AQS","15","10","."
"11/04/1985","14","SO2","BOOKER T. WASHINGTON ES","17-019-0004","AQS","14","14","."
"11/05/1985","12","Ozone","BOOKER T. WASHINGTON ES","17-019-0004","AQS","12","9","."
"11/06/1985","26","SO2","BOOKER T. WASHINGTON ES","17-019-0004","AQS","20","26","."
"11/07/1985","17","Ozone","BOOKER T. WASHINGTON ES","17-019-0004","AQS","17","7","."
"11/08/1985","19","Ozone","BOOKER T. WASHINGTON ES","17-019-0004","AQS","19","16","."
"11/09/1985","22","Ozone","BOOKER T. WASHINGTON ES","17-019-0004","AQS","22","10","."
"11/10/1985","12","Ozone","BOOKER T. WASHINGTON ES","17-019-0004","AQS","12","1","."
"11/11/1985","12","Ozone","BOOKER T. WASHINGTON ES","17-019-0004","AQS","12","7","."
"11/12/1985","13","SO2","BOOKER T. WASHINGTON ES","17-019-0004","AQS","13","13","."
"11/13/1985","11","Ozone","BOOKER T. WASHINGTON ES","17-019-0004","AQS","11","10","."
"11/14/1985","11","Ozone","BOOKER T. WASHINGTON ES","17-019-0004","AQS","11","9","."
"11/15/1985","31","SO2","BOOKER T. WASHINGTON ES","17-019-0004","AQS","9","31","."
"11/16/1985","20","Ozone","BOOKER T. WASHINGTON ES","17-019-0004","AQS","20","4","."
"11/17/1985","27","SO2","BOOKER T. WASHINGTON ES","17-019-0004","AQS","25","27","."
"11/18/1985","26","Ozone","BOOKER T. WASHINGTON ES","17-019-0004","AQS","26","16","."
"11/19/1985","25","Ozone","BOOKER T. WASHINGTON ES","17-019-0004","AQS","25","3","."
"11/20/1985","21","Ozone","BOOKER T. WASHINGTON ES","17-019-0004","AQS","21",".","."
"11/21/1985","17","Ozone","BOOKER T. WASHINGTON ES","17-019-0004","AQS","17",".","."
"11/22/1985","14","SO2","BOOKER T. WASHINGTON ES","17-019-0004","AQS","8","14","."
"11/23/1985","44","SO2","BOOKER T. WASHINGTON ES","17-019-0004","AQS","19","44","."
"11/24/1985","20","Ozone","BOOKER T. WASHINGTON ES","17-019-0004","AQS","20","10","."
"11/25/1985","16","Ozone","BOOKER T. WASHINGTON ES","17-019-0004","AQS","16","14","."
"11/26/1985","7","SO2","BOOKER T. WASHINGTON ES","17-019-0004","AQS","5","7","."
"11/27/1985","11","Ozone","BOOKER T. WASHINGTON ES","17-019-0004","AQS","11","6","."
"11/28/1985","11","Ozone","BOOKER T. WASHINGTON ES","17-019-0004","AQS","11","3","."
"11/29/1985","13","SO2","BOOKER T. WASHINGTON ES","17-019-0004","AQS","6","13","."
"11/30/1985","26","SO2","BOOKER T. WASHINGTON ES","17-019-0004","AQS","5","26","."
"12/01/1985","34","SO2","BOOKER T. WASHINGTON ES","17-019-0004","AQS","23","34","."
"12/02/1985","21","Ozone","BOOKER T. WASHINGTON ES","17-019-0004","AQS","21","7","."
"12/03/1985","37","SO2","BOOKER T. WASHINGTON ES","17-019-0004","AQS","15","37","."
"12/04/1985","39","SO2","BOOKER T. WASHINGTON ES","17-019-0004","AQS","12","39","."
"12/05/1985","20","Ozone","BOOKER T. WASHINGTON ES","17-019-0004","AQS","20","13","."
"12/06/1985","15","Ozone","BOOKER T. WASHINGTON ES","17-019-0004","AQS","15","9","."
"12/07/1985","69","SO2","BOOKER T. WASHINGTON ES","17-019-0004","AQS","7","69","."
"12/08/1985","14","Ozone","BOOKER T. WASHINGTON ES","17-019-0004","AQS","14","11","."
"12/09/1985","34","SO2","BOOKER T. WASHINGTON ES","17-019-0004","AQS","13","34","."
"12/10/1985","29","SO2","BOOKER T. WASHINGTON ES","17-019-0004","AQS","6","29","."
"12/11/1985","14","SO2","BOOKER T. WASHINGTON ES","17-019-0004","AQS","14","14","."
"12/12/1985","18","Ozone","BOOKER T. WASHINGTON ES","17-019-0004","AQS","18","6","."
"12/13/1985","19","Ozone","BOOKER T. WASHINGTON ES","17-019-0004","AQS","19","7","."
"12/14/1985","36","SO2","BOOKER T. WASHINGTON ES","17-019-0004","AQS","23","36","."
"12/15/1985","21","Ozone","BOOKER T. WASHINGTON ES","17-019-0004","AQS","21","20","."
"12/16/1985","20","Ozone","BOOKER T. WASHINGTON ES","17-019-0004","AQS","20","14","."
"12/17/1985","20","Ozone","BOOKER T. WASHINGTON ES","17-019-0004","AQS","20","11","."
"12/18/1985","21","Ozone","BOOKER T. WASHINGTON ES","17-019-0004","AQS","21","13","."
"12/19/1985","47","SO2","BOOKER T. WASHINGTON ES","17-019-0004","AQS","20","47","."
"12/20/1985","34","SO2","BOOKER T. WASHINGTON ES","17-019-0004","AQS","17","34","."
"12/21/1985","72","SO2","BOOKER T. WASHINGTON ES","17-019-0004","AQS","23","72","."
"12/22/1985","19","SO2","BOOKER T. WASHINGTON ES","17-019-0004","AQS","16","19","."
"12/23/1985","21","Ozone","BOOKER T. WASHINGTON ES","17-019-0004","AQS","21","7","."
"12/24/1985","25","Ozone","BOOKER T. WASHINGTON ES","17-019-0004","AQS","25","4","."
"12/25/1985","23","Ozone","BOOKER T. WASHINGTON ES","17-019-0004","AQS","23","6","."
"12/26/1985","23","Ozone","BOOKER T. WASHINGTON ES","17-019-0004","AQS","23","19","."
"12/27/1985","23","Ozone","BOOKER T. WASHINGTON ES","17-019-0004","AQS","23","4","."
"12/28/1985","23","Ozone","BOOKER T. WASHINGTON ES","17-019-0004","AQS","23","7","."
"12/29/1985","23","Ozone","BOOKER T. WASHINGTON ES","17-019-0004","AQS","23","7","."
"12/30/1985","27","SO2","BOOKER T. WASHINGTON ES","17-019-0004","AQS","19","27","."
"12/31/1985","20","Ozone","BOOKER T. WASHINGTON ES","17-019-0004","AQS","20","10","."
