"Date","Overall AQI Value","Main Pollutant","Site Name (of Overall AQI)","Site ID (of Overall AQI)","Source (of Overall AQI)","Ozone","PM25"
"01/01/2008","67","PM2.5","BOOKER T. WASHINGTON ES","17-019-0004","AQS","19","67"
"01/02/2008","21","Ozone","ISWS CLIMATE STATION","17-019-1001","AQS","21","."
"01/03/2008","21","Ozone","ISWS CLIMATE STATION","17-019-1001","AQS","21","."
"01/04/2008","32","PM2.5","ISWS CLIMATE STATION","17-019-1001","AQS","20","32"
"01/05/2008","22","Ozone","ISWS CLIMATE STATION","17-019-1001","AQS","22","."
"01/06/2008","22","Ozone","ISWS CLIMATE STATION","17-019-1001","AQS","22","."
"01/07/2008","28","PM2.5","BOOKER T. WASHINGTON ES","17-019-0004","AQS","26","28"
"01/08/2008","22","Ozone","BOOKER T. WASHINGTON ES","17-019-0004","AQS","22","."
"01/09/2008","17","Ozone","BOOKER T. WASHINGTON ES","17-019-0004","AQS","17","."
"01/10/2008","47","PM2.5","ISWS CLIMATE STATION","17-019-1001","AQS","10","47"
"01/11/2008","23","Ozone","ISWS CLIMATE STATION","17-019-1001","AQS","23","."
"01/12/2008","20","Ozone","ISWS CLIMATE STATION","17-019-1001","AQS","20","."
"01/13/2008","73","PM2.5","ISWS CLIMATE STATION","17-019-1001","AQS","23","73"
"01/14/2008","25","Ozone","ISWS CLIMATE STATION","17-019-1001","AQS","25","."
"01/15/2008","13","Ozone","BOOKER T. WASHINGTON ES","17-019-0004","AQS","13","."
"01/16/2008","44","PM2.5","ISWS CLIMATE STATION","17-019-1001","AQS","13","44"
"01/17/2008","21","Ozone","ISWS CLIMATE STATION","17-019-1001","AQS","21","."
"01/18/2008","24","Ozone","ISWS CLIMATE STATION","17-019-1001","AQS","24","."
"01/19/2008","28","PM2.5","ISWS CLIMATE STATION","17-019-1001","AQS","27","28"
"01/20/2008","29","Ozone","ISWS CLIMATE STATION","17-019-1001","AQS","29","."
"01/21/2008","21","Ozone","ISWS CLIMATE STATION","17-019-1001","AQS","21","."
"01/22/2008","39","PM2.5","ISWS CLIMATE STATION","17-019-1001","AQS","19","39"
"01/23/2008","25","Ozone","ISWS CLIMATE STATION","17-019-1001","AQS","25","."
"01/24/2008","27","Ozone","ISWS CLIMATE STATION","17-019-1001","AQS","27","."
"01/25/2008","42","PM2.5","ISWS CLIMATE STATION","17-019-1001","AQS","20","42"
"01/26/2008","19","Ozone","ISWS CLIMATE STATION","17-019-1001","AQS","19","."
"01/27/2008","26","Ozone","ISWS CLIMATE STATION","17-019-1001","AQS","26","."
"01/28/2008","47","PM2.5","ISWS CLIMATE STATION","17-019-1001","AQS","26","47"
"01/29/2008","25","Ozone","ISWS CLIMATE STATION","17-019-1001","AQS","25","."
"01/30/2008","28","Ozone","ISWS CLIMATE STATION","17-019-1001","AQS","28","."
"01/31/2008","39","PM2.5","ISWS CLIMATE STATION","17-019-1001","AQS","19","39"
"02/01/2008","28","Ozone","ISWS CLIMATE STATION","17-019-1001","AQS","28","."
"02/02/2008","26","Ozone","ISWS CLIMATE STATION","17-019-1001","AQS","26","."
"02/03/2008","54","PM2.5","ISWS CLIMATE STATION","17-019-1001","AQS","26","54"
"02/04/2008","19","Ozone","ISWS CLIMATE STATION","17-019-1001","AQS","19","."
"02/05/2008","16","Ozone","ISWS CLIMATE STATION","17-019-1001","AQS","16","."
"02/06/2008","27","Ozone","ISWS CLIMATE STATION","17-019-1001","AQS","27","18"
"02/07/2008","25","Ozone","ISWS CLIMATE STATION","17-019-1001","AQS","25","."
"02/08/2008","31","Ozone","ISWS CLIMATE STATION","17-019-1001","AQS","31","."
"02/09/2008","43","PM2.5","ISWS CLIMATE STATION","17-019-1001","AQS","31","43"
"02/10/2008","31","Ozone","ISWS CLIMATE STATION","17-019-1001","AQS","31","."
"02/11/2008","27","Ozone","ISWS CLIMATE STATION","17-019-1001","AQS","27","."
"02/12/2008","57","PM2.5","ISWS CLIMATE STATION","17-019-1001","AQS","19","57"
"02/13/2008","30","Ozone","ISWS CLIMATE STATION","17-019-1001","AQS","30","."
"02/14/2008","23","Ozone","ISWS CLIMATE STATION","17-019-1001","AQS","23","."
"02/15/2008","51","PM2.5","ISWS CLIMATE STATION","17-019-1001","AQS","30","51"
"02/16/2008","23","Ozone","ISWS CLIMATE STATION","17-019-1001","AQS","23","."
"02/17/2008","31","Ozone","ISWS CLIMATE STATION","17-019-1001","AQS","31","."
"02/18/2008","31","Ozone","ISWS CLIMATE STATION","17-019-1001","AQS","31","26"
"02/19/2008","30","Ozone","ISWS CLIMATE STATION","17-019-1001","AQS","30","."
"02/20/2008","32","Ozone","ISWS CLIMATE STATION","17-019-1001","AQS","32","."
"02/21/2008","25","Ozone","ISWS CLIMATE STATION","17-019-1001","AQS","25","."
"02/22/2008","24","Ozone","ISWS CLIMATE STATION","17-019-1001","AQS","24","."
"02/23/2008","36","Ozone","ISWS CLIMATE STATION","17-019-1001","AQS","36","."
"02/24/2008","80","PM2.5","BOOKER T. WASHINGTON ES","17-019-0004","AQS","31","80"
"02/25/2008","25","Ozone","ISWS CLIMATE STATION","17-019-1001","AQS","25","."
"02/26/2008","41","Ozone","ISWS CLIMATE STATION","17-019-1001","AQS","41","."
"02/27/2008","37","Ozone","ISWS CLIMATE STATION","17-019-1001","AQS","37","33"
"02/28/2008","33","Ozone","ISWS CLIMATE STATION","17-019-1001","AQS","33","."
"02/29/2008","37","Ozone","ISWS CLIMATE STATION","17-019-1001","AQS","37","."
"03/01/2008","33","PM2.5","BOOKER T. WASHINGTON ES","17-019-0004","AQS","31","33"
"03/02/2008","44","Ozone","ISWS CLIMATE STATION","17-019-1001","AQS","44","."
"03/03/2008","31","Ozone","BOOKER T. WASHINGTON ES","17-019-0004","AQS","31","."
"03/04/2008","33","PM2.5","ISWS CLIMATE STATION","17-019-1001","AQS","32","33"
"03/05/2008","31","Ozone","ISWS CLIMATE STATION","17-019-1001","AQS","31","."
"03/06/2008","32","Ozone","ISWS CLIMATE STATION","17-019-1001","AQS","32","."
"03/07/2008","44","PM2.5","ISWS CLIMATE STATION","17-019-1001","AQS","35","44"
"03/08/2008","35","Ozone","ISWS CLIMATE STATION","17-019-1001","AQS","35","."
"03/09/2008","31","Ozone","ISWS CLIMATE STATION","17-019-1001","AQS","31","."
"03/10/2008","62","PM2.5","ISWS CLIMATE STATION","17-019-1001","AQS","35","62"
"03/11/2008","31","Ozone","ISWS CLIMATE STATION","17-019-1001","AQS","31","."
"03/12/2008","43","Ozone","ISWS CLIMATE STATION","17-019-1001","AQS","43","."
"03/13/2008","36","Ozone","ISWS CLIMATE STATION","17-019-1001","AQS","36","35"
"03/14/2008","44","Ozone","ISWS CLIMATE STATION","17-019-1001","AQS","44","."
"03/15/2008","31","Ozone","ISWS CLIMATE STATION","17-019-1001","AQS","31","."
"03/16/2008","37","Ozone","ISWS CLIMATE STATION","17-019-1001","AQS","37","30"
"03/17/2008","23","Ozone","ISWS CLIMATE STATION","17-019-1001","AQS","23","."
"03/18/2008","26","Ozone","ISWS CLIMATE STATION","17-019-1001","AQS","26","."
"03/19/2008","54","PM2.5","ISWS CLIMATE STATION","17-019-1001","AQS","31","54"
"03/20/2008","44","Ozone","ISWS CLIMATE STATION","17-019-1001","AQS","44","."
"03/21/2008","44","Ozone","ISWS CLIMATE STATION","17-019-1001","AQS","44","."
"03/22/2008","37","Ozone","ISWS CLIMATE STATION","17-019-1001","AQS","37","25"
"03/23/2008","41","Ozone","ISWS CLIMATE STATION","17-019-1001","AQS","41","."
"03/24/2008","40","Ozone","ISWS CLIMATE STATION","17-019-1001","AQS","40","."
"03/25/2008","40","Ozone","ISWS CLIMATE STATION","17-019-1001","AQS","40","38"
"03/26/2008","40","Ozone","ISWS CLIMATE STATION","17-019-1001","AQS","40","."
"03/27/2008","25","Ozone","BOOKER T. WASHINGTON ES","17-019-0004","AQS","25","."
"03/28/2008","37","Ozone","ISWS CLIMATE STATION","17-019-1001","AQS","37","29"
"03/29/2008","38","Ozone","ISWS CLIMATE STATION","17-019-1001","AQS","38","."
"03/30/2008","24","Ozone","BOOKER T. WASHINGTON ES","17-019-0004","AQS","24","."
"03/31/2008","58","PM2.5","ISWS CLIMATE STATION","17-019-1001","AQS","33","58"
"04/01/2008","34","Ozone","ISWS CLIMATE STATION","17-019-1001","AQS","34","."
"04/02/2008","44","Ozone","ISWS CLIMATE STATION","17-019-1001","AQS","44","."
"04/03/2008","41","PM2.5","ISWS CLIMATE STATION","17-019-1001","AQS","27","41"
"04/04/2008","38","Ozone","ISWS CLIMATE STATION","17-019-1001","AQS","38","."
"04/05/2008","49","Ozone","ISWS CLIMATE STATION","17-019-1001","AQS","49","."
"04/06/2008","58","PM2.5","BOOKER T. WASHINGTON ES","17-019-0004","AQS","46","58"
"04/07/2008","39","Ozone","ISWS CLIMATE STATION","17-019-1001","AQS","39","."
"04/08/2008","31","Ozone","ISWS CLIMATE STATION","17-019-1001","AQS","31","."
"04/09/2008","33","Ozone","ISWS CLIMATE STATION","17-019-1001","AQS","33","29"
"04/10/2008","32","Ozone","ISWS CLIMATE STATION","17-019-1001","AQS","32","."
"04/11/2008","32","Ozone","BOOKER T. WASHINGTON ES","17-019-0004","AQS","32","."
"04/12/2008","29","Ozone","BOOKER T. WASHINGTON ES","17-019-0004","AQS","29","13"
"04/13/2008","38","Ozone","ISWS CLIMATE STATION","17-019-1001","AQS","38","."
"04/14/2008","37","Ozone","ISWS CLIMATE STATION","17-019-1001","AQS","37","."
"04/15/2008","39","Ozone","BOOKER T. WASHINGTON ES","17-019-0004","AQS","39","27"
"04/16/2008","58","Ozone","ISWS CLIMATE STATION","17-019-1001","AQS","58","."
"04/17/2008","58","Ozone","ISWS CLIMATE STATION","17-019-1001","AQS","58","."
"04/18/2008","54","PM2.5","ISWS CLIMATE STATION","17-019-1001","AQS","44","54"
"04/19/2008","36","Ozone","ISWS CLIMATE STATION","17-019-1001","AQS","36","."
"04/20/2008","42","Ozone","ISWS CLIMATE STATION","17-019-1001","AQS","42","."
"04/21/2008","77","PM2.5","ISWS CLIMATE STATION","17-019-1001","AQS","67","77"
"04/22/2008","77","Ozone","ISWS CLIMATE STATION","17-019-1001","AQS","77","."
"04/23/2008","84","Ozone","ISWS CLIMATE STATION","17-019-1001","AQS","84","."
"04/24/2008","79","PM2.5","ISWS CLIMATE STATION","17-019-1001","AQS","46","79"
"04/25/2008","51","Ozone","ISWS CLIMATE STATION","17-019-1001","AQS","51","."
"04/26/2008","47","Ozone","ISWS CLIMATE STATION","17-019-1001","AQS","47","."
"04/27/2008","43","Ozone","ISWS CLIMATE STATION","17-019-1001","AQS","43","40"
"04/28/2008","42","Ozone","ISWS CLIMATE STATION","17-019-1001","AQS","42","."
"04/29/2008","46","Ozone","ISWS CLIMATE STATION","17-019-1001","AQS","46","."
"04/30/2008","59","PM2.5","ISWS CLIMATE STATION","17-019-1001","AQS","49","59"
"05/01/2008","48","Ozone","ISWS CLIMATE STATION","17-019-1001","AQS","48","."
"05/02/2008","39","Ozone","ISWS CLIMATE STATION","17-019-1001","AQS","39","."
"05/03/2008","36","Ozone","ISWS CLIMATE STATION","17-019-1001","AQS","36","15"
"05/04/2008","54","Ozone","ISWS CLIMATE STATION","17-019-1001","AQS","54","."
"05/05/2008","84","Ozone","ISWS CLIMATE STATION","17-019-1001","AQS","84","."
"05/06/2008","77","Ozone","ISWS CLIMATE STATION","17-019-1001","AQS","77","54"
"05/07/2008","37","Ozone","BOOKER T. WASHINGTON ES","17-019-0004","AQS","37","."
"05/08/2008","34","Ozone","ISWS CLIMATE STATION","17-019-1001","AQS","34","."
"05/09/2008","49","PM2.5","ISWS CLIMATE STATION","17-019-1001","AQS","37","49"
"05/10/2008","48","Ozone","ISWS CLIMATE STATION","17-019-1001","AQS","48","."
"05/11/2008","44","Ozone","ISWS CLIMATE STATION","17-019-1001","AQS","44","."
"05/12/2008","44","Ozone","ISWS CLIMATE STATION","17-019-1001","AQS","44","21"
"05/13/2008","45","Ozone","ISWS CLIMATE STATION","17-019-1001","AQS","45","."
"05/14/2008","36","Ozone","ISWS CLIMATE STATION","17-019-1001","AQS","36","."
"05/15/2008","39","Ozone","ISWS CLIMATE STATION","17-019-1001","AQS","39","37"
"05/16/2008","51","Ozone","ISWS CLIMATE STATION","17-019-1001","AQS","51","."
"05/17/2008","54","Ozone","ISWS CLIMATE STATION","17-019-1001","AQS","54","."
"05/18/2008","43","Ozone","ISWS CLIMATE STATION","17-019-1001","AQS","43","23"
"05/19/2008","38","Ozone","ISWS CLIMATE STATION","17-019-1001","AQS","38","."
"05/20/2008","43","Ozone","ISWS CLIMATE STATION","17-019-1001","AQS","43","."
"05/21/2008","46","Ozone","ISWS CLIMATE STATION","17-019-1001","AQS","46","19"
"05/22/2008","44","Ozone","ISWS CLIMATE STATION","17-019-1001","AQS","44","."
"05/23/2008","28","Ozone","ISWS CLIMATE STATION","17-019-1001","AQS","28","."
"05/24/2008","45","Ozone","ISWS CLIMATE STATION","17-019-1001","AQS","45","35"
"05/25/2008","39","Ozone","ISWS CLIMATE STATION","17-019-1001","AQS","39","."
"05/26/2008","36","Ozone","ISWS CLIMATE STATION","17-019-1001","AQS","36","."
"05/27/2008","22","PM2.5","ISWS CLIMATE STATION","17-019-1001","AQS","22","22"
"05/28/2008","49","Ozone","ISWS CLIMATE STATION","17-019-1001","AQS","49","."
"05/29/2008","90","Ozone","ISWS CLIMATE STATION","17-019-1001","AQS","90","."
"05/30/2008","56","PM2.5","BOOKER T. WASHINGTON ES","17-019-0004","AQS","46","56"
"05/31/2008","51","Ozone","ISWS CLIMATE STATION","17-019-1001","AQS","51","."
"06/01/2008","67","Ozone","ISWS CLIMATE STATION","17-019-1001","AQS","67","."
"06/02/2008","71","Ozone","ISWS CLIMATE STATION","17-019-1001","AQS","71","34"
"06/03/2008","44","Ozone","ISWS CLIMATE STATION","17-019-1001","AQS","44","."
"06/04/2008","49","Ozone","ISWS CLIMATE STATION","17-019-1001","AQS","49","."
"06/05/2008","42","PM2.5","BOOKER T. WASHINGTON ES","17-019-0004","AQS","31","42"
"06/06/2008","34","Ozone","ISWS CLIMATE STATION","17-019-1001","AQS","34","."
"06/07/2008","36","Ozone","ISWS CLIMATE STATION","17-019-1001","AQS","36","."
"06/08/2008","37","Ozone","ISWS CLIMATE STATION","17-019-1001","AQS","37","33"
"06/09/2008","43","Ozone","ISWS CLIMATE STATION","17-019-1001","AQS","43","."
"06/10/2008","54","Ozone","ISWS CLIMATE STATION","17-019-1001","AQS","54","."
"06/11/2008","87","Ozone","ISWS CLIMATE STATION","17-019-1001","AQS","87","44"
"06/12/2008","50","Ozone","ISWS CLIMATE STATION","17-019-1001","AQS","50","."
"06/13/2008","43","Ozone","ISWS CLIMATE STATION","17-019-1001","AQS","43","."
"06/14/2008","58","Ozone","ISWS CLIMATE STATION","17-019-1001","AQS","58","24"
"06/15/2008","64","Ozone","ISWS CLIMATE STATION","17-019-1001","AQS","64","."
"06/16/2008","49","Ozone","ISWS CLIMATE STATION","17-019-1001","AQS","49","."
"06/17/2008","44","Ozone","ISWS CLIMATE STATION","17-019-1001","AQS","44","23"
"06/18/2008","54","Ozone","ISWS CLIMATE STATION","17-019-1001","AQS","54","."
"06/19/2008","71","Ozone","ISWS CLIMATE STATION","17-019-1001","AQS","71","."
"06/20/2008","84","Ozone","ISWS CLIMATE STATION","17-019-1001","AQS","84","35"
"06/21/2008","51","Ozone","ISWS CLIMATE STATION","17-019-1001","AQS","51","."
"06/22/2008","43","Ozone","ISWS CLIMATE STATION","17-019-1001","AQS","43","."
"06/23/2008","43","Ozone","ISWS CLIMATE STATION","17-019-1001","AQS","43","21"
"06/24/2008","58","Ozone","ISWS CLIMATE STATION","17-019-1001","AQS","58","."
"06/25/2008","71","Ozone","ISWS CLIMATE STATION","17-019-1001","AQS","71","."
"06/26/2008","49","Ozone","ISWS CLIMATE STATION","17-019-1001","AQS","49","33"
"06/27/2008","42","Ozone","ISWS CLIMATE STATION","17-019-1001","AQS","42","."
"06/28/2008","40","Ozone","ISWS CLIMATE STATION","17-019-1001","AQS","40","."
"06/29/2008","38","Ozone","ISWS CLIMATE STATION","17-019-1001","AQS","38","18"
"06/30/2008","35","Ozone","ISWS CLIMATE STATION","17-019-1001","AQS","35","."
"07/01/2008","48","Ozone","BOOKER T. WASHINGTON ES","17-019-0004","AQS","48","."
"07/02/2008","84","Ozone","ISWS CLIMATE STATION","17-019-1001","AQS","84","50"
"07/03/2008","29","Ozone","ISWS CLIMATE STATION","17-019-1001","AQS","29","."
"07/04/2008","46","Ozone","ISWS CLIMATE STATION","17-019-1001","AQS","46","."
"07/05/2008","59","PM2.5","ISWS CLIMATE STATION","17-019-1001","AQS","50","59"
"07/06/2008","50","Ozone","BOOKER T. WASHINGTON ES","17-019-0004","AQS","50","."
"07/07/2008","40","Ozone","ISWS CLIMATE STATION","17-019-1001","AQS","40","."
"07/08/2008","39","PM2.5","ISWS CLIMATE STATION","17-019-1001","AQS","38","39"
"07/09/2008","39","Ozone","ISWS CLIMATE STATION","17-019-1001","AQS","39","."
"07/10/2008","51","Ozone","ISWS CLIMATE STATION","17-019-1001","AQS","51","."
"07/11/2008","48","PM2.5","BOOKER T. WASHINGTON ES","17-019-0004","AQS","35","48"
"07/12/2008","38","Ozone","ISWS CLIMATE STATION","17-019-1001","AQS","38","."
"07/13/2008","34","Ozone","ISWS CLIMATE STATION","17-019-1001","AQS","34","."
"07/14/2008","38","Ozone","ISWS CLIMATE STATION","17-019-1001","AQS","38","20"
"07/15/2008","50","Ozone","ISWS CLIMATE STATION","17-019-1001","AQS","50","."
"07/16/2008","45","Ozone","ISWS CLIMATE STATION","17-019-1001","AQS","45","."
"07/17/2008","85","PM2.5","BOOKER T. WASHINGTON ES","17-019-0004","AQS","80","85"
"07/18/2008","58","Ozone","ISWS CLIMATE STATION","17-019-1001","AQS","58","."
"07/19/2008","51","Ozone","ISWS CLIMATE STATION","17-019-1001","AQS","51","."
"07/20/2008","56","PM2.5","ISWS CLIMATE STATION","17-019-1001","AQS","51","56"
"07/21/2008","42","Ozone","ISWS CLIMATE STATION","17-019-1001","AQS","42","."
"07/22/2008","44","Ozone","ISWS CLIMATE STATION","17-019-1001","AQS","44","."
"07/23/2008","38","Ozone","ISWS CLIMATE STATION","17-019-1001","AQS","38","34"
"07/24/2008","33","Ozone","ISWS CLIMATE STATION","17-019-1001","AQS","33","."
"07/25/2008","39","Ozone","ISWS CLIMATE STATION","17-019-1001","AQS","39","."
"07/26/2008","46","PM2.5","ISWS CLIMATE STATION","17-019-1001","AQS","42","46"
"07/27/2008","42","Ozone","BOOKER T. WASHINGTON ES","17-019-0004","AQS","42","."
"07/28/2008","45","Ozone","ISWS CLIMATE STATION","17-019-1001","AQS","45","."
"07/29/2008","46","PM2.5","BOOKER T. WASHINGTON ES","17-019-0004","AQS","45","46"
"07/30/2008","25","Ozone","ISWS CLIMATE STATION","17-019-1001","AQS","25","."
"07/31/2008","40","Ozone","ISWS CLIMATE STATION","17-019-1001","AQS","40","."
"08/01/2008","62","PM2.5","ISWS CLIMATE STATION","17-019-1001","AQS","36","62"
"08/02/2008","44","Ozone","ISWS CLIMATE STATION","17-019-1001","AQS","44","."
"08/03/2008","33","Ozone","ISWS CLIMATE STATION","17-019-1001","AQS","33","."
"08/04/2008","70","PM2.5","BOOKER T. WASHINGTON ES","17-019-0004","AQS","42","70"
"08/05/2008","35","Ozone","ISWS CLIMATE STATION","17-019-1001","AQS","35","."
"08/06/2008","48","Ozone","ISWS CLIMATE STATION","17-019-1001","AQS","48","."
"08/07/2008","33","Ozone","ISWS CLIMATE STATION","17-019-1001","AQS","33","24"
"08/08/2008","37","Ozone","ISWS CLIMATE STATION","17-019-1001","AQS","37","."
"08/09/2008","34","Ozone","ISWS CLIMATE STATION","17-019-1001","AQS","34","."
"08/10/2008","32","Ozone","ISWS CLIMATE STATION","17-019-1001","AQS","32","24"
"08/11/2008","31","Ozone","ISWS CLIMATE STATION","17-019-1001","AQS","31","."
"08/12/2008","38","Ozone","ISWS CLIMATE STATION","17-019-1001","AQS","38","."
"08/13/2008","58","PM2.5","ISWS CLIMATE STATION","17-019-1001","AQS","44","58"
"08/14/2008","44","Ozone","ISWS CLIMATE STATION","17-019-1001","AQS","44","."
"08/15/2008","40","Ozone","ISWS CLIMATE STATION","17-019-1001","AQS","40","."
"08/16/2008","36","Ozone","ISWS CLIMATE STATION","17-019-1001","AQS","36","30"
"08/17/2008","42","Ozone","ISWS CLIMATE STATION","17-019-1001","AQS","42","."
"08/18/2008","45","Ozone","ISWS CLIMATE STATION","17-019-1001","AQS","45","."
"08/19/2008","55","PM2.5","ISWS CLIMATE STATION","17-019-1001","AQS","50","55"
"08/20/2008","50","Ozone","ISWS CLIMATE STATION","17-019-1001","AQS","50","."
"08/21/2008","38","Ozone","ISWS CLIMATE STATION","17-019-1001","AQS","38","."
"08/22/2008","57","PM2.5","BOOKER T. WASHINGTON ES","17-019-0004","AQS","31","57"
"08/23/2008","41","Ozone","ISWS CLIMATE STATION","17-019-1001","AQS","41","."
"08/24/2008","35","Ozone","ISWS CLIMATE STATION","17-019-1001","AQS","35","."
"08/25/2008","37","Ozone","ISWS CLIMATE STATION","17-019-1001","AQS","37","29"
"08/26/2008","41","Ozone","ISWS CLIMATE STATION","17-019-1001","AQS","41","."
"08/27/2008","61","Ozone","ISWS CLIMATE STATION","17-019-1001","AQS","61","."
"08/28/2008","83","PM2.5","BOOKER T. WASHINGTON ES","17-019-0004","AQS","34","83"
"08/29/2008","44","Ozone","ISWS CLIMATE STATION","17-019-1001","AQS","44","."
"08/30/2008","54","Ozone","ISWS CLIMATE STATION","17-019-1001","AQS","54","."
"08/31/2008","50","PM2.5","ISWS CLIMATE STATION","17-019-1001","AQS","47","50"
"09/01/2008","47","Ozone","ISWS CLIMATE STATION","17-019-1001","AQS","47","."
"09/02/2008","32","Ozone","ISWS CLIMATE STATION","17-019-1001","AQS","32","."
"09/03/2008","56","PM2.5","BOOKER T. WASHINGTON ES","17-019-0004","AQS","30","56"
"09/04/2008","25","Ozone","ISWS CLIMATE STATION","17-019-1001","AQS","25","."
"09/05/2008","17","Ozone","ISWS CLIMATE STATION","17-019-1001","AQS","17","."
"09/06/2008","31","Ozone","ISWS CLIMATE STATION","17-019-1001","AQS","31","18"
"09/07/2008","34","Ozone","ISWS CLIMATE STATION","17-019-1001","AQS","34","."
"09/08/2008","27","Ozone","ISWS CLIMATE STATION","17-019-1001","AQS","27","."
"09/09/2008","55","PM2.5","ISWS CLIMATE STATION","17-019-1001","AQS","28","55"
"09/10/2008","36","Ozone","BOOKER T. WASHINGTON ES","17-019-0004","AQS","36","."
"09/11/2008","30","Ozone","ISWS CLIMATE STATION","17-019-1001","AQS","30","."
"09/12/2008","23","PM2.5","ISWS CLIMATE STATION","17-019-1001","AQS","19","23"
"09/13/2008","23","Ozone","ISWS CLIMATE STATION","17-019-1001","AQS","23","."
"09/14/2008","25","Ozone","ISWS CLIMATE STATION","17-019-1001","AQS","25","."
"09/15/2008","25","PM2.5","ISWS CLIMATE STATION","17-019-1001","AQS","22","25"
"09/16/2008","28","Ozone","ISWS CLIMATE STATION","17-019-1001","AQS","28","."
"09/17/2008","43","Ozone","ISWS CLIMATE STATION","17-019-1001","AQS","43","."
"09/18/2008","45","Ozone","ISWS CLIMATE STATION","17-019-1001","AQS","45","35"
"09/19/2008","49","Ozone","ISWS CLIMATE STATION","17-019-1001","AQS","49","."
"09/20/2008","38","Ozone","ISWS CLIMATE STATION","17-019-1001","AQS","38","."
"09/21/2008","58","PM2.5","ISWS CLIMATE STATION","17-019-1001","AQS","33","58"
"09/22/2008","50","Ozone","ISWS CLIMATE STATION","17-019-1001","AQS","50","."
"09/23/2008","67","Ozone","ISWS CLIMATE STATION","17-019-1001","AQS","67","."
"09/24/2008","80","Ozone","ISWS CLIMATE STATION","17-019-1001","AQS","80","66"
"09/25/2008","97","Ozone","ISWS CLIMATE STATION","17-019-1001","AQS","97","."
"09/26/2008","46","Ozone","ISWS CLIMATE STATION","17-019-1001","AQS","46","."
"09/27/2008","71","Ozone","ISWS CLIMATE STATION","17-019-1001","AQS","71","59"
"09/28/2008","90","Ozone","ISWS CLIMATE STATION","17-019-1001","AQS","90","."
"09/29/2008","36","Ozone","BOOKER T. WASHINGTON ES","17-019-0004","AQS","36","."
"09/30/2008","25","Ozone","ISWS CLIMATE STATION","17-019-1001","AQS","25","24"
"10/01/2008","27","Ozone","ISWS CLIMATE STATION","17-019-1001","AQS","27","."
"10/02/2008","28","Ozone","ISWS CLIMATE STATION","17-019-1001","AQS","28","."
"10/03/2008","34","Ozone","ISWS CLIMATE STATION","17-019-1001","AQS","34","24"
"10/04/2008","35","Ozone","ISWS CLIMATE STATION","17-019-1001","AQS","35","."
"10/05/2008","71","Ozone","ISWS CLIMATE STATION","17-019-1001","AQS","71","."
"10/06/2008","61","PM2.5","ISWS CLIMATE STATION","17-019-1001","AQS","61","61"
"10/07/2008","39","Ozone","BOOKER T. WASHINGTON ES","17-019-0004","AQS","39","."
"10/08/2008","26","Ozone","BOOKER T. WASHINGTON ES","17-019-0004","AQS","26","."
"10/09/2008","35","Ozone","ISWS CLIMATE STATION","17-019-1001","AQS","35","20"
"10/10/2008","47","Ozone","ISWS CLIMATE STATION","17-019-1001","AQS","47","."
"10/11/2008","54","Ozone","BOOKER T. WASHINGTON ES","17-019-0004","AQS","54","."
"10/12/2008","46","Ozone","BOOKER T. WASHINGTON ES","17-019-0004","AQS","46","38"
"10/13/2008","43","Ozone","BOOKER T. WASHINGTON ES","17-019-0004","AQS","43","."
"10/14/2008","28","Ozone","BOOKER T. WASHINGTON ES","17-019-0004","AQS","28","."
"10/15/2008","42","Ozone","BOOKER T. WASHINGTON ES","17-019-0004","AQS","42","31"
"10/16/2008","29","Ozone","ISWS CLIMATE STATION","17-019-1001","AQS","29","."
"10/17/2008","28","Ozone","ISWS CLIMATE STATION","17-019-1001","AQS","28","."
"10/18/2008","31","Ozone","ISWS CLIMATE STATION","17-019-1001","AQS","31","24"
"10/19/2008","32","Ozone","ISWS CLIMATE STATION","17-019-1001","AQS","32","."
"10/20/2008","31","Ozone","ISWS CLIMATE STATION","17-019-1001","AQS","31","."
"10/21/2008","27","PM2.5","BOOKER T. WASHINGTON ES","17-019-0004","AQS","27","27"
"10/22/2008","27","Ozone","ISWS CLIMATE STATION","17-019-1001","AQS","27","."
"10/23/2008","31","Ozone","BOOKER T. WASHINGTON ES","17-019-0004","AQS","31","."
"10/24/2008","30","Ozone","ISWS CLIMATE STATION","17-019-1001","AQS","30","14"
"10/25/2008","24","Ozone","ISWS CLIMATE STATION","17-019-1001","AQS","24","."
"10/26/2008","31","Ozone","ISWS CLIMATE STATION","17-019-1001","AQS","31","."
"10/27/2008","18","Ozone","ISWS CLIMATE STATION","17-019-1001","AQS","18","13"
"10/28/2008","22","Ozone","ISWS CLIMATE STATION","17-019-1001","AQS","22","."
"10/29/2008","25","Ozone","ISWS CLIMATE STATION","17-019-1001","AQS","25","."
"10/30/2008","35","Ozone","ISWS CLIMATE STATION","17-019-1001","AQS","35","34"
"10/31/2008","47","Ozone","ISWS CLIMATE STATION","17-019-1001","AQS","47","."
"11/01/2008","47","Ozone","ISWS CLIMATE STATION","17-019-1001","AQS","47","."
"11/02/2008","73","PM2.5","BOOKER T. WASHINGTON ES","17-019-0004","AQS","47","73"
"11/03/2008","48","Ozone","ISWS CLIMATE STATION","17-019-1001","AQS","48","."
"11/04/2008","45","Ozone","ISWS CLIMATE STATION","17-019-1001","AQS","45","."
"11/05/2008","45","PM2.5","ISWS CLIMATE STATION","17-019-1001","AQS","37","45"
"11/06/2008","31","Ozone","BOOKER T. WASHINGTON ES","17-019-0004","AQS","31","."
"11/07/2008","13","Ozone","ISWS CLIMATE STATION","17-019-1001","AQS","13","."
"11/08/2008","22","PM2.5","BOOKER T. WASHINGTON ES","17-019-0004","AQS","15","22"
"11/09/2008","21","Ozone","ISWS CLIMATE STATION","17-019-1001","AQS","21","."
"11/10/2008","21","Ozone","ISWS CLIMATE STATION","17-019-1001","AQS","21","."
"11/11/2008","57","PM2.5","ISWS CLIMATE STATION","17-019-1001","AQS","11","57"
"11/12/2008","13","Ozone","BOOKER T. WASHINGTON ES","17-019-0004","AQS","13","."
"11/13/2008","17","Ozone","ISWS CLIMATE STATION","17-019-1001","AQS","17","."
"11/14/2008","50","PM2.5","BOOKER T. WASHINGTON ES","17-019-0004","AQS","16","50"
"11/15/2008","16","Ozone","ISWS CLIMATE STATION","17-019-1001","AQS","16","."
"11/16/2008","19","Ozone","ISWS CLIMATE STATION","17-019-1001","AQS","19","."
"11/17/2008","21","Ozone","ISWS CLIMATE STATION","17-019-1001","AQS","21","15"
"11/18/2008","26","Ozone","ISWS CLIMATE STATION","17-019-1001","AQS","26","."
"11/19/2008","18","Ozone","ISWS CLIMATE STATION","17-019-1001","AQS","18","."
"11/20/2008","27","PM2.5","BOOKER T. WASHINGTON ES","17-019-0004","AQS","23","27"
"11/21/2008","22","Ozone","ISWS CLIMATE STATION","17-019-1001","AQS","22","."
"11/22/2008","18","Ozone","ISWS CLIMATE STATION","17-019-1001","AQS","18","."
"11/23/2008","57","PM2.5","ISWS CLIMATE STATION","17-019-1001","AQS","21","57"
"11/24/2008","19","Ozone","ISWS CLIMATE STATION","17-019-1001","AQS","19","."
"11/25/2008","20","Ozone","ISWS CLIMATE STATION","17-019-1001","AQS","20","."
"11/26/2008","52","PM2.5","ISWS CLIMATE STATION","17-019-1001","AQS","19","52"
"11/27/2008","21","Ozone","BOOKER T. WASHINGTON ES","17-019-0004","AQS","21","."
"11/28/2008","19","Ozone","ISWS CLIMATE STATION","17-019-1001","AQS","19","."
"11/29/2008","35","PM2.5","ISWS CLIMATE STATION","17-019-1001","AQS","19","35"
"11/30/2008","23","Ozone","BOOKER T. WASHINGTON ES","17-019-0004","AQS","23","."
"12/01/2008","24","Ozone","ISWS CLIMATE STATION","17-019-1001","AQS","24","."
"12/02/2008","35","PM2.5","BOOKER T. WASHINGTON ES","17-019-0004","AQS","20","35"
"12/03/2008","20","Ozone","ISWS CLIMATE STATION","17-019-1001","AQS","20","."
"12/04/2008","19","Ozone","ISWS CLIMATE STATION","17-019-1001","AQS","19","."
"12/05/2008","26","PM2.5","ISWS CLIMATE STATION","17-019-1001","AQS","23","26"
"12/06/2008","22","Ozone","ISWS CLIMATE STATION","17-019-1001","AQS","22","."
"12/07/2008","23","Ozone","BOOKER T. WASHINGTON ES","17-019-0004","AQS","23","."
"12/08/2008","37","PM2.5","ISWS CLIMATE STATION","17-019-1001","AQS","22","37"
"12/09/2008","24","Ozone","BOOKER T. WASHINGTON ES","17-019-0004","AQS","24","."
"12/10/2008","21","Ozone","ISWS CLIMATE STATION","17-019-1001","AQS","21","."
"12/11/2008","48","PM2.5","ISWS CLIMATE STATION","17-019-1001","AQS","18","48"
"12/12/2008","17","Ozone","ISWS CLIMATE STATION","17-019-1001","AQS","17","."
"12/13/2008","21","Ozone","BOOKER T. WASHINGTON ES","17-019-0004","AQS","21","."
"12/14/2008","30","PM2.5","ISWS CLIMATE STATION","17-019-1001","AQS","26","30"
"12/15/2008","23","Ozone","ISWS CLIMATE STATION","17-019-1001","AQS","23","."
"12/16/2008","17","Ozone","BOOKER T. WASHINGTON ES","17-019-0004","AQS","17","."
"12/17/2008","39","PM2.5","ISWS CLIMATE STATION","17-019-1001","AQS","19","39"
"12/18/2008","12","Ozone","ISWS CLIMATE STATION","17-019-1001","AQS","12","."
"12/19/2008","14","Ozone","ISWS CLIMATE STATION","17-019-1001","AQS","14","."
"12/20/2008","66","PM2.5","BOOKER T. WASHINGTON ES","17-019-0004","AQS","22","66"
"12/21/2008","24","Ozone","ISWS CLIMATE STATION","17-019-1001","AQS","24","."
"12/22/2008","24","Ozone","ISWS CLIMATE STATION","17-019-1001","AQS","24","."
"12/23/2008","37","PM2.5","ISWS CLIMATE STATION","17-019-1001","AQS","19","37"
"12/24/2008","29","Ozone","ISWS CLIMATE STATION","17-019-1001","AQS","29","."
"12/25/2008","25","Ozone","BOOKER T. WASHINGTON ES","17-019-0004","AQS","25","."
"12/26/2008","42","PM2.5","BOOKER T. WASHINGTON ES","17-019-0004","AQS","21","42"
"12/27/2008","30","Ozone","BOOKER T. WASHINGTON ES","17-019-0004","AQS","30","."
"12/28/2008","25","Ozone","BOOKER T. WASHINGTON ES","17-019-0004","AQS","25","."
"12/29/2008","21","Ozone","ISWS CLIMATE STATION","17-019-1001","AQS","21","17"
"12/30/2008","27","Ozone","ISWS CLIMATE STATION","17-019-1001","AQS","27","."
"12/31/2008","28","Ozone","ISWS CLIMATE STATION","17-019-1001","AQS","28","."
