"Date","Overall AQI Value","Main Pollutant","Site Name (of Overall AQI)","Site ID (of Overall AQI)","Source (of Overall AQI)","Ozone","PM25"
"01/01/2006","19","Ozone","BOOKER T. WASHINGTON ES","17-019-0004","AQS","19","."
"01/02/2006","53","PM2.5","ISWS CLIMATE STATION","17-019-1001","AQS","24","53"
"01/03/2006","8","Ozone","ISWS CLIMATE STATION","17-019-1001","AQS","8","."
"01/04/2006","20","Ozone","ISWS CLIMATE STATION","17-019-1001","AQS","20","."
"01/05/2006","33","PM2.5","ISWS CLIMATE STATION","17-019-1001","AQS","24","33"
"01/06/2006","27","Ozone","ISWS CLIMATE STATION","17-019-1001","AQS","27","."
"01/07/2006","13","Ozone","ISWS CLIMATE STATION","17-019-1001","AQS","13","."
"01/08/2006","32","PM2.5","ISWS CLIMATE STATION","17-019-1001","AQS","28","32"
"01/09/2006","19","Ozone","ISWS CLIMATE STATION","17-019-1001","AQS","19","."
"01/10/2006","16","Ozone","ISWS CLIMATE STATION","17-019-1001","AQS","16","."
"01/11/2006","30","PM2.5","BOOKER T. WASHINGTON ES","17-019-0004","AQS","16","30"
"01/12/2006","30","Ozone","ISWS CLIMATE STATION","17-019-1001","AQS","30","."
"01/13/2006","22","Ozone","ISWS CLIMATE STATION","17-019-1001","AQS","22","."
"01/14/2006","24","PM2.5","ISWS CLIMATE STATION","17-019-1001","AQS","24","24"
"01/15/2006","16","Ozone","BOOKER T. WASHINGTON ES","17-019-0004","AQS","16","."
"01/16/2006","22","Ozone","ISWS CLIMATE STATION","17-019-1001","AQS","22","."
"01/17/2006","62","PM2.5","ISWS CLIMATE STATION","17-019-1001","AQS","25","62"
"01/18/2006","26","Ozone","ISWS CLIMATE STATION","17-019-1001","AQS","26","."
"01/19/2006","31","Ozone","ISWS CLIMATE STATION","17-019-1001","AQS","31","."
"01/20/2006","31","PM2.5","ISWS CLIMATE STATION","17-019-1001","AQS","19","31"
"01/21/2006","26","Ozone","ISWS CLIMATE STATION","17-019-1001","AQS","26","."
"01/22/2006","13","Ozone","ISWS CLIMATE STATION","17-019-1001","AQS","13","."
"01/23/2006","62","PM2.5","ISWS CLIMATE STATION","17-019-1001","AQS","21","62"
"01/24/2006","31","Ozone","ISWS CLIMATE STATION","17-019-1001","AQS","31","."
"01/25/2006","27","Ozone","ISWS CLIMATE STATION","17-019-1001","AQS","27","."
"01/26/2006","37","PM2.5","ISWS CLIMATE STATION","17-019-1001","AQS","24","37"
"01/27/2006","20","Ozone","ISWS CLIMATE STATION","17-019-1001","AQS","20","."
"01/28/2006","30","Ozone","ISWS CLIMATE STATION","17-019-1001","AQS","30","."
"01/29/2006","49","PM2.5","ISWS CLIMATE STATION","17-019-1001","AQS","27","49"
"01/30/2006","26","Ozone","ISWS CLIMATE STATION","17-019-1001","AQS","26","."
"01/31/2006","29","Ozone","ISWS CLIMATE STATION","17-019-1001","AQS","29","."
"02/01/2006","28","PM2.5","ISWS CLIMATE STATION","17-019-1001","AQS","26","28"
"02/02/2006","13","Ozone","ISWS CLIMATE STATION","17-019-1001","AQS","13","."
"02/03/2006","25","Ozone","ISWS CLIMATE STATION","17-019-1001","AQS","25","."
"02/04/2006","52","PM2.5","BOOKER T. WASHINGTON ES","17-019-0004","AQS","20","52"
"02/05/2006","20","Ozone","ISWS CLIMATE STATION","17-019-1001","AQS","20","."
"02/06/2006","30","Ozone","ISWS CLIMATE STATION","17-019-1001","AQS","30","."
"02/07/2006","27","Ozone","ISWS CLIMATE STATION","17-019-1001","AQS","27","17"
"02/08/2006","31","Ozone","ISWS CLIMATE STATION","17-019-1001","AQS","31","."
"02/09/2006","33","Ozone","ISWS CLIMATE STATION","17-019-1001","AQS","33","."
"02/10/2006","51","PM2.5","BOOKER T. WASHINGTON ES","17-019-0004","AQS","28","51"
"02/11/2006","27","Ozone","ISWS CLIMATE STATION","17-019-1001","AQS","27","."
"02/12/2006","31","Ozone","ISWS CLIMATE STATION","17-019-1001","AQS","31","."
"02/13/2006","40","PM2.5","ISWS CLIMATE STATION","17-019-1001","AQS","27","40"
"02/14/2006","31","Ozone","ISWS CLIMATE STATION","17-019-1001","AQS","31","."
"02/15/2006","32","Ozone","ISWS CLIMATE STATION","17-019-1001","AQS","32","."
"02/16/2006","53","PM2.5","BOOKER T. WASHINGTON ES","17-019-0004","AQS","33","53"
"02/17/2006","32","Ozone","ISWS CLIMATE STATION","17-019-1001","AQS","32","."
"02/18/2006","29","Ozone","ISWS CLIMATE STATION","17-019-1001","AQS","29","."
"02/19/2006","30","Ozone","ISWS CLIMATE STATION","17-019-1001","AQS","30","23"
"02/20/2006","22","Ozone","ISWS CLIMATE STATION","17-019-1001","AQS","22","."
"02/21/2006","33","Ozone","ISWS CLIMATE STATION","17-019-1001","AQS","33","."
"02/22/2006","71","PM2.5","ISWS CLIMATE STATION","17-019-1001","AQS","31","71"
"02/23/2006","35","Ozone","ISWS CLIMATE STATION","17-019-1001","AQS","35","."
"02/24/2006","31","Ozone","ISWS CLIMATE STATION","17-019-1001","AQS","31","."
"02/25/2006","36","Ozone","ISWS CLIMATE STATION","17-019-1001","AQS","36","24"
"02/26/2006","35","Ozone","ISWS CLIMATE STATION","17-019-1001","AQS","35","."
"02/27/2006","32","Ozone","ISWS CLIMATE STATION","17-019-1001","AQS","32","."
"02/28/2006","79","PM2.5","BOOKER T. WASHINGTON ES","17-019-0004","AQS","26","79"
"03/01/2006","19","Ozone","ISWS CLIMATE STATION","17-019-1001","AQS","19","."
"03/02/2006","26","Ozone","ISWS CLIMATE STATION","17-019-1001","AQS","26","."
"03/03/2006","39","PM2.5","ISWS CLIMATE STATION","17-019-1001","AQS","35","39"
"03/04/2006","31","Ozone","ISWS CLIMATE STATION","17-019-1001","AQS","31","."
"03/05/2006","19","Ozone","ISWS CLIMATE STATION","17-019-1001","AQS","19","."
"03/06/2006","80","PM2.5","BOOKER T. WASHINGTON ES","17-019-0004","AQS","22","80"
"03/07/2006","31","Ozone","BOOKER T. WASHINGTON ES","17-019-0004","AQS","31","."
"03/08/2006","31","Ozone","ISWS CLIMATE STATION","17-019-1001","AQS","31","."
"03/09/2006","32","Ozone","ISWS CLIMATE STATION","17-019-1001","AQS","32","12"
"03/10/2006","35","Ozone","ISWS CLIMATE STATION","17-019-1001","AQS","35","."
"03/11/2006","39","Ozone","ISWS CLIMATE STATION","17-019-1001","AQS","39","."
"03/12/2006","58","PM2.5","ISWS CLIMATE STATION","17-019-1001","AQS","34","58"
"03/13/2006","38","Ozone","ISWS CLIMATE STATION","17-019-1001","AQS","38","."
"03/14/2006","37","Ozone","ISWS CLIMATE STATION","17-019-1001","AQS","37","."
"03/15/2006","40","Ozone","ISWS CLIMATE STATION","17-019-1001","AQS","40","24"
"03/16/2006","39","Ozone","ISWS CLIMATE STATION","17-019-1001","AQS","39","."
"03/17/2006","37","Ozone","ISWS CLIMATE STATION","17-019-1001","AQS","37","."
"03/18/2006","40","Ozone","ISWS CLIMATE STATION","17-019-1001","AQS","40","38"
"03/19/2006","40","Ozone","ISWS CLIMATE STATION","17-019-1001","AQS","40","."
"03/20/2006","35","Ozone","ISWS CLIMATE STATION","17-019-1001","AQS","35","."
"03/21/2006","31","Ozone","ISWS CLIMATE STATION","17-019-1001","AQS","31","26"
"03/22/2006","38","Ozone","ISWS CLIMATE STATION","17-019-1001","AQS","38","."
"03/23/2006","33","Ozone","BOOKER T. WASHINGTON ES","17-019-0004","AQS","33","."
"03/24/2006","57","PM2.5","ISWS CLIMATE STATION","17-019-1001","AQS","31","57"
"03/25/2006","33","Ozone","ISWS CLIMATE STATION","17-019-1001","AQS","33","."
"03/26/2006","36","Ozone","ISWS CLIMATE STATION","17-019-1001","AQS","36","."
"03/27/2006","41","PM2.5","ISWS CLIMATE STATION","17-019-1001","AQS","30","41"
"03/28/2006","27","Ozone","ISWS CLIMATE STATION","17-019-1001","AQS","27","."
"03/29/2006","37","Ozone","ISWS CLIMATE STATION","17-019-1001","AQS","37","."
"03/30/2006","63","PM2.5","ISWS CLIMATE STATION","17-019-1001","AQS","54","63"
"03/31/2006","41","Ozone","ISWS CLIMATE STATION","17-019-1001","AQS","41","."
"04/01/2006","27","Ozone","ISWS CLIMATE STATION","17-019-1001","AQS","27","."
"04/02/2006","48","PM2.5","ISWS CLIMATE STATION","17-019-1001","AQS","34","48"
"04/03/2006","30","Ozone","BOOKER T. WASHINGTON ES","17-019-0004","AQS","30","."
"04/04/2006","44","Ozone","ISWS CLIMATE STATION","17-019-1001","AQS","44","."
"04/05/2006","51","Ozone","ISWS CLIMATE STATION","17-019-1001","AQS","51","37"
"04/06/2006","38","Ozone","ISWS CLIMATE STATION","17-019-1001","AQS","38","."
"04/07/2006","44","Ozone","ISWS CLIMATE STATION","17-019-1001","AQS","44","."
"04/08/2006","37","Ozone","ISWS CLIMATE STATION","17-019-1001","AQS","37","20"
"04/09/2006","49","Ozone","ISWS CLIMATE STATION","17-019-1001","AQS","49","."
"04/10/2006","58","Ozone","ISWS CLIMATE STATION","17-019-1001","AQS","58","."
"04/11/2006","71","Ozone","ISWS CLIMATE STATION","17-019-1001","AQS","71","55"
"04/12/2006","64","Ozone","ISWS CLIMATE STATION","17-019-1001","AQS","64","."
"04/13/2006","67","Ozone","ISWS CLIMATE STATION","17-019-1001","AQS","67","."
"04/14/2006","63","PM2.5","ISWS CLIMATE STATION","17-019-1001","AQS","47","63"
"04/15/2006","64","Ozone","ISWS CLIMATE STATION","17-019-1001","AQS","64","."
"04/16/2006","41","Ozone","ISWS CLIMATE STATION","17-019-1001","AQS","41","."
"04/17/2006","49","Ozone","ISWS CLIMATE STATION","17-019-1001","AQS","49","34"
"04/18/2006","58","Ozone","ISWS CLIMATE STATION","17-019-1001","AQS","58","."
"04/19/2006","90","Ozone","ISWS CLIMATE STATION","17-019-1001","AQS","90","."
"04/20/2006","67","Ozone","ISWS CLIMATE STATION","17-019-1001","AQS","67","33"
"04/21/2006","49","Ozone","ISWS CLIMATE STATION","17-019-1001","AQS","49","."
"04/22/2006","64","Ozone","ISWS CLIMATE STATION","17-019-1001","AQS","64","."
"04/23/2006","51","Ozone","ISWS CLIMATE STATION","17-019-1001","AQS","51","25"
"04/24/2006","80","Ozone","ISWS CLIMATE STATION","17-019-1001","AQS","80","."
"04/25/2006","30","Ozone","ISWS CLIMATE STATION","17-019-1001","AQS","30","."
"04/26/2006","47","Ozone","ISWS CLIMATE STATION","17-019-1001","AQS","47","23"
"04/27/2006","71","Ozone","ISWS CLIMATE STATION","17-019-1001","AQS","71","."
"04/28/2006","84","Ozone","ISWS CLIMATE STATION","17-019-1001","AQS","84","."
"04/29/2006","57","PM2.5","BOOKER T. WASHINGTON ES","17-019-0004","AQS","45","57"
"04/30/2006","46","Ozone","ISWS CLIMATE STATION","17-019-1001","AQS","46","."
"05/01/2006","37","Ozone","ISWS CLIMATE STATION","17-019-1001","AQS","37","."
"05/02/2006","51","Ozone","ISWS CLIMATE STATION","17-019-1001","AQS","51","33"
"05/03/2006","44","Ozone","ISWS CLIMATE STATION","17-019-1001","AQS","44","."
"05/04/2006","44","Ozone","ISWS CLIMATE STATION","17-019-1001","AQS","44","."
"05/05/2006","36","Ozone","ISWS CLIMATE STATION","17-019-1001","AQS","36","20"
"05/06/2006","40","Ozone","ISWS CLIMATE STATION","17-019-1001","AQS","40","."
"05/07/2006","64","Ozone","ISWS CLIMATE STATION","17-019-1001","AQS","64","."
"05/08/2006","67","Ozone","ISWS CLIMATE STATION","17-019-1001","AQS","67","58"
"05/09/2006","45","Ozone","ISWS CLIMATE STATION","17-019-1001","AQS","45","."
"05/10/2006","44","Ozone","ISWS CLIMATE STATION","17-019-1001","AQS","44","."
"05/11/2006","39","Ozone","ISWS CLIMATE STATION","17-019-1001","AQS","39","29"
"05/12/2006","25","Ozone","ISWS CLIMATE STATION","17-019-1001","AQS","25","."
"05/13/2006","20","Ozone","ISWS CLIMATE STATION","17-019-1001","AQS","20","."
"05/14/2006","26","Ozone","ISWS CLIMATE STATION","17-019-1001","AQS","26","18"
"05/15/2006","42","Ozone","ISWS CLIMATE STATION","17-019-1001","AQS","42","."
"05/16/2006","44","Ozone","ISWS CLIMATE STATION","17-019-1001","AQS","44","."
"05/17/2006","46","Ozone","ISWS CLIMATE STATION","17-019-1001","AQS","46","38"
"05/18/2006","46","Ozone","ISWS CLIMATE STATION","17-019-1001","AQS","46","."
"05/19/2006","61","Ozone","ISWS CLIMATE STATION","17-019-1001","AQS","61","."
"05/20/2006","48","Ozone","ISWS CLIMATE STATION","17-019-1001","AQS","48","16"
"05/21/2006","47","Ozone","ISWS CLIMATE STATION","17-019-1001","AQS","47","."
"05/22/2006","49","Ozone","ISWS CLIMATE STATION","17-019-1001","AQS","49","."
"05/23/2006","97","Ozone","ISWS CLIMATE STATION","17-019-1001","AQS","97","40"
"05/24/2006","80","Ozone","ISWS CLIMATE STATION","17-019-1001","AQS","80","."
"05/25/2006","48","Ozone","ISWS CLIMATE STATION","17-019-1001","AQS","48","."
"05/26/2006","80","Ozone","ISWS CLIMATE STATION","17-019-1001","AQS","80","46"
"05/27/2006","97","Ozone","ISWS CLIMATE STATION","17-019-1001","AQS","97","."
"05/28/2006","44","Ozone","ISWS CLIMATE STATION","17-019-1001","AQS","44","."
"05/29/2006","52","PM2.5","BOOKER T. WASHINGTON ES","17-019-0004","AQS","42","52"
"05/30/2006","41","Ozone","ISWS CLIMATE STATION","17-019-1001","AQS","41","."
"05/31/2006","47","Ozone","ISWS CLIMATE STATION","17-019-1001","AQS","47","."
"06/01/2006","33","Ozone","ISWS CLIMATE STATION","17-019-1001","AQS","33","32"
"06/02/2006","87","Ozone","ISWS CLIMATE STATION","17-019-1001","AQS","87","."
"06/03/2006","90","Ozone","ISWS CLIMATE STATION","17-019-1001","AQS","90","."
"06/04/2006","46","Ozone","ISWS CLIMATE STATION","17-019-1001","AQS","46","35"
"06/05/2006","93","Ozone","ISWS CLIMATE STATION","17-019-1001","AQS","93","."
"06/06/2006","100","Ozone","ISWS CLIMATE STATION","17-019-1001","AQS","100","."
"06/07/2006","50","Ozone","ISWS CLIMATE STATION","17-019-1001","AQS","50","41"
"06/08/2006","64","Ozone","ISWS CLIMATE STATION","17-019-1001","AQS","64","."
"06/09/2006","42","Ozone","ISWS CLIMATE STATION","17-019-1001","AQS","42","."
"06/10/2006","33","Ozone","ISWS CLIMATE STATION","17-019-1001","AQS","33","22"
"06/11/2006","31","Ozone","ISWS CLIMATE STATION","17-019-1001","AQS","31","."
"06/12/2006","67","Ozone","ISWS CLIMATE STATION","17-019-1001","AQS","67","."
"06/13/2006","51","Ozone","ISWS CLIMATE STATION","17-019-1001","AQS","51","19"
"06/14/2006","84","Ozone","ISWS CLIMATE STATION","17-019-1001","AQS","84","."
"06/15/2006","126","Ozone","ISWS CLIMATE STATION","17-019-1001","AQS","126","."
"06/16/2006","129","Ozone","ISWS CLIMATE STATION","17-019-1001","AQS","129","73"
"06/17/2006","74","Ozone","ISWS CLIMATE STATION","17-019-1001","AQS","74","."
"06/18/2006","45","Ozone","ISWS CLIMATE STATION","17-019-1001","AQS","45","."
"06/19/2006","64","Ozone","ISWS CLIMATE STATION","17-019-1001","AQS","64","22"
"06/20/2006","51","Ozone","ISWS CLIMATE STATION","17-019-1001","AQS","51","."
"06/21/2006","48","Ozone","ISWS CLIMATE STATION","17-019-1001","AQS","48","."
"06/22/2006","61","Ozone","ISWS CLIMATE STATION","17-019-1001","AQS","61","39"
"06/23/2006","87","Ozone","ISWS CLIMATE STATION","17-019-1001","AQS","87","."
"06/24/2006","61","Ozone","ISWS CLIMATE STATION","17-019-1001","AQS","61","."
"06/25/2006","74","Ozone","ISWS CLIMATE STATION","17-019-1001","AQS","74","37"
"06/26/2006","50","Ozone","ISWS CLIMATE STATION","17-019-1001","AQS","50","."
"06/27/2006","50","Ozone","ISWS CLIMATE STATION","17-019-1001","AQS","50","."
"06/28/2006","67","Ozone","ISWS CLIMATE STATION","17-019-1001","AQS","67","59"
"06/29/2006","51","Ozone","ISWS CLIMATE STATION","17-019-1001","AQS","51","."
"06/30/2006","74","Ozone","ISWS CLIMATE STATION","17-019-1001","AQS","74","."
"07/01/2006","97","Ozone","ISWS CLIMATE STATION","17-019-1001","AQS","97","52"
"07/02/2006","105","Ozone","ISWS CLIMATE STATION","17-019-1001","AQS","105","."
"07/03/2006","74","Ozone","ISWS CLIMATE STATION","17-019-1001","AQS","74","."
"07/04/2006","67","PM2.5","BOOKER T. WASHINGTON ES","17-019-0004","AQS","42","67"
"07/05/2006","44","Ozone","ISWS CLIMATE STATION","17-019-1001","AQS","44","."
"07/06/2006","49","Ozone","ISWS CLIMATE STATION","17-019-1001","AQS","49","."
"07/07/2006","64","Ozone","ISWS CLIMATE STATION","17-019-1001","AQS","64","40"
"07/08/2006","80","Ozone","ISWS CLIMATE STATION","17-019-1001","AQS","80","."
"07/09/2006","84","Ozone","ISWS CLIMATE STATION","17-019-1001","AQS","84","."
"07/10/2006","80","Ozone","ISWS CLIMATE STATION","17-019-1001","AQS","80","66"
"07/11/2006","37","Ozone","ISWS CLIMATE STATION","17-019-1001","AQS","37","."
"07/12/2006","37","Ozone","ISWS CLIMATE STATION","17-019-1001","AQS","37","."
"07/13/2006","54","PM2.5","ISWS CLIMATE STATION","17-019-1001","AQS","46","54"
"07/14/2006","54","Ozone","ISWS CLIMATE STATION","17-019-1001","AQS","54","."
"07/15/2006","54","Ozone","ISWS CLIMATE STATION","17-019-1001","AQS","54","."
"07/16/2006","50","Ozone","ISWS CLIMATE STATION","17-019-1001","AQS","50","49"
"07/17/2006","49","Ozone","ISWS CLIMATE STATION","17-019-1001","AQS","49","."
"07/18/2006","71","Ozone","ISWS CLIMATE STATION","17-019-1001","AQS","71","."
"07/19/2006","86","PM2.5","ISWS CLIMATE STATION","17-019-1001","AQS","84","86"
"07/20/2006","44","Ozone","ISWS CLIMATE STATION","17-019-1001","AQS","44","."
"07/21/2006","39","Ozone","ISWS CLIMATE STATION","17-019-1001","AQS","39","."
"07/22/2006","36","Ozone","ISWS CLIMATE STATION","17-019-1001","AQS","36","34"
"07/23/2006","44","Ozone","ISWS CLIMATE STATION","17-019-1001","AQS","44","."
"07/24/2006","50","Ozone","ISWS CLIMATE STATION","17-019-1001","AQS","50","."
"07/25/2006","60","PM2.5","ISWS CLIMATE STATION","17-019-1001","AQS","48","60"
"07/26/2006","40","Ozone","ISWS CLIMATE STATION","17-019-1001","AQS","40","."
"07/27/2006","42","Ozone","ISWS CLIMATE STATION","17-019-1001","AQS","42","."
"07/28/2006","54","PM2.5","BOOKER T. WASHINGTON ES","17-019-0004","AQS","45","54"
"07/29/2006","47","Ozone","ISWS CLIMATE STATION","17-019-1001","AQS","47","."
"07/30/2006","43","Ozone","BOOKER T. WASHINGTON ES","17-019-0004","AQS","43","."
"07/31/2006","51","PM2.5","ISWS CLIMATE STATION","17-019-1001","AQS","44","51"
"08/01/2006","40","Ozone","ISWS CLIMATE STATION","17-019-1001","AQS","40","."
"08/02/2006","44","Ozone","ISWS CLIMATE STATION","17-019-1001","AQS","44","."
"08/03/2006","41","Ozone","ISWS CLIMATE STATION","17-019-1001","AQS","41","37"
"08/04/2006","44","Ozone","ISWS CLIMATE STATION","17-019-1001","AQS","44","."
"08/05/2006","61","Ozone","ISWS CLIMATE STATION","17-019-1001","AQS","61","."
"08/06/2006","67","PM2.5","ISWS CLIMATE STATION","17-019-1001","AQS","67","67"
"08/07/2006","44","Ozone","ISWS CLIMATE STATION","17-019-1001","AQS","44","."
"08/08/2006","31","Ozone","ISWS CLIMATE STATION","17-019-1001","AQS","31","."
"08/09/2006","41","Ozone","ISWS CLIMATE STATION","17-019-1001","AQS","41","40"
"08/10/2006","36","Ozone","ISWS CLIMATE STATION","17-019-1001","AQS","36","."
"08/11/2006","48","Ozone","ISWS CLIMATE STATION","17-019-1001","AQS","48","."
"08/12/2006","49","Ozone","ISWS CLIMATE STATION","17-019-1001","AQS","49","39"
"08/13/2006","61","Ozone","ISWS CLIMATE STATION","17-019-1001","AQS","61","."
"08/14/2006","32","Ozone","ISWS CLIMATE STATION","17-019-1001","AQS","32","."
"08/15/2006","42","Ozone","ISWS CLIMATE STATION","17-019-1001","AQS","42","35"
"08/16/2006","74","Ozone","ISWS CLIMATE STATION","17-019-1001","AQS","74","."
"08/17/2006","97","Ozone","ISWS CLIMATE STATION","17-019-1001","AQS","97","."
"08/18/2006","71","PM2.5","ISWS CLIMATE STATION","17-019-1001","AQS","43","71"
"08/19/2006","42","Ozone","ISWS CLIMATE STATION","17-019-1001","AQS","42","."
"08/20/2006","40","Ozone","ISWS CLIMATE STATION","17-019-1001","AQS","40","."
"08/21/2006","43","Ozone","ISWS CLIMATE STATION","17-019-1001","AQS","43","28"
"08/22/2006","50","Ozone","ISWS CLIMATE STATION","17-019-1001","AQS","50","."
"08/23/2006","47","Ozone","ISWS CLIMATE STATION","17-019-1001","AQS","47","."
"08/24/2006","90","Ozone","ISWS CLIMATE STATION","17-019-1001","AQS","90","84"
"08/25/2006","64","Ozone","ISWS CLIMATE STATION","17-019-1001","AQS","64","."
"08/26/2006","35","Ozone","ISWS CLIMATE STATION","17-019-1001","AQS","35","."
"08/27/2006","55","PM2.5","BOOKER T. WASHINGTON ES","17-019-0004","AQS","39","55"
"08/28/2006","38","Ozone","ISWS CLIMATE STATION","17-019-1001","AQS","38","."
"08/29/2006","28","Ozone","ISWS CLIMATE STATION","17-019-1001","AQS","28","."
"08/30/2006","32","Ozone","ISWS CLIMATE STATION","17-019-1001","AQS","32","."
"08/31/2006","28","Ozone","ISWS CLIMATE STATION","17-019-1001","AQS","28","."
"09/01/2006","29","Ozone","ISWS CLIMATE STATION","17-019-1001","AQS","29","."
"09/02/2006","39","Ozone","ISWS CLIMATE STATION","17-019-1001","AQS","39","28"
"09/03/2006","47","Ozone","ISWS CLIMATE STATION","17-019-1001","AQS","47","."
"09/04/2006","39","Ozone","ISWS CLIMATE STATION","17-019-1001","AQS","39","."
"09/05/2006","29","PM2.5","ISWS CLIMATE STATION","17-019-1001","AQS","29","29"
"09/06/2006","31","Ozone","BOOKER T. WASHINGTON ES","17-019-0004","AQS","31","."
"09/07/2006","40","Ozone","BOOKER T. WASHINGTON ES","17-019-0004","AQS","40","."
"09/08/2006","66","PM2.5","BOOKER T. WASHINGTON ES","17-019-0004","AQS","45","66"
"09/09/2006","50","Ozone","BOOKER T. WASHINGTON ES","17-019-0004","AQS","50","."
"09/10/2006","37","Ozone","BOOKER T. WASHINGTON ES","17-019-0004","AQS","37","."
"09/11/2006","55","PM2.5","ISWS CLIMATE STATION","17-019-1001","AQS","31","55"
"09/12/2006","27","Ozone","BOOKER T. WASHINGTON ES","17-019-0004","AQS","27","."
"09/13/2006","12","Ozone","BOOKER T. WASHINGTON ES","17-019-0004","AQS","12","."
"09/14/2006","61","PM2.5","BOOKER T. WASHINGTON ES","17-019-0004","AQS","34","61"
"09/15/2006","41","Ozone","BOOKER T. WASHINGTON ES","17-019-0004","AQS","41","."
"09/16/2006","50","Ozone","BOOKER T. WASHINGTON ES","17-019-0004","AQS","50","."
"09/17/2006","53","PM2.5","ISWS CLIMATE STATION","17-019-1001","AQS","48","53"
"09/18/2006","30","Ozone","ISWS CLIMATE STATION","17-019-1001","AQS","30","."
"09/19/2006","24","Ozone","ISWS CLIMATE STATION","17-019-1001","AQS","24","."
"09/20/2006","36","Ozone","ISWS CLIMATE STATION","17-019-1001","AQS","36","26"
"09/21/2006","36","Ozone","ISWS CLIMATE STATION","17-019-1001","AQS","36","."
"09/22/2006","36","Ozone","ISWS CLIMATE STATION","17-019-1001","AQS","36","."
"09/23/2006","30","Ozone","ISWS CLIMATE STATION","17-019-1001","AQS","30","18"
"09/24/2006","22","Ozone","ISWS CLIMATE STATION","17-019-1001","AQS","22","."
"09/25/2006","36","Ozone","ISWS CLIMATE STATION","17-019-1001","AQS","36","."
"09/26/2006","40","Ozone","ISWS CLIMATE STATION","17-019-1001","AQS","40","39"
"09/27/2006","35","Ozone","ISWS CLIMATE STATION","17-019-1001","AQS","35","."
"09/28/2006","24","Ozone","ISWS CLIMATE STATION","17-019-1001","AQS","24","."
"09/29/2006","27","Ozone","ISWS CLIMATE STATION","17-019-1001","AQS","27","13"
"09/30/2006","33","Ozone","ISWS CLIMATE STATION","17-019-1001","AQS","33","."
"10/01/2006","44","Ozone","ISWS CLIMATE STATION","17-019-1001","AQS","44","."
"10/02/2006","54","Ozone","ISWS CLIMATE STATION","17-019-1001","AQS","54","45"
"10/03/2006","58","Ozone","ISWS CLIMATE STATION","17-019-1001","AQS","58","."
"10/04/2006","45","Ozone","ISWS CLIMATE STATION","17-019-1001","AQS","45","."
"10/05/2006","26","Ozone","ISWS CLIMATE STATION","17-019-1001","AQS","26","20"
"10/06/2006","32","Ozone","ISWS CLIMATE STATION","17-019-1001","AQS","32","."
"10/07/2006","39","Ozone","ISWS CLIMATE STATION","17-019-1001","AQS","39","."
"10/08/2006","54","PM2.5","BOOKER T. WASHINGTON ES","17-019-0004","AQS","47","54"
"10/09/2006","54","Ozone","ISWS CLIMATE STATION","17-019-1001","AQS","54","."
"10/10/2006","27","Ozone","ISWS CLIMATE STATION","17-019-1001","AQS","27","."
"10/11/2006","38","PM2.5","ISWS CLIMATE STATION","17-019-1001","AQS","18","38"
"10/12/2006","27","Ozone","ISWS CLIMATE STATION","17-019-1001","AQS","27","."
"10/13/2006","28","Ozone","ISWS CLIMATE STATION","17-019-1001","AQS","28","."
"10/14/2006","29","Ozone","ISWS CLIMATE STATION","17-019-1001","AQS","29","23"
"10/15/2006","28","Ozone","ISWS CLIMATE STATION","17-019-1001","AQS","28","."
"10/16/2006","29","Ozone","ISWS CLIMATE STATION","17-019-1001","AQS","29","."
"10/17/2006","25","Ozone","ISWS CLIMATE STATION","17-019-1001","AQS","25","11"
"10/18/2006","24","Ozone","ISWS CLIMATE STATION","17-019-1001","AQS","24","."
"10/19/2006","19","Ozone","ISWS CLIMATE STATION","17-019-1001","AQS","19","."
"10/20/2006","35","PM2.5","BOOKER T. WASHINGTON ES","17-019-0004","AQS","27","35"
"10/21/2006","33","Ozone","ISWS CLIMATE STATION","17-019-1001","AQS","33","."
"10/22/2006","26","Ozone","ISWS CLIMATE STATION","17-019-1001","AQS","26","."
"10/23/2006","26","Ozone","ISWS CLIMATE STATION","17-019-1001","AQS","26","24"
"10/24/2006","20","Ozone","ISWS CLIMATE STATION","17-019-1001","AQS","20","."
"10/25/2006","16","Ozone","ISWS CLIMATE STATION","17-019-1001","AQS","16","."
"10/26/2006","52","PM2.5","ISWS CLIMATE STATION","17-019-1001","AQS","13","52"
"10/27/2006","14","Ozone","ISWS CLIMATE STATION","17-019-1001","AQS","14","."
"10/28/2006","31","Ozone","ISWS CLIMATE STATION","17-019-1001","AQS","31","."
"10/29/2006","31","Ozone","ISWS CLIMATE STATION","17-019-1001","AQS","31","19"
"10/30/2006","44","Ozone","ISWS CLIMATE STATION","17-019-1001","AQS","44","."
"10/31/2006","21","Ozone","ISWS CLIMATE STATION","17-019-1001","AQS","21","."
"11/01/2006","42","PM2.5","BOOKER T. WASHINGTON ES","17-019-0004","AQS","25","42"
"11/02/2006","29","Ozone","ISWS CLIMATE STATION","17-019-1001","AQS","29","."
"11/03/2006","25","Ozone","ISWS CLIMATE STATION","17-019-1001","AQS","25","."
"11/04/2006","44","PM2.5","ISWS CLIMATE STATION","17-019-1001","AQS","23","44"
"11/05/2006","23","Ozone","ISWS CLIMATE STATION","17-019-1001","AQS","23","."
"11/06/2006","19","Ozone","ISWS CLIMATE STATION","17-019-1001","AQS","19","."
"11/07/2006","70","PM2.5","BOOKER T. WASHINGTON ES","17-019-0004","AQS","18","70"
"11/08/2006","30","Ozone","ISWS CLIMATE STATION","17-019-1001","AQS","30","."
"11/09/2006","29","Ozone","ISWS CLIMATE STATION","17-019-1001","AQS","29","."
"11/10/2006","53","PM2.5","ISWS CLIMATE STATION","17-019-1001","AQS","25","53"
"11/11/2006","25","Ozone","ISWS CLIMATE STATION","17-019-1001","AQS","25","."
"11/12/2006","24","Ozone","ISWS CLIMATE STATION","17-019-1001","AQS","24","."
"11/13/2006","67","PM2.5","BOOKER T. WASHINGTON ES","17-019-0004","AQS","13","67"
"11/14/2006","7","Ozone","ISWS CLIMATE STATION","17-019-1001","AQS","7","."
"11/15/2006","17","Ozone","ISWS CLIMATE STATION","17-019-1001","AQS","17","."
"11/16/2006","35","PM2.5","ISWS CLIMATE STATION","17-019-1001","AQS","20","35"
"11/17/2006","15","Ozone","ISWS CLIMATE STATION","17-019-1001","AQS","15","."
"11/18/2006","13","Ozone","ISWS CLIMATE STATION","17-019-1001","AQS","13","."
"11/19/2006","51","PM2.5","ISWS CLIMATE STATION","17-019-1001","AQS","20","51"
"11/20/2006","23","Ozone","ISWS CLIMATE STATION","17-019-1001","AQS","23","."
"11/21/2006","20","Ozone","ISWS CLIMATE STATION","17-019-1001","AQS","20","."
"11/22/2006","53","PM2.5","ISWS CLIMATE STATION","17-019-1001","AQS","17","53"
"11/23/2006","20","Ozone","ISWS CLIMATE STATION","17-019-1001","AQS","20","."
"11/24/2006","17","Ozone","ISWS CLIMATE STATION","17-019-1001","AQS","17","."
"11/25/2006","62","PM2.5","ISWS CLIMATE STATION","17-019-1001","AQS","29","62"
"11/26/2006","34","Ozone","ISWS CLIMATE STATION","17-019-1001","AQS","34","."
"11/27/2006","25","Ozone","ISWS CLIMATE STATION","17-019-1001","AQS","25","."
"11/28/2006","50","PM2.5","ISWS CLIMATE STATION","17-019-1001","AQS","31","50"
"11/29/2006","21","Ozone","ISWS CLIMATE STATION","17-019-1001","AQS","21","."
"11/30/2006","10","Ozone","BOOKER T. WASHINGTON ES","17-019-0004","AQS","10","."
"12/01/2006","23","PM2.5","BOOKER T. WASHINGTON ES","17-019-0004","AQS","19","23"
"12/02/2006","14","Ozone","BOOKER T. WASHINGTON ES","17-019-0004","AQS","14","."
"12/03/2006","19","Ozone","BOOKER T. WASHINGTON ES","17-019-0004","AQS","19","."
"12/04/2006","18","Ozone","BOOKER T. WASHINGTON ES","17-019-0004","AQS","18","."
"12/05/2006","15","Ozone","BOOKER T. WASHINGTON ES","17-019-0004","AQS","15","."
"12/06/2006","22","Ozone","BOOKER T. WASHINGTON ES","17-019-0004","AQS","22","."
"12/07/2006","24","Ozone","BOOKER T. WASHINGTON ES","17-019-0004","AQS","24","21"
"12/08/2006","19","Ozone","BOOKER T. WASHINGTON ES","17-019-0004","AQS","19","."
"12/09/2006","18","Ozone","BOOKER T. WASHINGTON ES","17-019-0004","AQS","18","."
"12/10/2006","19","Ozone","BOOKER T. WASHINGTON ES","17-019-0004","AQS","19","."
"12/11/2006","17","Ozone","BOOKER T. WASHINGTON ES","17-019-0004","AQS","17","."
"12/12/2006","21","Ozone","ISWS CLIMATE STATION","17-019-1001","AQS","21","."
"12/13/2006","52","PM2.5","ISWS CLIMATE STATION","17-019-1001","AQS","17","52"
"12/14/2006","31","Ozone","ISWS CLIMATE STATION","17-019-1001","AQS","31","."
"12/15/2006","20","Ozone","ISWS CLIMATE STATION","17-019-1001","AQS","20","."
"12/16/2006","48","PM2.5","ISWS CLIMATE STATION","17-019-1001","AQS","19","48"
"12/17/2006","15","Ozone","ISWS CLIMATE STATION","17-019-1001","AQS","15","."
"12/18/2006","20","Ozone","ISWS CLIMATE STATION","17-019-1001","AQS","20","."
"12/19/2006","58","PM2.5","BOOKER T. WASHINGTON ES","17-019-0004","AQS","17","58"
"12/20/2006","6","Ozone","ISWS CLIMATE STATION","17-019-1001","AQS","6","."
"12/21/2006","10","Ozone","ISWS CLIMATE STATION","17-019-1001","AQS","10","."
"12/22/2006","33","PM2.5","ISWS CLIMATE STATION","17-019-1001","AQS","22","33"
"12/23/2006","18","Ozone","ISWS CLIMATE STATION","17-019-1001","AQS","18","."
"12/24/2006","12","Ozone","ISWS CLIMATE STATION","17-019-1001","AQS","12","."
"12/25/2006","79","PM2.5","BOOKER T. WASHINGTON ES","17-019-0004","AQS","16","79"
"12/26/2006","20","Ozone","ISWS CLIMATE STATION","17-019-1001","AQS","20","."
"12/27/2006","14","Ozone","ISWS CLIMATE STATION","17-019-1001","AQS","14","."
"12/28/2006","29","PM2.5","ISWS CLIMATE STATION","17-019-1001","AQS","21","29"
"12/29/2006","18","Ozone","ISWS CLIMATE STATION","17-019-1001","AQS","18","."
"12/30/2006","17","Ozone","BOOKER T. WASHINGTON ES","17-019-0004","AQS","17","."
"12/31/2006","38","PM2.5","ISWS CLIMATE STATION","17-019-1001","AQS","24","38"
