"Date","Overall AQI Value","Main Pollutant","Site Name (of Overall AQI)","Site ID (of Overall AQI)","Source (of Overall AQI)","Ozone","SO2","PM25"
"01/01/1988","22","Ozone","BOOKER T. WASHINGTON ES","17-019-0004","AQS","22","9","."
"01/02/1988","50","SO2","BOOKER T. WASHINGTON ES","17-019-0004","AQS","19","50","."
"01/03/1988","60","SO2","BOOKER T. WASHINGTON ES","17-019-0004","AQS","17","60","."
"01/04/1988","23","Ozone","BOOKER T. WASHINGTON ES","17-019-0004","AQS","23","7","."
"01/05/1988","43","SO2","BOOKER T. WASHINGTON ES","17-019-0004","AQS","21","43","."
"01/06/1988","21","Ozone","BOOKER T. WASHINGTON ES","17-019-0004","AQS","21","7","."
"01/07/1988","43","SO2","BOOKER T. WASHINGTON ES","17-019-0004","AQS","14","43","."
"01/08/1988","50","SO2","BOOKER T. WASHINGTON ES","17-019-0004","AQS","16","50","."
"01/09/1988","18","Ozone","BOOKER T. WASHINGTON ES","17-019-0004","AQS","18","7","."
"01/10/1988","51","SO2","BOOKER T. WASHINGTON ES","17-019-0004","AQS","20","51","."
"01/11/1988","90","SO2","BOOKER T. WASHINGTON ES","17-019-0004","AQS","23","90","."
"01/12/1988","66","SO2","BOOKER T. WASHINGTON ES","17-019-0004","AQS","22","66","."
"01/13/1988","20","Ozone","BOOKER T. WASHINGTON ES","17-019-0004","AQS","20","4","."
"01/14/1988","81","SO2","BOOKER T. WASHINGTON ES","17-019-0004","AQS","15","81","."
"01/15/1988","54","SO2","BOOKER T. WASHINGTON ES","17-019-0004","AQS","18","54","."
"01/16/1988","43","SO2","BOOKER T. WASHINGTON ES","17-019-0004","AQS","29","43","."
"01/17/1988","20","Ozone","BOOKER T. WASHINGTON ES","17-019-0004","AQS","20","1","."
"01/18/1988","19","SO2","BOOKER T. WASHINGTON ES","17-019-0004","AQS","17","19","."
"01/19/1988","7","SO2","BOOKER T. WASHINGTON ES","17-019-0004","AQS","6","7","."
"01/20/1988","15","Ozone","BOOKER T. WASHINGTON ES","17-019-0004","AQS","15","7","."
"01/21/1988","18","Ozone","BOOKER T. WASHINGTON ES","17-019-0004","AQS","18","4","."
"01/22/1988","24","SO2","BOOKER T. WASHINGTON ES","17-019-0004","AQS","15","24","."
"01/23/1988","49","SO2","BOOKER T. WASHINGTON ES","17-019-0004","AQS","19","49","."
"01/24/1988","27","SO2","BOOKER T. WASHINGTON ES","17-019-0004","AQS","18","27","."
"01/25/1988","52","SO2","BOOKER T. WASHINGTON ES","17-019-0004","AQS","22","52","."
"01/26/1988","20","Ozone","BOOKER T. WASHINGTON ES","17-019-0004","AQS","20",".","."
"01/27/1988","60","SO2","BOOKER T. WASHINGTON ES","17-019-0004","AQS","15","60","."
"01/28/1988","43","SO2","BOOKER T. WASHINGTON ES","17-019-0004","AQS","18","43","."
"01/29/1988","31","Ozone","BOOKER T. WASHINGTON ES","17-019-0004","AQS","31","24","."
"01/30/1988","30","Ozone","BOOKER T. WASHINGTON ES","17-019-0004","AQS","30","13","."
"01/31/1988","29","Ozone","BOOKER T. WASHINGTON ES","17-019-0004","AQS","29","4","."
"02/01/1988","11","Ozone","BOOKER T. WASHINGTON ES","17-019-0004","AQS","11","1","."
"02/02/1988","15","Ozone","BOOKER T. WASHINGTON ES","17-019-0004","AQS","15","7","."
"02/03/1988","16","Ozone","BOOKER T. WASHINGTON ES","17-019-0004","AQS","16","9","."
"02/04/1988","29","Ozone","BOOKER T. WASHINGTON ES","17-019-0004","AQS","29","10","."
"02/05/1988","25","Ozone","BOOKER T. WASHINGTON ES","17-019-0004","AQS","25","19","."
"02/06/1988","71","SO2","BOOKER T. WASHINGTON ES","17-019-0004","AQS","26","71","."
"02/07/1988","70","SO2","BOOKER T. WASHINGTON ES","17-019-0004","AQS","28","70","."
"02/08/1988","40","SO2","BOOKER T. WASHINGTON ES","17-019-0004","AQS","25","40","."
"02/09/1988","26","Ozone","BOOKER T. WASHINGTON ES","17-019-0004","AQS","26","23","."
"02/10/1988","29","SO2","BOOKER T. WASHINGTON ES","17-019-0004","AQS","23","29","."
"02/11/1988","26","Ozone","BOOKER T. WASHINGTON ES","17-019-0004","AQS","26","20","."
"02/12/1988","30","SO2","BOOKER T. WASHINGTON ES","17-019-0004","AQS","25","30","."
"02/13/1988","40","SO2","BOOKER T. WASHINGTON ES","17-019-0004","AQS","31","40","."
"02/14/1988","66","SO2","BOOKER T. WASHINGTON ES","17-019-0004","AQS","29","66","."
"02/15/1988","25","Ozone","BOOKER T. WASHINGTON ES","17-019-0004","AQS","25","10","."
"02/16/1988","22","Ozone","BOOKER T. WASHINGTON ES","17-019-0004","AQS","22","11","."
"02/17/1988","23","Ozone","BOOKER T. WASHINGTON ES","17-019-0004","AQS","23","9","."
"02/18/1988","22","Ozone","BOOKER T. WASHINGTON ES","17-019-0004","AQS","22","20","."
"02/19/1988","21","Ozone","BOOKER T. WASHINGTON ES","17-019-0004","AQS","21","10","."
"02/20/1988","26","Ozone","BOOKER T. WASHINGTON ES","17-019-0004","AQS","26","1","."
"02/21/1988","24","Ozone","BOOKER T. WASHINGTON ES","17-019-0004","AQS","24","20","."
"02/22/1988","29","Ozone","BOOKER T. WASHINGTON ES","17-019-0004","AQS","29","14","."
"02/23/1988","26","Ozone","BOOKER T. WASHINGTON ES","17-019-0004","AQS","26","3","."
"02/24/1988","24","Ozone","BOOKER T. WASHINGTON ES","17-019-0004","AQS","24","3","."
"02/25/1988","27","Ozone","BOOKER T. WASHINGTON ES","17-019-0004","AQS","27","6","."
"02/26/1988","25","Ozone","BOOKER T. WASHINGTON ES","17-019-0004","AQS","25","24","."
"02/27/1988","30","Ozone","BOOKER T. WASHINGTON ES","17-019-0004","AQS","30","7","."
"02/28/1988","34","SO2","BOOKER T. WASHINGTON ES","17-019-0004","AQS","31","34","."
"02/29/1988","27","Ozone","BOOKER T. WASHINGTON ES","17-019-0004","AQS","27","6","."
"03/01/1988","28","Ozone","BOOKER T. WASHINGTON ES","17-019-0004","AQS","28","24","."
"03/02/1988","23","Ozone","BOOKER T. WASHINGTON ES","17-019-0004","AQS","23","7","."
"03/03/1988","25","Ozone","BOOKER T. WASHINGTON ES","17-019-0004","AQS","25","4","."
"03/04/1988","30","SO2","BOOKER T. WASHINGTON ES","17-019-0004","AQS","27","30","."
"03/05/1988","56","SO2","BOOKER T. WASHINGTON ES","17-019-0004","AQS","34","56","."
"03/06/1988","37","Ozone","BOOKER T. WASHINGTON ES","17-019-0004","AQS","37","31","."
"03/07/1988","27","SO2","BOOKER T. WASHINGTON ES","17-019-0004","AQS","27","27","."
"03/08/1988","60","SO2","BOOKER T. WASHINGTON ES","17-019-0004","AQS","28","60","."
"03/09/1988","19","Ozone","BOOKER T. WASHINGTON ES","17-019-0004","AQS","19","3","."
"03/10/1988","33","SO2","BOOKER T. WASHINGTON ES","17-019-0004","AQS","30","33","."
"03/11/1988","33","SO2","BOOKER T. WASHINGTON ES","17-019-0004","AQS","31","33","."
"03/12/1988","34","Ozone","BOOKER T. WASHINGTON ES","17-019-0004","AQS","34","10","."
"03/14/1988","23","Ozone","BOOKER T. WASHINGTON ES","17-019-0004","AQS","23","4","."
"03/15/1988","25","Ozone","BOOKER T. WASHINGTON ES","17-019-0004","AQS","25","4","."
"03/16/1988","22","Ozone","BOOKER T. WASHINGTON ES","17-019-0004","AQS","22","6","."
"03/17/1988","41","SO2","BOOKER T. WASHINGTON ES","17-019-0004","AQS","31","41","."
"03/18/1988","23","Ozone","BOOKER T. WASHINGTON ES","17-019-0004","AQS","23","9","."
"03/19/1988","28","Ozone","BOOKER T. WASHINGTON ES","17-019-0004","AQS","28","21","."
"03/20/1988","30","Ozone","BOOKER T. WASHINGTON ES","17-019-0004","AQS","30","10","."
"03/21/1988","31","Ozone","BOOKER T. WASHINGTON ES","17-019-0004","AQS","31","14","."
"03/22/1988","52","SO2","BOOKER T. WASHINGTON ES","17-019-0004","AQS","37","52","."
"03/23/1988","37","Ozone","BOOKER T. WASHINGTON ES","17-019-0004","AQS","37","24","."
"03/24/1988","34","Ozone","BOOKER T. WASHINGTON ES","17-019-0004","AQS","34","13","."
"03/25/1988","26","Ozone","BOOKER T. WASHINGTON ES","17-019-0004","AQS","26","17","."
"03/26/1988","26","Ozone","BOOKER T. WASHINGTON ES","17-019-0004","AQS","26","1","."
"03/27/1988","32","Ozone","BOOKER T. WASHINGTON ES","17-019-0004","AQS","32","7","."
"03/28/1988","32","Ozone","BOOKER T. WASHINGTON ES","17-019-0004","AQS","32","27","."
"03/29/1988","19","SO2","BOOKER T. WASHINGTON ES","17-019-0004","AQS","18","19","."
"03/30/1988","33","Ozone","BOOKER T. WASHINGTON ES","17-019-0004","AQS","33","6","."
"03/31/1988","20","Ozone","BOOKER T. WASHINGTON ES","17-019-0004","AQS","20","13","."
"04/01/1988","11","Ozone","BOOKER T. WASHINGTON ES","17-019-0004","AQS","11","6","."
"04/02/1988","25","Ozone","BOOKER T. WASHINGTON ES","17-019-0004","AQS","25","9","."
"04/03/1988","31","Ozone","BOOKER T. WASHINGTON ES","17-019-0004","AQS","31","13","."
"04/04/1988","40","Ozone","BOOKER T. WASHINGTON ES","17-019-0004","AQS","40","24","."
"04/05/1988","39","Ozone","BOOKER T. WASHINGTON ES","17-019-0004","AQS","39",".","."
"04/06/1988","29","Ozone","BOOKER T. WASHINGTON ES","17-019-0004","AQS","29",".","."
"04/07/1988","32","Ozone","BOOKER T. WASHINGTON ES","17-019-0004","AQS","32","14","."
"04/08/1988","40","Ozone","BOOKER T. WASHINGTON ES","17-019-0004","AQS","40",".","."
"04/09/1988","40","Ozone","BOOKER T. WASHINGTON ES","17-019-0004","AQS","40",".","."
"04/10/1988","28","Ozone","BOOKER T. WASHINGTON ES","17-019-0004","AQS","28",".","."
"04/11/1988","33","Ozone","BOOKER T. WASHINGTON ES","17-019-0004","AQS","33",".","."
"04/12/1988","39","Ozone","BOOKER T. WASHINGTON ES","17-019-0004","AQS","39",".","."
"04/13/1988","45","Ozone","BOOKER T. WASHINGTON ES","17-019-0004","AQS","45",".","."
"04/14/1988","37","Ozone","BOOKER T. WASHINGTON ES","17-019-0004","AQS","37",".","."
"04/15/1988","33","Ozone","BOOKER T. WASHINGTON ES","17-019-0004","AQS","33",".","."
"04/16/1988","42","Ozone","BOOKER T. WASHINGTON ES","17-019-0004","AQS","42",".","."
"04/17/1988","50","Ozone","BOOKER T. WASHINGTON ES","17-019-0004","AQS","50",".","."
"04/18/1988","36","Ozone","BOOKER T. WASHINGTON ES","17-019-0004","AQS","36",".","."
"04/19/1988","40","Ozone","BOOKER T. WASHINGTON ES","17-019-0004","AQS","40","13","."
"04/20/1988","36","Ozone","BOOKER T. WASHINGTON ES","17-019-0004","AQS","36","31","."
"04/21/1988","36","Ozone","BOOKER T. WASHINGTON ES","17-019-0004","AQS","36","13","."
"04/22/1988","41","Ozone","BOOKER T. WASHINGTON ES","17-019-0004","AQS","41","24","."
"04/23/1988","28","Ozone","BOOKER T. WASHINGTON ES","17-019-0004","AQS","28","4","."
"04/24/1988","38","Ozone","BOOKER T. WASHINGTON ES","17-019-0004","AQS","38","4","."
"04/25/1988","44","Ozone","BOOKER T. WASHINGTON ES","17-019-0004","AQS","44","11","."
"04/26/1988","50","Ozone","BOOKER T. WASHINGTON ES","17-019-0004","AQS","50",".","."
"04/27/1988","33","Ozone","BOOKER T. WASHINGTON ES","17-019-0004","AQS","33",".","."
"04/28/1988","41","Ozone","BOOKER T. WASHINGTON ES","17-019-0004","AQS","41",".","."
"04/29/1988","44","Ozone","BOOKER T. WASHINGTON ES","17-019-0004","AQS","44",".","."
"04/30/1988","58","Ozone","BOOKER T. WASHINGTON ES","17-019-0004","AQS","58",".","."
"05/01/1988","67","Ozone","BOOKER T. WASHINGTON ES","17-019-0004","AQS","67",".","."
"05/02/1988","61","Ozone","BOOKER T. WASHINGTON ES","17-019-0004","AQS","61",".","."
"05/03/1988","74","Ozone","BOOKER T. WASHINGTON ES","17-019-0004","AQS","74",".","."
"05/04/1988","50","Ozone","BOOKER T. WASHINGTON ES","17-019-0004","AQS","50",".","."
"05/05/1988","51","Ozone","BOOKER T. WASHINGTON ES","17-019-0004","AQS","51",".","."
"05/06/1988","50","Ozone","BOOKER T. WASHINGTON ES","17-019-0004","AQS","50","11","."
"05/07/1988","101","Ozone","BOOKER T. WASHINGTON ES","17-019-0004","AQS","101","21","."
"05/08/1988","71","Ozone","BOOKER T. WASHINGTON ES","17-019-0004","AQS","71","20","."
"05/09/1988","33","Ozone","BOOKER T. WASHINGTON ES","17-019-0004","AQS","33","9","."
"05/11/1988","54","Ozone","BOOKER T. WASHINGTON ES","17-019-0004","AQS","54","17","."
"05/12/1988","51","Ozone","BOOKER T. WASHINGTON ES","17-019-0004","AQS","51","31","."
"05/13/1988","39","Ozone","BOOKER T. WASHINGTON ES","17-019-0004","AQS","39","19","."
"05/14/1988","80","Ozone","BOOKER T. WASHINGTON ES","17-019-0004","AQS","80","7","."
"05/15/1988","67","Ozone","BOOKER T. WASHINGTON ES","17-019-0004","AQS","67","14","."
"05/16/1988","32","Ozone","BOOKER T. WASHINGTON ES","17-019-0004","AQS","32","4","."
"05/17/1988","45","Ozone","BOOKER T. WASHINGTON ES","17-019-0004","AQS","45","7","."
"05/18/1988","50","Ozone","BOOKER T. WASHINGTON ES","17-019-0004","AQS","50","17","."
"05/19/1988","80","Ozone","BOOKER T. WASHINGTON ES","17-019-0004","AQS","80","21","."
"05/20/1988","77","Ozone","BOOKER T. WASHINGTON ES","17-019-0004","AQS","77","19","."
"05/21/1988","166","Ozone","BOOKER T. WASHINGTON ES","17-019-0004","AQS","166","26","."
"05/22/1988","97","Ozone","BOOKER T. WASHINGTON ES","17-019-0004","AQS","97","24","."
"05/23/1988","48","Ozone","BOOKER T. WASHINGTON ES","17-019-0004","AQS","48","7","."
"05/24/1988","38","Ozone","BOOKER T. WASHINGTON ES","17-019-0004","AQS","38","9","."
"05/25/1988","34","Ozone","BOOKER T. WASHINGTON ES","17-019-0004","AQS","34","11","."
"05/26/1988","44","Ozone","BOOKER T. WASHINGTON ES","17-019-0004","AQS","44","31","."
"05/27/1988","101","Ozone","BOOKER T. WASHINGTON ES","17-019-0004","AQS","101","24","."
"05/28/1988","119","Ozone","BOOKER T. WASHINGTON ES","17-019-0004","AQS","119","17","."
"05/29/1988","129","Ozone","BOOKER T. WASHINGTON ES","17-019-0004","AQS","129","13","."
"05/30/1988","115","Ozone","BOOKER T. WASHINGTON ES","17-019-0004","AQS","115","26","."
"05/31/1988","166","Ozone","BOOKER T. WASHINGTON ES","17-019-0004","AQS","166","14","."
"06/01/1988","169","Ozone","BOOKER T. WASHINGTON ES","17-019-0004","AQS","169","21","."
"06/02/1988","133","Ozone","BOOKER T. WASHINGTON ES","17-019-0004","AQS","133","11","."
"06/03/1988","40","Ozone","BOOKER T. WASHINGTON ES","17-019-0004","AQS","40","13","."
"06/04/1988","16","SO2","BOOKER T. WASHINGTON ES","17-019-0004","AQS",".","16","."
"06/05/1988","101","Ozone","BOOKER T. WASHINGTON ES","17-019-0004","AQS","101","24","."
"06/06/1988","150","Ozone","BOOKER T. WASHINGTON ES","17-019-0004","AQS","150","20","."
"06/07/1988","129","Ozone","BOOKER T. WASHINGTON ES","17-019-0004","AQS","129","24","."
"06/08/1988","84","Ozone","BOOKER T. WASHINGTON ES","17-019-0004","AQS","84","54","."
"06/09/1988","38","Ozone","BOOKER T. WASHINGTON ES","17-019-0004","AQS","38","13","."
"06/10/1988","47","Ozone","BOOKER T. WASHINGTON ES","17-019-0004","AQS","47","16","."
"06/11/1988","115","Ozone","BOOKER T. WASHINGTON ES","17-019-0004","AQS","115","103","."
"06/12/1988","126","Ozone","BOOKER T. WASHINGTON ES","17-019-0004","AQS","126","46","."
"06/13/1988","129","Ozone","BOOKER T. WASHINGTON ES","17-019-0004","AQS","129","74","."
"06/14/1988","136","Ozone","BOOKER T. WASHINGTON ES","17-019-0004","AQS","136","109","."
"06/15/1988","67","Ozone","BOOKER T. WASHINGTON ES","17-019-0004","AQS","67","16","."
"06/16/1988","58","Ozone","BOOKER T. WASHINGTON ES","17-019-0004","AQS","58","19","."
"06/17/1988","80","Ozone","BOOKER T. WASHINGTON ES","17-019-0004","AQS","80","29","."
"06/18/1988","115","Ozone","BOOKER T. WASHINGTON ES","17-019-0004","AQS","115","26","."
"06/19/1988","159","Ozone","BOOKER T. WASHINGTON ES","17-019-0004","AQS","159","23","."
"06/20/1988","136","Ozone","BOOKER T. WASHINGTON ES","17-019-0004","AQS","136","23","."
"06/21/1988","151","Ozone","BOOKER T. WASHINGTON ES","17-019-0004","AQS","151","21","."
"06/22/1988","108","Ozone","BOOKER T. WASHINGTON ES","17-019-0004","AQS","108","60","."
"06/23/1988","48","Ozone","BOOKER T. WASHINGTON ES","17-019-0004","AQS","48","9","."
"06/24/1988","129","Ozone","BOOKER T. WASHINGTON ES","17-019-0004","AQS","129","30","."
"06/25/1988","140","Ozone","BOOKER T. WASHINGTON ES","17-019-0004","AQS","140","26","."
"06/26/1988","39","Ozone","BOOKER T. WASHINGTON ES","17-019-0004","AQS","39","24","."
"06/27/1988","49","Ozone","BOOKER T. WASHINGTON ES","17-019-0004","AQS","49","14","."
"06/28/1988","115","Ozone","BOOKER T. WASHINGTON ES","17-019-0004","AQS","115",".","."
"06/29/1988","49","Ozone","BOOKER T. WASHINGTON ES","17-019-0004","AQS","49","24","."
"06/30/1988","46","Ozone","BOOKER T. WASHINGTON ES","17-019-0004","AQS","46","14","."
"07/01/1988","41","Ozone","BOOKER T. WASHINGTON ES","17-019-0004","AQS","41","13","."
"07/02/1988","71","Ozone","BOOKER T. WASHINGTON ES","17-019-0004","AQS","71","7","."
"07/03/1988","77","Ozone","BOOKER T. WASHINGTON ES","17-019-0004","AQS","77","11","."
"07/04/1988","159","Ozone","BOOKER T. WASHINGTON ES","17-019-0004","AQS","159","21","."
"07/05/1988","112","Ozone","BOOKER T. WASHINGTON ES","17-019-0004","AQS","112","29","."
"07/06/1988","154","Ozone","BOOKER T. WASHINGTON ES","17-019-0004","AQS","154","23","."
"07/07/1988","136","Ozone","BOOKER T. WASHINGTON ES","17-019-0004","AQS","136","21","."
"07/08/1988","164","Ozone","BOOKER T. WASHINGTON ES","17-019-0004","AQS","164","33","."
"07/09/1988","164","Ozone","BOOKER T. WASHINGTON ES","17-019-0004","AQS","164","36","."
"07/10/1988","97","Ozone","BOOKER T. WASHINGTON ES","17-019-0004","AQS","97","40","."
"07/11/1988","61","Ozone","BOOKER T. WASHINGTON ES","17-019-0004","AQS","61","6","."
"07/12/1988","48","Ozone","BOOKER T. WASHINGTON ES","17-019-0004","AQS","48","9","."
"07/13/1988","7","SO2","BOOKER T. WASHINGTON ES","17-019-0004","AQS",".","7","."
"07/14/1988","10","SO2","BOOKER T. WASHINGTON ES","17-019-0004","AQS",".","10","."
"07/15/1988","49","Ozone","BOOKER T. WASHINGTON ES","17-019-0004","AQS","49","11","."
"07/16/1988","44","Ozone","BOOKER T. WASHINGTON ES","17-019-0004","AQS","44","11","."
"07/17/1988","87","Ozone","BOOKER T. WASHINGTON ES","17-019-0004","AQS","87","9","."
"07/18/1988","33","Ozone","BOOKER T. WASHINGTON ES","17-019-0004","AQS","33","9","."
"07/19/1988","115","Ozone","BOOKER T. WASHINGTON ES","17-019-0004","AQS","115","20","."
"07/20/1988","42","Ozone","BOOKER T. WASHINGTON ES","17-019-0004","AQS","42","7","."
"07/21/1988","45","Ozone","BOOKER T. WASHINGTON ES","17-019-0004","AQS","45","9","."
"07/22/1988","51","Ozone","BOOKER T. WASHINGTON ES","17-019-0004","AQS","51","10","."
"07/23/1988","100","Ozone","BOOKER T. WASHINGTON ES","17-019-0004","AQS","100","9","."
"07/24/1988","71","Ozone","BOOKER T. WASHINGTON ES","17-019-0004","AQS","71","23","."
"07/25/1988","28","Ozone","BOOKER T. WASHINGTON ES","17-019-0004","AQS","28","16","."
"07/26/1988","58","Ozone","BOOKER T. WASHINGTON ES","17-019-0004","AQS","58","6","."
"07/27/1988","71","Ozone","BOOKER T. WASHINGTON ES","17-019-0004","AQS","71","23","."
"07/28/1988","97","Ozone","BOOKER T. WASHINGTON ES","17-019-0004","AQS","97","17","."
"07/29/1988","74","Ozone","BOOKER T. WASHINGTON ES","17-019-0004","AQS","74","20","."
"07/30/1988","47","SO2","BOOKER T. WASHINGTON ES","17-019-0004","AQS","43","47","."
"07/31/1988","67","Ozone","BOOKER T. WASHINGTON ES","17-019-0004","AQS","67","10","."
"08/01/1988","97","Ozone","BOOKER T. WASHINGTON ES","17-019-0004","AQS","97","7","."
"08/02/1988","101","Ozone","BOOKER T. WASHINGTON ES","17-019-0004","AQS","101",".","."
"08/03/1988","80","Ozone","BOOKER T. WASHINGTON ES","17-019-0004","AQS","80",".","."
"08/04/1988","129","Ozone","BOOKER T. WASHINGTON ES","17-019-0004","AQS","129","19","."
"08/05/1988","34","Ozone","BOOKER T. WASHINGTON ES","17-019-0004","AQS","34","21","."
"08/06/1988","64","Ozone","BOOKER T. WASHINGTON ES","17-019-0004","AQS","64","10","."
"08/07/1988","90","Ozone","BOOKER T. WASHINGTON ES","17-019-0004","AQS","90","14","."
"08/08/1988","48","Ozone","BOOKER T. WASHINGTON ES","17-019-0004","AQS","48","21","."
"08/09/1988","39","Ozone","BOOKER T. WASHINGTON ES","17-019-0004","AQS","39","10","."
"08/10/1988","39","Ozone","BOOKER T. WASHINGTON ES","17-019-0004","AQS","39","13","."
"08/11/1988","47","Ozone","BOOKER T. WASHINGTON ES","17-019-0004","AQS","47","29","."
"08/12/1988","48","Ozone","BOOKER T. WASHINGTON ES","17-019-0004","AQS","48","19","."
"08/13/1988","44","Ozone","BOOKER T. WASHINGTON ES","17-019-0004","AQS","44","17","."
"08/14/1988","47","Ozone","BOOKER T. WASHINGTON ES","17-019-0004","AQS","47","30","."
"08/15/1988","50","Ozone","BOOKER T. WASHINGTON ES","17-019-0004","AQS","50","20","."
"08/16/1988","101","Ozone","BOOKER T. WASHINGTON ES","17-019-0004","AQS","101","10","."
"08/17/1988","61","Ozone","BOOKER T. WASHINGTON ES","17-019-0004","AQS","61","16","."
"08/18/1988","87","Ozone","BOOKER T. WASHINGTON ES","17-019-0004","AQS","87","10","."
"08/19/1988","44","Ozone","BOOKER T. WASHINGTON ES","17-019-0004","AQS","44",".","."
"08/20/1988","43","Ozone","BOOKER T. WASHINGTON ES","17-019-0004","AQS","43","4","."
"08/21/1988","46","Ozone","BOOKER T. WASHINGTON ES","17-019-0004","AQS","46","6","."
"08/22/1988","84","Ozone","BOOKER T. WASHINGTON ES","17-019-0004","AQS","84","27","."
"08/23/1988","39","Ozone","BOOKER T. WASHINGTON ES","17-019-0004","AQS","39","4","."
"08/24/1988","39","Ozone","BOOKER T. WASHINGTON ES","17-019-0004","AQS","39","16","."
"08/25/1988","43","Ozone","BOOKER T. WASHINGTON ES","17-019-0004","AQS","43","11","."
"08/26/1988","32","Ozone","BOOKER T. WASHINGTON ES","17-019-0004","AQS","32","10","."
"08/27/1988","27","Ozone","BOOKER T. WASHINGTON ES","17-019-0004","AQS","27","24","."
"08/28/1988","32","Ozone","BOOKER T. WASHINGTON ES","17-019-0004","AQS","32","10","."
"08/29/1988","33","Ozone","BOOKER T. WASHINGTON ES","17-019-0004","AQS","33","11","."
"08/30/1988","44","Ozone","BOOKER T. WASHINGTON ES","17-019-0004","AQS","44","19","."
"08/31/1988","48","Ozone","BOOKER T. WASHINGTON ES","17-019-0004","AQS","48","19","."
"09/01/1988","105","Ozone","BOOKER T. WASHINGTON ES","17-019-0004","AQS","105","56","."
"09/02/1988","24","SO2","BOOKER T. WASHINGTON ES","17-019-0004","AQS",".","24","."
"09/03/1988","44","Ozone","BOOKER T. WASHINGTON ES","17-019-0004","AQS","44","6","."
"09/04/1988","28","Ozone","BOOKER T. WASHINGTON ES","17-019-0004","AQS","28","3","."
"09/05/1988","30","Ozone","BOOKER T. WASHINGTON ES","17-019-0004","AQS","30","6","."
"09/06/1988","37","Ozone","BOOKER T. WASHINGTON ES","17-019-0004","AQS","37","6","."
"09/07/1988","46","Ozone","BOOKER T. WASHINGTON ES","17-019-0004","AQS","46","27","."
"09/08/1988","58","Ozone","BOOKER T. WASHINGTON ES","17-019-0004","AQS","58","13","."
"09/09/1988","71","Ozone","BOOKER T. WASHINGTON ES","17-019-0004","AQS","71","19","."
"09/10/1988","77","Ozone","BOOKER T. WASHINGTON ES","17-019-0004","AQS","77","14","."
"09/11/1988","33","Ozone","BOOKER T. WASHINGTON ES","17-019-0004","AQS","33","23","."
"09/12/1988","19","Ozone","BOOKER T. WASHINGTON ES","17-019-0004","AQS","19","14","."
"09/13/1988","24","Ozone","BOOKER T. WASHINGTON ES","17-019-0004","AQS","24","7","."
"09/14/1988","44","Ozone","BOOKER T. WASHINGTON ES","17-019-0004","AQS","44","16","."
"09/15/1988","42","Ozone","BOOKER T. WASHINGTON ES","17-019-0004","AQS","42","11","."
"09/16/1988","47","Ozone","BOOKER T. WASHINGTON ES","17-019-0004","AQS","47","27","."
"09/17/1988","44","Ozone","BOOKER T. WASHINGTON ES","17-019-0004","AQS","44","14","."
"09/18/1988","18","Ozone","BOOKER T. WASHINGTON ES","17-019-0004","AQS","18","11","."
"09/19/1988","21","Ozone","BOOKER T. WASHINGTON ES","17-019-0004","AQS","21","6","."
"09/20/1988","29","Ozone","BOOKER T. WASHINGTON ES","17-019-0004","AQS","29","9","."
"09/21/1988","31","Ozone","BOOKER T. WASHINGTON ES","17-019-0004","AQS","31","11","."
"09/22/1988","44","Ozone","BOOKER T. WASHINGTON ES","17-019-0004","AQS","44","16","."
"09/23/1988","28","Ozone","BOOKER T. WASHINGTON ES","17-019-0004","AQS","28","7","."
"09/24/1988","27","Ozone","BOOKER T. WASHINGTON ES","17-019-0004","AQS","27","10","."
"09/25/1988","51","Ozone","BOOKER T. WASHINGTON ES","17-019-0004","AQS","51","14","."
"09/26/1988","54","Ozone","BOOKER T. WASHINGTON ES","17-019-0004","AQS","54","29","."
"09/27/1988","60","SO2","BOOKER T. WASHINGTON ES","17-019-0004","AQS","51","60","."
"09/28/1988","47","Ozone","BOOKER T. WASHINGTON ES","17-019-0004","AQS","47","27","."
"09/29/1988","41","Ozone","BOOKER T. WASHINGTON ES","17-019-0004","AQS","41","19","."
"09/30/1988","24","Ozone","BOOKER T. WASHINGTON ES","17-019-0004","AQS","24","10","."
"10/01/1988","16","Ozone","BOOKER T. WASHINGTON ES","17-019-0004","AQS","16","7","."
"10/02/1988","25","Ozone","BOOKER T. WASHINGTON ES","17-019-0004","AQS","25","3","."
"10/03/1988","22","Ozone","BOOKER T. WASHINGTON ES","17-019-0004","AQS","22","10","."
"10/04/1988","16","SO2","BOOKER T. WASHINGTON ES","17-019-0004","AQS","16","16","."
"10/05/1988","19","Ozone","BOOKER T. WASHINGTON ES","17-019-0004","AQS","19","13","."
"10/06/1988","25","Ozone","BOOKER T. WASHINGTON ES","17-019-0004","AQS","25","9","."
"10/07/1988","31","Ozone","BOOKER T. WASHINGTON ES","17-019-0004","AQS","31","9","."
"10/08/1988","36","Ozone","BOOKER T. WASHINGTON ES","17-019-0004","AQS","36","16","."
"10/09/1988","33","Ozone","BOOKER T. WASHINGTON ES","17-019-0004","AQS","33","13","."
"10/10/1988","28","Ozone","BOOKER T. WASHINGTON ES","17-019-0004","AQS","28","10","."
"10/11/1988","21","Ozone","BOOKER T. WASHINGTON ES","17-019-0004","AQS","21","10","."
"10/12/1988","26","Ozone","BOOKER T. WASHINGTON ES","17-019-0004","AQS","26","11","."
"10/13/1988","30","SO2","BOOKER T. WASHINGTON ES","17-019-0004","AQS","26","30","."
"10/14/1988","35","Ozone","BOOKER T. WASHINGTON ES","17-019-0004","AQS","35","27","."
"10/15/1988","40","Ozone","BOOKER T. WASHINGTON ES","17-019-0004","AQS","40","19","."
"10/16/1988","30","Ozone","BOOKER T. WASHINGTON ES","17-019-0004","AQS","30","3","."
"10/17/1988","22","Ozone","BOOKER T. WASHINGTON ES","17-019-0004","AQS","22","11","."
"10/18/1988","20","Ozone","BOOKER T. WASHINGTON ES","17-019-0004","AQS","20","7","."
"10/19/1988","20","Ozone","BOOKER T. WASHINGTON ES","17-019-0004","AQS","20","4","."
"10/20/1988","14","Ozone","BOOKER T. WASHINGTON ES","17-019-0004","AQS","14","10","."
"10/21/1988","12","Ozone","BOOKER T. WASHINGTON ES","17-019-0004","AQS","12","10","."
"10/22/1988","21","Ozone","BOOKER T. WASHINGTON ES","17-019-0004","AQS","21","9","."
"10/23/1988","17","Ozone","BOOKER T. WASHINGTON ES","17-019-0004","AQS","17","3","."
"10/24/1988","16","Ozone","BOOKER T. WASHINGTON ES","17-019-0004","AQS","16","4","."
"10/25/1988","19","Ozone","BOOKER T. WASHINGTON ES","17-019-0004","AQS","19","16","."
"10/26/1988","20","Ozone","BOOKER T. WASHINGTON ES","17-019-0004","AQS","20","10","."
"10/27/1988","26","SO2","BOOKER T. WASHINGTON ES","17-019-0004","AQS","17","26","."
"10/28/1988","18","Ozone","BOOKER T. WASHINGTON ES","17-019-0004","AQS","18","6","."
"10/29/1988","19","Ozone","BOOKER T. WASHINGTON ES","17-019-0004","AQS","19","10","."
"10/30/1988","23","SO2","BOOKER T. WASHINGTON ES","17-019-0004","AQS","22","23","."
"10/31/1988","40","SO2","BOOKER T. WASHINGTON ES","17-019-0004","AQS","18","40","."
"11/01/1988","20","Ozone","BOOKER T. WASHINGTON ES","17-019-0004","AQS","20","11","."
"11/02/1988","22","Ozone","BOOKER T. WASHINGTON ES","17-019-0004","AQS","22","14","."
"11/03/1988","23","SO2","BOOKER T. WASHINGTON ES","17-019-0004","AQS","23","23","."
"11/04/1988","15","Ozone","BOOKER T. WASHINGTON ES","17-019-0004","AQS","15","1","."
"11/05/1988","14","Ozone","BOOKER T. WASHINGTON ES","17-019-0004","AQS","14","1","."
"11/06/1988","17","Ozone","BOOKER T. WASHINGTON ES","17-019-0004","AQS","17","1","."
"11/07/1988","17","Ozone","BOOKER T. WASHINGTON ES","17-019-0004","AQS","17","14","."
"11/08/1988","26","SO2","BOOKER T. WASHINGTON ES","17-019-0004","AQS","11","26","."
"11/09/1988","13","SO2","BOOKER T. WASHINGTON ES","17-019-0004","AQS","11","13","."
"11/10/1988","13","Ozone","BOOKER T. WASHINGTON ES","17-019-0004","AQS","13","7","."
"11/11/1988","18","Ozone","BOOKER T. WASHINGTON ES","17-019-0004","AQS","18","9","."
"11/12/1988","13","SO2","BOOKER T. WASHINGTON ES","17-019-0004","AQS","12","13","."
"11/13/1988","26","SO2","BOOKER T. WASHINGTON ES","17-019-0004","AQS","18","26","."
"11/14/1988","51","SO2","BOOKER T. WASHINGTON ES","17-019-0004","AQS",".","51","."
"11/15/1988","4","SO2","BOOKER T. WASHINGTON ES","17-019-0004","AQS",".","4","."
"11/16/1988","6","SO2","BOOKER T. WASHINGTON ES","17-019-0004","AQS",".","6","."
"11/17/1988","24","SO2","BOOKER T. WASHINGTON ES","17-019-0004","AQS",".","24","."
"11/18/1988","44","SO2","BOOKER T. WASHINGTON ES","17-019-0004","AQS",".","44","."
"11/19/1988","6","SO2","BOOKER T. WASHINGTON ES","17-019-0004","AQS",".","6","."
"11/20/1988","6","SO2","BOOKER T. WASHINGTON ES","17-019-0004","AQS",".","6","."
"11/21/1988","23","SO2","BOOKER T. WASHINGTON ES","17-019-0004","AQS",".","23","."
"11/22/1988","14","SO2","BOOKER T. WASHINGTON ES","17-019-0004","AQS",".","14","."
"11/23/1988","29","SO2","BOOKER T. WASHINGTON ES","17-019-0004","AQS",".","29","."
"11/24/1988","55","SO2","BOOKER T. WASHINGTON ES","17-019-0004","AQS",".","55","."
"11/25/1988","23","SO2","BOOKER T. WASHINGTON ES","17-019-0004","AQS",".","23","."
"11/26/1988","14","SO2","BOOKER T. WASHINGTON ES","17-019-0004","AQS",".","14","."
"11/27/1988","6","SO2","BOOKER T. WASHINGTON ES","17-019-0004","AQS",".","6","."
"11/28/1988","9","SO2","BOOKER T. WASHINGTON ES","17-019-0004","AQS",".","9","."
"11/29/1988","16","SO2","BOOKER T. WASHINGTON ES","17-019-0004","AQS",".","16","."
"11/30/1988","7","SO2","BOOKER T. WASHINGTON ES","17-019-0004","AQS",".","7","."
"12/01/1988","11","Ozone","BOOKER T. WASHINGTON ES","17-019-0004","AQS","11","9","."
"12/02/1988","29","SO2","BOOKER T. WASHINGTON ES","17-019-0004","AQS","11","29","."
"12/03/1988","19","SO2","BOOKER T. WASHINGTON ES","17-019-0004","AQS","15","19","."
"12/04/1988","26","SO2","BOOKER T. WASHINGTON ES","17-019-0004","AQS","17","26","."
"12/05/1988","23","SO2","BOOKER T. WASHINGTON ES","17-019-0004","AQS","12","23","."
"12/06/1988","26","SO2","BOOKER T. WASHINGTON ES","17-019-0004","AQS","17","26","."
"12/07/1988","17","Ozone","BOOKER T. WASHINGTON ES","17-019-0004","AQS","17","9","."
"12/08/1988","19","Ozone","BOOKER T. WASHINGTON ES","17-019-0004","AQS","19","13","."
"12/09/1988","20","SO2","BOOKER T. WASHINGTON ES","17-019-0004","AQS","18","20","."
"12/10/1988","19","SO2","BOOKER T. WASHINGTON ES","17-019-0004","AQS","16","19","."
"12/11/1988","17","Ozone","BOOKER T. WASHINGTON ES","17-019-0004","AQS","17","11","."
"12/12/1988","37","SO2","BOOKER T. WASHINGTON ES","17-019-0004","AQS","13","37","."
"12/13/1988","14","Ozone","BOOKER T. WASHINGTON ES","17-019-0004","AQS","14","11","."
"12/14/1988","14","Ozone","BOOKER T. WASHINGTON ES","17-019-0004","AQS","14","11","."
"12/15/1988","19","Ozone","BOOKER T. WASHINGTON ES","17-019-0004","AQS","19","3","."
"12/16/1988","37","SO2","BOOKER T. WASHINGTON ES","17-019-0004","AQS","12","37","."
"12/17/1988","16","Ozone","BOOKER T. WASHINGTON ES","17-019-0004","AQS","16","3","."
"12/18/1988","65","SO2","BOOKER T. WASHINGTON ES","17-019-0004","AQS","14","65","."
"12/19/1988","24","Ozone","BOOKER T. WASHINGTON ES","17-019-0004","AQS","24","20","."
"12/20/1988","22","Ozone","BOOKER T. WASHINGTON ES","17-019-0004","AQS","22","6","."
"12/21/1988","14","Ozone","BOOKER T. WASHINGTON ES","17-019-0004","AQS","14","6","."
"12/22/1988","19","Ozone","BOOKER T. WASHINGTON ES","17-019-0004","AQS","19","9","."
"12/23/1988","19","Ozone","BOOKER T. WASHINGTON ES","17-019-0004","AQS","19","16","."
"12/24/1988","21","SO2","BOOKER T. WASHINGTON ES","17-019-0004","AQS","17","21","."
"12/25/1988","17","Ozone","BOOKER T. WASHINGTON ES","17-019-0004","AQS","17","9","."
"12/26/1988","30","SO2","BOOKER T. WASHINGTON ES","17-019-0004","AQS","13","30","."
"12/27/1988","21","SO2","BOOKER T. WASHINGTON ES","17-019-0004","AQS","17","21","."
"12/28/1988","22","Ozone","BOOKER T. WASHINGTON ES","17-019-0004","AQS","22","7","."
"12/29/1988","55","SO2","BOOKER T. WASHINGTON ES","17-019-0004","AQS","18","55","."
"12/30/1988","64","SO2","BOOKER T. WASHINGTON ES","17-019-0004","AQS","12","64","."
"12/31/1988","26","SO2","BOOKER T. WASHINGTON ES","17-019-0004","AQS","14","26","."
