"Date","Overall AQI Value","Main Pollutant","Site Name (of Overall AQI)","Site ID (of Overall AQI)","Source (of Overall AQI)","Ozone","SO2","PM25"
"01/01/1986","21","SO2","BOOKER T. WASHINGTON ES","17-019-0004","AQS","19","21","."
"01/02/1986","16","SO2","BOOKER T. WASHINGTON ES","17-019-0004","AQS","14","16","."
"01/03/1986","11","Ozone","BOOKER T. WASHINGTON ES","17-019-0004","AQS","11","7","."
"01/04/1986","37","SO2","BOOKER T. WASHINGTON ES","17-019-0004","AQS","21","37","."
"01/05/1986","21","Ozone","BOOKER T. WASHINGTON ES","17-019-0004","AQS","21","7","."
"01/06/1986","19","Ozone","BOOKER T. WASHINGTON ES","17-019-0004","AQS","19","11","."
"01/07/1986","33","SO2","BOOKER T. WASHINGTON ES","17-019-0004","AQS","17","33","."
"01/08/1986","31","SO2","BOOKER T. WASHINGTON ES","17-019-0004","AQS","13","31","."
"01/09/1986","46","SO2","BOOKER T. WASHINGTON ES","17-019-0004","AQS","14","46","."
"01/10/1986","22","Ozone","BOOKER T. WASHINGTON ES","17-019-0004","AQS","22",".","."
"01/11/1986","24","SO2","BOOKER T. WASHINGTON ES","17-019-0004","AQS","16","24","."
"01/12/1986","26","Ozone","BOOKER T. WASHINGTON ES","17-019-0004","AQS","26","3","."
"01/13/1986","40","SO2","BOOKER T. WASHINGTON ES","17-019-0004","AQS","27","40","."
"01/14/1986","13","Ozone","BOOKER T. WASHINGTON ES","17-019-0004","AQS","13","9","."
"01/15/1986","31","SO2","BOOKER T. WASHINGTON ES","17-019-0004","AQS","11","31","."
"01/16/1986","35","Ozone","BOOKER T. WASHINGTON ES","17-019-0004","AQS","35","34","."
"01/17/1986","17","Ozone","BOOKER T. WASHINGTON ES","17-019-0004","AQS","17","11","."
"01/18/1986","17","Ozone","BOOKER T. WASHINGTON ES","17-019-0004","AQS","17","6","."
"01/19/1986","21","Ozone","BOOKER T. WASHINGTON ES","17-019-0004","AQS","21","3","."
"01/20/1986","21","Ozone","BOOKER T. WASHINGTON ES","17-019-0004","AQS","21","13","."
"01/21/1986","33","SO2","BOOKER T. WASHINGTON ES","17-019-0004","AQS","27","33","."
"01/22/1986","19","Ozone","BOOKER T. WASHINGTON ES","17-019-0004","AQS","19","6","."
"01/23/1986","29","SO2","BOOKER T. WASHINGTON ES","17-019-0004","AQS","16","29","."
"01/24/1986","46","SO2","BOOKER T. WASHINGTON ES","17-019-0004","AQS","14","46","."
"01/25/1986","22","Ozone","BOOKER T. WASHINGTON ES","17-019-0004","AQS","22","14","."
"01/26/1986","28","Ozone","BOOKER T. WASHINGTON ES","17-019-0004","AQS","28","3","."
"01/27/1986","34","SO2","BOOKER T. WASHINGTON ES","17-019-0004","AQS","28","34","."
"01/28/1986","33","SO2","BOOKER T. WASHINGTON ES","17-019-0004","AQS","18","33","."
"01/29/1986","17","Ozone","BOOKER T. WASHINGTON ES","17-019-0004","AQS","17",".","."
"01/30/1986","22","Ozone","BOOKER T. WASHINGTON ES","17-019-0004","AQS","22",".","."
"01/31/1986","72","SO2","BOOKER T. WASHINGTON ES","17-019-0004","AQS","9","72","."
"02/01/1986","20","SO2","BOOKER T. WASHINGTON ES","17-019-0004","AQS","12","20","."
"02/02/1986","66","SO2","BOOKER T. WASHINGTON ES","17-019-0004","AQS","15","66","."
"02/03/1986","16","SO2","BOOKER T. WASHINGTON ES","17-019-0004","AQS","2","16","."
"02/04/1986","11","Ozone","BOOKER T. WASHINGTON ES","17-019-0004","AQS","11","4","."
"02/05/1986","7","SO2","BOOKER T. WASHINGTON ES","17-019-0004","AQS","2","7","."
"02/06/1986","17","Ozone","BOOKER T. WASHINGTON ES","17-019-0004","AQS","17","6","."
"02/07/1986","23","Ozone","BOOKER T. WASHINGTON ES","17-019-0004","AQS","23","16","."
"02/08/1986","29","Ozone","BOOKER T. WASHINGTON ES","17-019-0004","AQS","29","17","."
"02/09/1986","28","Ozone","BOOKER T. WASHINGTON ES","17-019-0004","AQS","28","10","."
"02/10/1986","26","Ozone","BOOKER T. WASHINGTON ES","17-019-0004","AQS","26","16","."
"02/11/1986","28","Ozone","BOOKER T. WASHINGTON ES","17-019-0004","AQS","28","23","."
"02/12/1986","28","Ozone","BOOKER T. WASHINGTON ES","17-019-0004","AQS","28","20","."
"02/13/1986","29","SO2","BOOKER T. WASHINGTON ES","17-019-0004","AQS","24","29","."
"02/14/1986","32","Ozone","BOOKER T. WASHINGTON ES","17-019-0004","AQS","32","11","."
"02/15/1986","52","SO2","BOOKER T. WASHINGTON ES","17-019-0004","AQS","35","52","."
"02/16/1986","57","SO2","BOOKER T. WASHINGTON ES","17-019-0004","AQS","22","57","."
"02/17/1986","34","SO2","BOOKER T. WASHINGTON ES","17-019-0004","AQS","6","34","."
"02/18/1986","31","SO2","BOOKER T. WASHINGTON ES","17-019-0004","AQS","17","31","."
"02/19/1986","14","SO2","BOOKER T. WASHINGTON ES","17-019-0004","AQS","5","14","."
"02/20/1986","70","SO2","BOOKER T. WASHINGTON ES","17-019-0004","AQS","20","70","."
"02/21/1986","31","Ozone","BOOKER T. WASHINGTON ES","17-019-0004","AQS","31","16","."
"02/22/1986","31","Ozone","BOOKER T. WASHINGTON ES","17-019-0004","AQS","31",".","."
"02/23/1986","28","Ozone","BOOKER T. WASHINGTON ES","17-019-0004","AQS","28",".","."
"02/24/1986","44","SO2","BOOKER T. WASHINGTON ES","17-019-0004","AQS","37","44","."
"02/25/1986","55","SO2","BOOKER T. WASHINGTON ES","17-019-0004","AQS","44","55","."
"02/26/1986","25","Ozone","BOOKER T. WASHINGTON ES","17-019-0004","AQS","25",".","."
"02/27/1986","31","Ozone","BOOKER T. WASHINGTON ES","17-019-0004","AQS","31",".","."
"02/28/1986","32","Ozone","BOOKER T. WASHINGTON ES","17-019-0004","AQS","32",".","."
"03/01/1986","35","Ozone","BOOKER T. WASHINGTON ES","17-019-0004","AQS","35",".","."
"03/02/1986","30","Ozone","BOOKER T. WASHINGTON ES","17-019-0004","AQS","30",".","."
"03/03/1986","25","Ozone","BOOKER T. WASHINGTON ES","17-019-0004","AQS","25",".","."
"03/04/1986","27","Ozone","BOOKER T. WASHINGTON ES","17-019-0004","AQS","27",".","."
"03/05/1986","27","SO2","BOOKER T. WASHINGTON ES","17-019-0004","AQS","25","27","."
"03/06/1986","31","Ozone","BOOKER T. WASHINGTON ES","17-019-0004","AQS","31","6","."
"03/07/1986","29","Ozone","BOOKER T. WASHINGTON ES","17-019-0004","AQS","29","19","."
"03/08/1986","30","SO2","BOOKER T. WASHINGTON ES","17-019-0004","AQS","24","30","."
"03/09/1986","45","Ozone","BOOKER T. WASHINGTON ES","17-019-0004","AQS","45","33","."
"03/10/1986","32","Ozone","BOOKER T. WASHINGTON ES","17-019-0004","AQS","32","7","."
"03/11/1986","31","SO2","BOOKER T. WASHINGTON ES","17-019-0004","AQS","28","31","."
"03/12/1986","29","SO2","BOOKER T. WASHINGTON ES","17-019-0004","AQS","24","29","."
"03/13/1986","27","SO2","BOOKER T. WASHINGTON ES","17-019-0004","AQS","27","27","."
"03/14/1986","34","Ozone","BOOKER T. WASHINGTON ES","17-019-0004","AQS","34","9","."
"03/15/1986","25","Ozone","BOOKER T. WASHINGTON ES","17-019-0004","AQS","25","14","."
"03/16/1986","28","Ozone","BOOKER T. WASHINGTON ES","17-019-0004","AQS","28","16","."
"03/17/1986","33","Ozone","BOOKER T. WASHINGTON ES","17-019-0004","AQS","33","21","."
"03/18/1986","31","Ozone","BOOKER T. WASHINGTON ES","17-019-0004","AQS","31","21","."
"03/19/1986","27","Ozone","BOOKER T. WASHINGTON ES","17-019-0004","AQS","27","9","."
"03/20/1986","31","Ozone","BOOKER T. WASHINGTON ES","17-019-0004","AQS","31",".","."
"03/21/1986","31","Ozone","BOOKER T. WASHINGTON ES","17-019-0004","AQS","31",".","."
"03/22/1986","33","Ozone","BOOKER T. WASHINGTON ES","17-019-0004","AQS","33",".","."
"03/23/1986","34","Ozone","BOOKER T. WASHINGTON ES","17-019-0004","AQS","34",".","."
"03/24/1986","33","Ozone","BOOKER T. WASHINGTON ES","17-019-0004","AQS","33",".","."
"03/25/1986","54","Ozone","BOOKER T. WASHINGTON ES","17-019-0004","AQS","54",".","."
"03/26/1986","38","Ozone","BOOKER T. WASHINGTON ES","17-019-0004","AQS","38",".","."
"03/27/1986","31","Ozone","BOOKER T. WASHINGTON ES","17-019-0004","AQS","31",".","."
"03/28/1986","38","Ozone","BOOKER T. WASHINGTON ES","17-019-0004","AQS","38",".","."
"03/29/1986","58","Ozone","BOOKER T. WASHINGTON ES","17-019-0004","AQS","58",".","."
"03/30/1986","49","Ozone","BOOKER T. WASHINGTON ES","17-019-0004","AQS","49",".","."
"03/31/1986","67","Ozone","BOOKER T. WASHINGTON ES","17-019-0004","AQS","67",".","."
"04/01/1986","34","Ozone","BOOKER T. WASHINGTON ES","17-019-0004","AQS","34",".","."
"04/03/1986","43","Ozone","BOOKER T. WASHINGTON ES","17-019-0004","AQS","43",".","."
"04/04/1986","39","Ozone","BOOKER T. WASHINGTON ES","17-019-0004","AQS","39","10","."
"04/05/1986","39","Ozone","BOOKER T. WASHINGTON ES","17-019-0004","AQS","39","4","."
"04/06/1986","40","Ozone","BOOKER T. WASHINGTON ES","17-019-0004","AQS","40","4","."
"04/07/1986","44","Ozone","BOOKER T. WASHINGTON ES","17-019-0004","AQS","44","13","."
"04/08/1986","35","Ozone","BOOKER T. WASHINGTON ES","17-019-0004","AQS","35","10","."
"04/09/1986","13","SO2","BOOKER T. WASHINGTON ES","17-019-0004","AQS",".","13","."
"04/10/1986","16","SO2","BOOKER T. WASHINGTON ES","17-019-0004","AQS",".","16","."
"04/11/1986","6","SO2","BOOKER T. WASHINGTON ES","17-019-0004","AQS",".","6","."
"04/12/1986","9","SO2","BOOKER T. WASHINGTON ES","17-019-0004","AQS",".","9","."
"04/13/1986","6","SO2","BOOKER T. WASHINGTON ES","17-019-0004","AQS",".","6","."
"04/14/1986","4","SO2","BOOKER T. WASHINGTON ES","17-019-0004","AQS",".","4","."
"04/15/1986","13","Ozone","BOOKER T. WASHINGTON ES","17-019-0004","AQS","13","1","."
"04/16/1986","21","Ozone","BOOKER T. WASHINGTON ES","17-019-0004","AQS","21","11","."
"04/17/1986","40","Ozone","BOOKER T. WASHINGTON ES","17-019-0004","AQS","40","14","."
"04/18/1986","46","Ozone","BOOKER T. WASHINGTON ES","17-019-0004","AQS","46","27","."
"04/19/1986","37","Ozone","BOOKER T. WASHINGTON ES","17-019-0004","AQS","37","17","."
"04/20/1986","36","Ozone","BOOKER T. WASHINGTON ES","17-019-0004","AQS","36","6","."
"04/21/1986","18","Ozone","BOOKER T. WASHINGTON ES","17-019-0004","AQS","18","4","."
"04/22/1986","41","Ozone","BOOKER T. WASHINGTON ES","17-019-0004","AQS","41","11","."
"04/23/1986","57","SO2","BOOKER T. WASHINGTON ES","17-019-0004","AQS","48","57","."
"04/24/1986","51","Ozone","BOOKER T. WASHINGTON ES","17-019-0004","AQS","51","37","."
"04/25/1986","84","Ozone","BOOKER T. WASHINGTON ES","17-019-0004","AQS","84","17","."
"04/26/1986","93","Ozone","BOOKER T. WASHINGTON ES","17-019-0004","AQS","93","21","."
"04/27/1986","64","Ozone","BOOKER T. WASHINGTON ES","17-019-0004","AQS","64","11","."
"04/28/1986","30","Ozone","BOOKER T. WASHINGTON ES","17-019-0004","AQS","30","10","."
"04/29/1986","47","Ozone","BOOKER T. WASHINGTON ES","17-019-0004","AQS","47","31","."
"04/30/1986","42","Ozone","BOOKER T. WASHINGTON ES","17-019-0004","AQS","42","27","."
"05/01/1986","43","Ozone","BOOKER T. WASHINGTON ES","17-019-0004","AQS","43","7","."
"05/02/1986","39","Ozone","BOOKER T. WASHINGTON ES","17-019-0004","AQS","39","11","."
"05/03/1986","61","Ozone","BOOKER T. WASHINGTON ES","17-019-0004","AQS","61","19","."
"05/04/1986","58","Ozone","BOOKER T. WASHINGTON ES","17-019-0004","AQS","58","26","."
"05/05/1986","58","Ozone","BOOKER T. WASHINGTON ES","17-019-0004","AQS","58","23","."
"05/06/1986","44","Ozone","BOOKER T. WASHINGTON ES","17-019-0004","AQS","44","9","."
"05/07/1986","46","Ozone","BOOKER T. WASHINGTON ES","17-019-0004","AQS","46","10","."
"05/08/1986","108","Ozone","BOOKER T. WASHINGTON ES","17-019-0004","AQS","108","11","."
"05/09/1986","80","Ozone","BOOKER T. WASHINGTON ES","17-019-0004","AQS","80","56","."
"05/10/1986","136","Ozone","BOOKER T. WASHINGTON ES","17-019-0004","AQS","136","31","."
"05/11/1986","29","SO2","BOOKER T. WASHINGTON ES","17-019-0004","AQS",".","29","."
"05/12/1986","64","Ozone","BOOKER T. WASHINGTON ES","17-019-0004","AQS","64","21","."
"05/13/1986","49","Ozone","BOOKER T. WASHINGTON ES","17-019-0004","AQS","49","26","."
"05/14/1986","54","Ozone","BOOKER T. WASHINGTON ES","17-019-0004","AQS","54","16","."
"05/15/1986","37","Ozone","BOOKER T. WASHINGTON ES","17-019-0004","AQS","37","11","."
"05/16/1986","46","Ozone","BOOKER T. WASHINGTON ES","17-019-0004","AQS","46","16","."
"05/17/1986","44","Ozone","BOOKER T. WASHINGTON ES","17-019-0004","AQS","44","10","."
"05/18/1986","27","Ozone","BOOKER T. WASHINGTON ES","17-019-0004","AQS","27","6","."
"05/19/1986","27","Ozone","BOOKER T. WASHINGTON ES","17-019-0004","AQS","27","11","."
"05/20/1986","37","Ozone","BOOKER T. WASHINGTON ES","17-019-0004","AQS","37","21","."
"05/21/1986","36","Ozone","BOOKER T. WASHINGTON ES","17-019-0004","AQS","36","17","."
"05/22/1986","87","Ozone","BOOKER T. WASHINGTON ES","17-019-0004","AQS","87","27","."
"05/23/1986","93","Ozone","BOOKER T. WASHINGTON ES","17-019-0004","AQS","93","16","."
"05/24/1986","115","Ozone","BOOKER T. WASHINGTON ES","17-019-0004","AQS","115","10","."
"05/25/1986","77","Ozone","BOOKER T. WASHINGTON ES","17-019-0004","AQS","77","17","."
"05/26/1986","26","Ozone","BOOKER T. WASHINGTON ES","17-019-0004","AQS","26","7","."
"05/27/1986","54","Ozone","BOOKER T. WASHINGTON ES","17-019-0004","AQS","54","4","."
"05/28/1986","71","Ozone","BOOKER T. WASHINGTON ES","17-019-0004","AQS","71","14","."
"05/29/1986","100","Ozone","BOOKER T. WASHINGTON ES","17-019-0004","AQS","100","9","."
"05/30/1986","13","SO2","BOOKER T. WASHINGTON ES","17-019-0004","AQS",".","13","."
"05/31/1986","17","SO2","BOOKER T. WASHINGTON ES","17-019-0004","AQS",".","17","."
"06/01/1986","9","SO2","BOOKER T. WASHINGTON ES","17-019-0004","AQS",".","9","."
"06/02/1986","13","SO2","BOOKER T. WASHINGTON ES","17-019-0004","AQS",".","13","."
"06/03/1986","67","Ozone","BOOKER T. WASHINGTON ES","17-019-0004","AQS","67","33","."
"06/04/1986","49","Ozone","BOOKER T. WASHINGTON ES","17-019-0004","AQS","49","16","."
"06/05/1986","23","Ozone","BOOKER T. WASHINGTON ES","17-019-0004","AQS","23","13","."
"06/06/1986","33","Ozone","BOOKER T. WASHINGTON ES","17-019-0004","AQS","33","23","."
"06/07/1986","45","Ozone","BOOKER T. WASHINGTON ES","17-019-0004","AQS","45","6","."
"06/08/1986","64","Ozone","BOOKER T. WASHINGTON ES","17-019-0004","AQS","64","13","."
"06/09/1986","71","Ozone","BOOKER T. WASHINGTON ES","17-019-0004","AQS","71","29","."
"06/10/1986","38","Ozone","BOOKER T. WASHINGTON ES","17-019-0004","AQS","38","9","."
"06/11/1986","41","Ozone","BOOKER T. WASHINGTON ES","17-019-0004","AQS","41","9","."
"06/12/1986","31","Ozone","BOOKER T. WASHINGTON ES","17-019-0004","AQS","31","3","."
"06/13/1986","48","Ozone","BOOKER T. WASHINGTON ES","17-019-0004","AQS","48","13","."
"06/14/1986","90","Ozone","BOOKER T. WASHINGTON ES","17-019-0004","AQS","90","23","."
"06/15/1986","77","Ozone","BOOKER T. WASHINGTON ES","17-019-0004","AQS","77","11","."
"06/16/1986","64","Ozone","BOOKER T. WASHINGTON ES","17-019-0004","AQS","64","16","."
"06/17/1986","43","Ozone","BOOKER T. WASHINGTON ES","17-019-0004","AQS","43","9","."
"06/18/1986","84","Ozone","BOOKER T. WASHINGTON ES","17-019-0004","AQS","84","24","."
"06/19/1986","122","Ozone","BOOKER T. WASHINGTON ES","17-019-0004","AQS","122","64","."
"06/20/1986","64","Ozone","BOOKER T. WASHINGTON ES","17-019-0004","AQS","64","23","."
"06/21/1986","97","Ozone","BOOKER T. WASHINGTON ES","17-019-0004","AQS","97","65","."
"06/22/1986","24","Ozone","BOOKER T. WASHINGTON ES","17-019-0004","AQS","24","17","."
"06/23/1986","37","Ozone","BOOKER T. WASHINGTON ES","17-019-0004","AQS","37","20","."
"06/24/1986","44","Ozone","BOOKER T. WASHINGTON ES","17-019-0004","AQS","44","16","."
"06/25/1986","46","SO2","BOOKER T. WASHINGTON ES","17-019-0004","AQS","43","46","."
"06/26/1986","101","Ozone","BOOKER T. WASHINGTON ES","17-019-0004","AQS","101","29","."
"06/27/1986","41","Ozone","BOOKER T. WASHINGTON ES","17-019-0004","AQS","41","20","."
"06/28/1986","46","Ozone","BOOKER T. WASHINGTON ES","17-019-0004","AQS","46","13","."
"06/29/1986","50","Ozone","BOOKER T. WASHINGTON ES","17-019-0004","AQS","50","11","."
"06/30/1986","33","Ozone","BOOKER T. WASHINGTON ES","17-019-0004","AQS","33","16","."
"07/01/1986","33","SO2","BOOKER T. WASHINGTON ES","17-019-0004","AQS","18","33","."
"07/02/1986","34","Ozone","BOOKER T. WASHINGTON ES","17-019-0004","AQS","34","11","."
"07/03/1986","44","Ozone","BOOKER T. WASHINGTON ES","17-019-0004","AQS","44","17","."
"07/04/1986","64","Ozone","BOOKER T. WASHINGTON ES","17-019-0004","AQS","64","17","."
"07/05/1986","54","Ozone","BOOKER T. WASHINGTON ES","17-019-0004","AQS","54","10","."
"07/06/1986","43","Ozone","BOOKER T. WASHINGTON ES","17-019-0004","AQS","43","7","."
"07/07/1986","47","Ozone","BOOKER T. WASHINGTON ES","17-019-0004","AQS","47","37","."
"07/08/1986","46","Ozone","BOOKER T. WASHINGTON ES","17-019-0004","AQS","46","30","."
"07/09/1986","35","Ozone","BOOKER T. WASHINGTON ES","17-019-0004","AQS","35",".","."
"07/10/1986","40","Ozone","BOOKER T. WASHINGTON ES","17-019-0004","AQS","40",".","."
"07/11/1986","35","Ozone","BOOKER T. WASHINGTON ES","17-019-0004","AQS","35","19","."
"07/12/1986","37","SO2","BOOKER T. WASHINGTON ES","17-019-0004","AQS","32","37","."
"07/13/1986","37","Ozone","BOOKER T. WASHINGTON ES","17-019-0004","AQS","37","16","."
"07/14/1986","36","Ozone","BOOKER T. WASHINGTON ES","17-019-0004","AQS","36","7","."
"07/15/1986","50","Ozone","BOOKER T. WASHINGTON ES","17-019-0004","AQS","50","16","."
"07/16/1986","58","Ozone","BOOKER T. WASHINGTON ES","17-019-0004","AQS","58","17","."
"07/17/1986","46","Ozone","BOOKER T. WASHINGTON ES","17-019-0004","AQS","46","17","."
"07/18/1986","67","Ozone","BOOKER T. WASHINGTON ES","17-019-0004","AQS","67","30","."
"07/19/1986","47","Ozone","BOOKER T. WASHINGTON ES","17-019-0004","AQS","47","17","."
"07/20/1986","32","Ozone","BOOKER T. WASHINGTON ES","17-019-0004","AQS","32","4","."
"07/21/1986","44","Ozone","BOOKER T. WASHINGTON ES","17-019-0004","AQS","44","16","."
"07/22/1986","51","Ozone","BOOKER T. WASHINGTON ES","17-019-0004","AQS","51","14","."
"07/23/1986","119","Ozone","BOOKER T. WASHINGTON ES","17-019-0004","AQS","119","17","."
"07/24/1986","108","Ozone","BOOKER T. WASHINGTON ES","17-019-0004","AQS","108","43","."
"07/25/1986","90","Ozone","BOOKER T. WASHINGTON ES","17-019-0004","AQS","90","29","."
"07/26/1986","41","Ozone","BOOKER T. WASHINGTON ES","17-019-0004","AQS","41","7","."
"07/27/1986","47","Ozone","BOOKER T. WASHINGTON ES","17-019-0004","AQS","47","11","."
"07/28/1986","49","Ozone","BOOKER T. WASHINGTON ES","17-019-0004","AQS","49","6","."
"07/29/1986","48","Ozone","BOOKER T. WASHINGTON ES","17-019-0004","AQS","48","34","."
"07/30/1986","57","SO2","BOOKER T. WASHINGTON ES","17-019-0004","AQS","44","57","."
"07/31/1986","51","Ozone","BOOKER T. WASHINGTON ES","17-019-0004","AQS","51","6","."
"08/01/1986","35","Ozone","BOOKER T. WASHINGTON ES","17-019-0004","AQS","35","11","."
"08/02/1986","39","Ozone","BOOKER T. WASHINGTON ES","17-019-0004","AQS","39","4","."
"08/03/1986","33","Ozone","BOOKER T. WASHINGTON ES","17-019-0004","AQS","33","6","."
"08/04/1986","34","Ozone","BOOKER T. WASHINGTON ES","17-019-0004","AQS","34","29","."
"08/05/1986","51","Ozone","BOOKER T. WASHINGTON ES","17-019-0004","AQS","51","29","."
"08/06/1986","36","Ozone","BOOKER T. WASHINGTON ES","17-019-0004","AQS","36","13","."
"08/07/1986","44","Ozone","BOOKER T. WASHINGTON ES","17-019-0004","AQS","44","17","."
"08/08/1986","40","Ozone","BOOKER T. WASHINGTON ES","17-019-0004","AQS","40","6","."
"08/09/1986","39","Ozone","BOOKER T. WASHINGTON ES","17-019-0004","AQS","39","6","."
"08/10/1986","27","Ozone","BOOKER T. WASHINGTON ES","17-019-0004","AQS","27","6","."
"08/11/1986","29","Ozone","BOOKER T. WASHINGTON ES","17-019-0004","AQS","29","4","."
"08/12/1986","48","Ozone","BOOKER T. WASHINGTON ES","17-019-0004","AQS","48","4","."
"08/13/1986","50","Ozone","BOOKER T. WASHINGTON ES","17-019-0004","AQS","50","17","."
"08/14/1986","77","Ozone","BOOKER T. WASHINGTON ES","17-019-0004","AQS","77","17","."
"08/15/1986","13","SO2","BOOKER T. WASHINGTON ES","17-019-0004","AQS",".","13","."
"08/16/1986","4","SO2","BOOKER T. WASHINGTON ES","17-019-0004","AQS",".","4","."
"08/17/1986","6","SO2","BOOKER T. WASHINGTON ES","17-019-0004","AQS",".","6","."
"08/18/1986","38","Ozone","BOOKER T. WASHINGTON ES","17-019-0004","AQS","38","4","."
"08/19/1986","67","Ozone","BOOKER T. WASHINGTON ES","17-019-0004","AQS","67","13","."
"08/20/1986","71","Ozone","BOOKER T. WASHINGTON ES","17-019-0004","AQS","71","27","."
"08/21/1986","122","Ozone","BOOKER T. WASHINGTON ES","17-019-0004","AQS","122","14","."
"08/22/1986","101","Ozone","BOOKER T. WASHINGTON ES","17-019-0004","AQS","101","27","."
"08/23/1986","42","Ozone","BOOKER T. WASHINGTON ES","17-019-0004","AQS","42","13","."
"08/24/1986","45","Ozone","BOOKER T. WASHINGTON ES","17-019-0004","AQS","45","23","."
"08/25/1986","87","Ozone","BOOKER T. WASHINGTON ES","17-019-0004","AQS","87","27","."
"08/26/1986","37","Ozone","BOOKER T. WASHINGTON ES","17-019-0004","AQS","37","9","."
"08/27/1986","28","Ozone","BOOKER T. WASHINGTON ES","17-019-0004","AQS","28","4","."
"08/28/1986","29","Ozone","BOOKER T. WASHINGTON ES","17-019-0004","AQS","29","26","."
"08/29/1986","45","Ozone","BOOKER T. WASHINGTON ES","17-019-0004","AQS","45","4","."
"08/30/1986","74","Ozone","BOOKER T. WASHINGTON ES","17-019-0004","AQS","74","27","."
"08/31/1986","115","Ozone","BOOKER T. WASHINGTON ES","17-019-0004","AQS","115","41","."
"09/01/1986","100","Ozone","BOOKER T. WASHINGTON ES","17-019-0004","AQS","100","11","."
"09/02/1986","39","Ozone","BOOKER T. WASHINGTON ES","17-019-0004","AQS","39","14","."
"09/03/1986","66","SO2","BOOKER T. WASHINGTON ES","17-019-0004","AQS",".","66","."
"09/04/1986","6","SO2","BOOKER T. WASHINGTON ES","17-019-0004","AQS",".","6","."
"09/05/1986","37","Ozone","BOOKER T. WASHINGTON ES","17-019-0004","AQS","37","13","."
"09/06/1986","33","Ozone","BOOKER T. WASHINGTON ES","17-019-0004","AQS","33","11","."
"09/07/1986","36","Ozone","BOOKER T. WASHINGTON ES","17-019-0004","AQS","36","9","."
"09/08/1986","42","Ozone","BOOKER T. WASHINGTON ES","17-019-0004","AQS","42","11","."
"09/09/1986","58","Ozone","BOOKER T. WASHINGTON ES","17-019-0004","AQS","58","31","."
"09/10/1986","64","Ozone","BOOKER T. WASHINGTON ES","17-019-0004","AQS","64","20","."
"09/11/1986","28","Ozone","BOOKER T. WASHINGTON ES","17-019-0004","AQS","28","10","."
"09/12/1986","32","Ozone","BOOKER T. WASHINGTON ES","17-019-0004","AQS","32","4","."
"09/13/1986","49","Ozone","BOOKER T. WASHINGTON ES","17-019-0004","AQS","49","3","."
"09/14/1986","84","Ozone","BOOKER T. WASHINGTON ES","17-019-0004","AQS","84","23","."
"09/15/1986","90","Ozone","BOOKER T. WASHINGTON ES","17-019-0004","AQS","90","14","."
"09/16/1986","34","Ozone","BOOKER T. WASHINGTON ES","17-019-0004","AQS","34","9","."
"09/17/1986","35","Ozone","BOOKER T. WASHINGTON ES","17-019-0004","AQS","35","20","."
"09/18/1986","20","Ozone","BOOKER T. WASHINGTON ES","17-019-0004","AQS","20","11","."
"09/19/1986","22","Ozone","BOOKER T. WASHINGTON ES","17-019-0004","AQS","22","3","."
"09/20/1986","28","Ozone","BOOKER T. WASHINGTON ES","17-019-0004","AQS","28","3","."
"09/21/1986","44","Ozone","BOOKER T. WASHINGTON ES","17-019-0004","AQS","44","17","."
"09/22/1986","34","Ozone","BOOKER T. WASHINGTON ES","17-019-0004","AQS","34","7","."
"09/23/1986","18","Ozone","BOOKER T. WASHINGTON ES","17-019-0004","AQS","18","10","."
"09/24/1986","31","Ozone","BOOKER T. WASHINGTON ES","17-019-0004","AQS","31","13","."
"09/25/1986","38","Ozone","BOOKER T. WASHINGTON ES","17-019-0004","AQS","38","19","."
"09/26/1986","26","Ozone","BOOKER T. WASHINGTON ES","17-019-0004","AQS","26","20","."
"09/27/1986","39","Ozone","BOOKER T. WASHINGTON ES","17-019-0004","AQS","39",".","."
"09/28/1986","38","Ozone","BOOKER T. WASHINGTON ES","17-019-0004","AQS","38","24","."
"09/29/1986","33","Ozone","BOOKER T. WASHINGTON ES","17-019-0004","AQS","33","20","."
"09/30/1986","34","SO2","BOOKER T. WASHINGTON ES","17-019-0004","AQS","19","34","."
"10/01/1986","26","SO2","BOOKER T. WASHINGTON ES","17-019-0004","AQS","21","26","."
"10/02/1986","19","SO2","BOOKER T. WASHINGTON ES","17-019-0004","AQS","16","19","."
"10/03/1986","23","SO2","BOOKER T. WASHINGTON ES","17-019-0004","AQS","16","23","."
"10/04/1986","19","Ozone","BOOKER T. WASHINGTON ES","17-019-0004","AQS","19","7","."
"10/05/1986","30","Ozone","BOOKER T. WASHINGTON ES","17-019-0004","AQS","30","3","."
"10/06/1986","31","Ozone","BOOKER T. WASHINGTON ES","17-019-0004","AQS","31","11","."
"10/07/1986","35","Ozone","BOOKER T. WASHINGTON ES","17-019-0004","AQS","35","34","."
"10/08/1986","41","Ozone","BOOKER T. WASHINGTON ES","17-019-0004","AQS","41","21","."
"10/09/1986","21","Ozone","BOOKER T. WASHINGTON ES","17-019-0004","AQS","21","7","."
"10/10/1986","29","Ozone","BOOKER T. WASHINGTON ES","17-019-0004","AQS","29","9","."
"10/11/1986","52","SO2","BOOKER T. WASHINGTON ES","17-019-0004","AQS","41","52","."
"10/12/1986","20","Ozone","BOOKER T. WASHINGTON ES","17-019-0004","AQS","20","1","."
"10/13/1986","13","Ozone","BOOKER T. WASHINGTON ES","17-019-0004","AQS","13","4","."
"10/14/1986","28","Ozone","BOOKER T. WASHINGTON ES","17-019-0004","AQS","28","6","."
"10/15/1986","35","Ozone","BOOKER T. WASHINGTON ES","17-019-0004","AQS","35","7","."
"10/16/1986","25","Ozone","BOOKER T. WASHINGTON ES","17-019-0004","AQS","25","7","."
"10/17/1986","26","Ozone","BOOKER T. WASHINGTON ES","17-019-0004","AQS","26","1","."
"10/18/1986","31","Ozone","BOOKER T. WASHINGTON ES","17-019-0004","AQS","31","24","."
"10/19/1986","40","Ozone","BOOKER T. WASHINGTON ES","17-019-0004","AQS","40","16","."
"10/20/1986","56","SO2","BOOKER T. WASHINGTON ES","17-019-0004","AQS","49","56","."
"10/21/1986","44","Ozone","BOOKER T. WASHINGTON ES","17-019-0004","AQS","44","10","."
"10/22/1986","43","Ozone","BOOKER T. WASHINGTON ES","17-019-0004","AQS","43","23","."
"10/23/1986","29","Ozone","BOOKER T. WASHINGTON ES","17-019-0004","AQS","29","14","."
"10/24/1986","25","Ozone","BOOKER T. WASHINGTON ES","17-019-0004","AQS","25","10","."
"10/25/1986","25","Ozone","BOOKER T. WASHINGTON ES","17-019-0004","AQS","25","7","."
"10/26/1986","15","Ozone","BOOKER T. WASHINGTON ES","17-019-0004","AQS","15","7","."
"10/27/1986","20","Ozone","BOOKER T. WASHINGTON ES","17-019-0004","AQS","20","9","."
"10/28/1986","34","SO2","BOOKER T. WASHINGTON ES","17-019-0004","AQS","31","34","."
"10/29/1986","17","Ozone","BOOKER T. WASHINGTON ES","17-019-0004","AQS","17","7","."
"10/30/1986","22","Ozone","BOOKER T. WASHINGTON ES","17-019-0004","AQS","22","13","."
"10/31/1986","37","SO2","BOOKER T. WASHINGTON ES","17-019-0004","AQS","36","37","."
"11/01/1986","28","Ozone","BOOKER T. WASHINGTON ES","17-019-0004","AQS","28","21","."
"11/02/1986","24","Ozone","BOOKER T. WASHINGTON ES","17-019-0004","AQS","24","13","."
"11/03/1986","10","SO2","BOOKER T. WASHINGTON ES","17-019-0004","AQS","6","10","."
"11/04/1986","11","Ozone","BOOKER T. WASHINGTON ES","17-019-0004","AQS","11","9","."
"11/05/1986","11","SO2","BOOKER T. WASHINGTON ES","17-019-0004","AQS","10","11","."
"11/06/1986","19","Ozone","BOOKER T. WASHINGTON ES","17-019-0004","AQS","19","14","."
"11/07/1986","30","SO2","BOOKER T. WASHINGTON ES","17-019-0004","AQS","26","30","."
"11/08/1986","24","Ozone","BOOKER T. WASHINGTON ES","17-019-0004","AQS","24","16","."
"11/09/1986","28","Ozone","BOOKER T. WASHINGTON ES","17-019-0004","AQS","28","6","."
"11/10/1986","31","SO2","BOOKER T. WASHINGTON ES","17-019-0004","AQS","25","31","."
"11/11/1986","22","Ozone","BOOKER T. WASHINGTON ES","17-019-0004","AQS","22","14","."
"11/12/1986","47","SO2","BOOKER T. WASHINGTON ES","17-019-0004","AQS","22","47","."
"11/13/1986","25","Ozone","BOOKER T. WASHINGTON ES","17-019-0004","AQS","25","9","."
"11/14/1986","41","SO2","BOOKER T. WASHINGTON ES","17-019-0004","AQS","16","41","."
"11/15/1986","30","SO2","BOOKER T. WASHINGTON ES","17-019-0004","AQS","16","30","."
"11/16/1986","17","Ozone","BOOKER T. WASHINGTON ES","17-019-0004","AQS","17","9","."
"11/17/1986","19","Ozone","BOOKER T. WASHINGTON ES","17-019-0004","AQS","19","14","."
"11/18/1986","22","Ozone","BOOKER T. WASHINGTON ES","17-019-0004","AQS","22","17","."
"11/19/1986","37","SO2","BOOKER T. WASHINGTON ES","17-019-0004","AQS","22","37","."
"11/20/1986","14","SO2","BOOKER T. WASHINGTON ES","17-019-0004","AQS","12","14","."
"11/21/1986","17","Ozone","BOOKER T. WASHINGTON ES","17-019-0004","AQS","17","11","."
"11/22/1986","55","SO2","BOOKER T. WASHINGTON ES","17-019-0004","AQS","19","55","."
"11/23/1986","29","SO2","BOOKER T. WASHINGTON ES","17-019-0004","AQS","19","29","."
"11/24/1986","19","Ozone","BOOKER T. WASHINGTON ES","17-019-0004","AQS","19","14","."
"11/25/1986","80","SO2","BOOKER T. WASHINGTON ES","17-019-0004","AQS","10","80","."
"11/26/1986","19","Ozone","BOOKER T. WASHINGTON ES","17-019-0004","AQS","19","13","."
"11/27/1986","20","Ozone","BOOKER T. WASHINGTON ES","17-019-0004","AQS","20","7","."
"11/28/1986","31","SO2","BOOKER T. WASHINGTON ES","17-019-0004","AQS","14","31","."
"11/29/1986","66","SO2","BOOKER T. WASHINGTON ES","17-019-0004","AQS","16","66","."
"11/30/1986","31","SO2","BOOKER T. WASHINGTON ES","17-019-0004","AQS","19","31","."
"12/01/1986","16","Ozone","BOOKER T. WASHINGTON ES","17-019-0004","AQS","16","11","."
"12/02/1986","16","SO2","BOOKER T. WASHINGTON ES","17-019-0004","AQS","12","16","."
"12/03/1986","23","Ozone","BOOKER T. WASHINGTON ES","17-019-0004","AQS","23","1","."
"12/04/1986","66","SO2","BOOKER T. WASHINGTON ES","17-019-0004","AQS","19","66","."
"12/05/1986","49","SO2","BOOKER T. WASHINGTON ES","17-019-0004","AQS","14","49","."
"12/06/1986","20","SO2","BOOKER T. WASHINGTON ES","17-019-0004","AQS","7","20","."
"12/07/1986","13","Ozone","BOOKER T. WASHINGTON ES","17-019-0004","AQS","13","10","."
"12/08/1986","19","SO2","BOOKER T. WASHINGTON ES","17-019-0004","AQS","13","19","."
"12/09/1986","18","Ozone","BOOKER T. WASHINGTON ES","17-019-0004","AQS","18","11","."
"12/10/1986","16","Ozone","BOOKER T. WASHINGTON ES","17-019-0004","AQS","16","7","."
"12/11/1986","14","Ozone","BOOKER T. WASHINGTON ES","17-019-0004","AQS","14","10","."
"12/12/1986","29","SO2","BOOKER T. WASHINGTON ES","17-019-0004","AQS","17","29","."
"12/13/1986","19","Ozone","BOOKER T. WASHINGTON ES","17-019-0004","AQS","19","6","."
"12/14/1986","17","Ozone","BOOKER T. WASHINGTON ES","17-019-0004","AQS","17","7","."
"12/15/1986","12","Ozone","BOOKER T. WASHINGTON ES","17-019-0004","AQS","12","9","."
"12/16/1986","6","SO2","BOOKER T. WASHINGTON ES","17-019-0004","AQS","4","6","."
"12/17/1986","15","Ozone","BOOKER T. WASHINGTON ES","17-019-0004","AQS","15",".","."
"12/18/1986","16","Ozone","BOOKER T. WASHINGTON ES","17-019-0004","AQS","16","3","."
"12/19/1986","20","SO2","BOOKER T. WASHINGTON ES","17-019-0004","AQS","12","20","."
"12/20/1986","23","SO2","BOOKER T. WASHINGTON ES","17-019-0004","AQS","14","23","."
"12/21/1986","12","Ozone","BOOKER T. WASHINGTON ES","17-019-0004","AQS","12","6","."
"12/22/1986","18","Ozone","BOOKER T. WASHINGTON ES","17-019-0004","AQS","18","14","."
"12/23/1986","21","SO2","BOOKER T. WASHINGTON ES","17-019-0004","AQS","14","21","."
"12/24/1986","12","Ozone","BOOKER T. WASHINGTON ES","17-019-0004","AQS","12","7","."
"12/25/1986","7","SO2","BOOKER T. WASHINGTON ES","17-019-0004","AQS",".","7","."
"12/26/1986","6","SO2","BOOKER T. WASHINGTON ES","17-019-0004","AQS",".","6","."
"12/27/1986","16","SO2","BOOKER T. WASHINGTON ES","17-019-0004","AQS",".","16","."
"12/28/1986","66","SO2","BOOKER T. WASHINGTON ES","17-019-0004","AQS",".","66","."
"12/29/1986","36","SO2","BOOKER T. WASHINGTON ES","17-019-0004","AQS",".","36","."
"12/30/1986","9","Ozone","BOOKER T. WASHINGTON ES","17-019-0004","AQS","9","1","."
"12/31/1986","16","SO2","BOOKER T. WASHINGTON ES","17-019-0004","AQS","15","16","."
