"Date","Overall AQI Value","Main Pollutant","Site Name (of Overall AQI)","Site ID (of Overall AQI)","Source (of Overall AQI)","Ozone","PM25"
"01/01/2001","73","PM2.5","BOOKER T. WASHINGTON ES","17-019-0004","AQS","28","73"
"01/02/2001","26","Ozone","ISWS CLIMATE STATION","17-019-1001","AQS","26","."
"01/03/2001","25","Ozone","ISWS CLIMATE STATION","17-019-1001","AQS","25","."
"01/04/2001","26","Ozone","ISWS CLIMATE STATION","17-019-1001","AQS","26","."
"01/05/2001","32","Ozone","ISWS CLIMATE STATION","17-019-1001","AQS","32","."
"01/06/2001","28","Ozone","ISWS CLIMATE STATION","17-019-1001","AQS","28","."
"01/07/2001","60","PM2.5","ISWS CLIMATE STATION","17-019-1001","AQS","29","60"
"01/08/2001","20","Ozone","ISWS CLIMATE STATION","17-019-1001","AQS","20","."
"01/09/2001","26","Ozone","ISWS CLIMATE STATION","17-019-1001","AQS","26","."
"01/10/2001","23","Ozone","ISWS CLIMATE STATION","17-019-1001","AQS","23","."
"01/11/2001","17","Ozone","ISWS CLIMATE STATION","17-019-1001","AQS","17","."
"01/12/2001","20","Ozone","ISWS CLIMATE STATION","17-019-1001","AQS","20","."
"01/13/2001","67","PM2.5","BOOKER T. WASHINGTON ES","17-019-0004","AQS","12","67"
"01/14/2001","13","Ozone","ISWS CLIMATE STATION","17-019-1001","AQS","13","."
"01/15/2001","19","Ozone","ISWS CLIMATE STATION","17-019-1001","AQS","19","."
"01/16/2001","22","Ozone","ISWS CLIMATE STATION","17-019-1001","AQS","22","."
"01/17/2001","20","Ozone","ISWS CLIMATE STATION","17-019-1001","AQS","20","."
"01/18/2001","17","Ozone","ISWS CLIMATE STATION","17-019-1001","AQS","17","."
"01/19/2001","75","PM2.5","ISWS CLIMATE STATION","17-019-1001","AQS","19","75"
"01/20/2001","30","Ozone","ISWS CLIMATE STATION","17-019-1001","AQS","30","."
"01/21/2001","18","Ozone","ISWS CLIMATE STATION","17-019-1001","AQS","18","."
"01/22/2001","15","Ozone","ISWS CLIMATE STATION","17-019-1001","AQS","15","."
"01/23/2001","18","Ozone","ISWS CLIMATE STATION","17-019-1001","AQS","18","."
"01/24/2001","29","Ozone","ISWS CLIMATE STATION","17-019-1001","AQS","29","."
"01/25/2001","55","PM2.5","ISWS CLIMATE STATION","17-019-1001","AQS","26","55"
"01/26/2001","21","Ozone","ISWS CLIMATE STATION","17-019-1001","AQS","21","."
"01/27/2001","31","Ozone","ISWS CLIMATE STATION","17-019-1001","AQS","31","."
"01/28/2001","19","Ozone","ISWS CLIMATE STATION","17-019-1001","AQS","19","."
"01/29/2001","29","Ozone","ISWS CLIMATE STATION","17-019-1001","AQS","29","."
"01/30/2001","27","Ozone","ISWS CLIMATE STATION","17-019-1001","AQS","27","."
"01/31/2001","62","PM2.5","BOOKER T. WASHINGTON ES","17-019-0004","AQS","28","62"
"02/01/2001","24","Ozone","ISWS CLIMATE STATION","17-019-1001","AQS","24","."
"02/02/2001","19","Ozone","BOOKER T. WASHINGTON ES","17-019-0004","AQS","19","."
"02/03/2001","16","Ozone","BOOKER T. WASHINGTON ES","17-019-0004","AQS","16","."
"02/04/2001","18","Ozone","BOOKER T. WASHINGTON ES","17-019-0004","AQS","18","."
"02/05/2001","18","Ozone","BOOKER T. WASHINGTON ES","17-019-0004","AQS","18","."
"02/06/2001","87","PM2.5","BOOKER T. WASHINGTON ES","17-019-0004","AQS","17","87"
"02/07/2001","14","Ozone","BOOKER T. WASHINGTON ES","17-019-0004","AQS","14","."
"02/08/2001","28","Ozone","BOOKER T. WASHINGTON ES","17-019-0004","AQS","28","."
"02/09/2001","28","Ozone","BOOKER T. WASHINGTON ES","17-019-0004","AQS","28","."
"02/10/2001","26","Ozone","BOOKER T. WASHINGTON ES","17-019-0004","AQS","26","."
"02/11/2001","26","Ozone","ISWS CLIMATE STATION","17-019-1001","AQS","26","."
"02/12/2001","60","PM2.5","BOOKER T. WASHINGTON ES","17-019-0004","AQS","13","60"
"02/13/2001","7","Ozone","ISWS CLIMATE STATION","17-019-1001","AQS","7","."
"02/14/2001","26","Ozone","ISWS CLIMATE STATION","17-019-1001","AQS","26","."
"02/15/2001","26","Ozone","ISWS CLIMATE STATION","17-019-1001","AQS","26","."
"02/16/2001","33","Ozone","ISWS CLIMATE STATION","17-019-1001","AQS","33","."
"02/17/2001","29","Ozone","ISWS CLIMATE STATION","17-019-1001","AQS","29","."
"02/18/2001","33","PM2.5","ISWS CLIMATE STATION","17-019-1001","AQS","31","33"
"02/19/2001","30","Ozone","ISWS CLIMATE STATION","17-019-1001","AQS","30","."
"02/20/2001","32","Ozone","ISWS CLIMATE STATION","17-019-1001","AQS","32","."
"02/21/2001","30","Ozone","ISWS CLIMATE STATION","17-019-1001","AQS","30","."
"02/22/2001","25","Ozone","ISWS CLIMATE STATION","17-019-1001","AQS","25","."
"02/23/2001","31","Ozone","ISWS CLIMATE STATION","17-019-1001","AQS","31","."
"02/24/2001","66","PM2.5","BOOKER T. WASHINGTON ES","17-019-0004","AQS","31","66"
"02/25/2001","38","Ozone","ISWS CLIMATE STATION","17-019-1001","AQS","38","."
"02/26/2001","26","Ozone","BOOKER T. WASHINGTON ES","17-019-0004","AQS","26","."
"02/27/2001","26","Ozone","ISWS CLIMATE STATION","17-019-1001","AQS","26","."
"02/28/2001","33","Ozone","ISWS CLIMATE STATION","17-019-1001","AQS","33","."
"03/01/2001","29","Ozone","ISWS CLIMATE STATION","17-019-1001","AQS","29","."
"03/02/2001","58","PM2.5","BOOKER T. WASHINGTON ES","17-019-0004","AQS","25","58"
"03/03/2001","38","Ozone","ISWS CLIMATE STATION","17-019-1001","AQS","38","."
"03/04/2001","32","Ozone","ISWS CLIMATE STATION","17-019-1001","AQS","32","."
"03/05/2001","31","Ozone","ISWS CLIMATE STATION","17-019-1001","AQS","31","."
"03/06/2001","32","Ozone","ISWS CLIMATE STATION","17-019-1001","AQS","32","."
"03/07/2001","27","Ozone","BOOKER T. WASHINGTON ES","17-019-0004","AQS","27","."
"03/08/2001","63","PM2.5","ISWS CLIMATE STATION","17-019-1001","AQS","35","63"
"03/09/2001","36","Ozone","ISWS CLIMATE STATION","17-019-1001","AQS","36","."
"03/10/2001","37","Ozone","ISWS CLIMATE STATION","17-019-1001","AQS","37","."
"03/11/2001","63","PM2.5","ISWS CLIMATE STATION","17-019-1001","AQS","35","63"
"03/12/2001","32","Ozone","ISWS CLIMATE STATION","17-019-1001","AQS","32","."
"03/13/2001","33","Ozone","ISWS CLIMATE STATION","17-019-1001","AQS","33","."
"03/14/2001","37","Ozone","ISWS CLIMATE STATION","17-019-1001","AQS","37","35"
"03/15/2001","18","Ozone","ISWS CLIMATE STATION","17-019-1001","AQS","18","."
"03/16/2001","29","Ozone","ISWS CLIMATE STATION","17-019-1001","AQS","29","."
"03/17/2001","39","Ozone","ISWS CLIMATE STATION","17-019-1001","AQS","39","35"
"03/18/2001","39","Ozone","ISWS CLIMATE STATION","17-019-1001","AQS","39","."
"03/19/2001","31","Ozone","ISWS CLIMATE STATION","17-019-1001","AQS","31","."
"03/20/2001","59","PM2.5","BOOKER T. WASHINGTON ES","17-019-0004","AQS","30","59"
"03/21/2001","38","Ozone","ISWS CLIMATE STATION","17-019-1001","AQS","38","."
"03/22/2001","41","Ozone","ISWS CLIMATE STATION","17-019-1001","AQS","41","."
"03/23/2001","82","PM2.5","ISWS CLIMATE STATION","17-019-1001","AQS","41","82"
"03/24/2001","37","Ozone","ISWS CLIMATE STATION","17-019-1001","AQS","37","."
"03/25/2001","31","Ozone","ISWS CLIMATE STATION","17-019-1001","AQS","31","."
"03/26/2001","49","PM2.5","ISWS CLIMATE STATION","17-019-1001","AQS","30","49"
"03/27/2001","39","Ozone","ISWS CLIMATE STATION","17-019-1001","AQS","39","."
"03/28/2001","38","Ozone","ISWS CLIMATE STATION","17-019-1001","AQS","38","."
"03/29/2001","91","PM2.5","ISWS CLIMATE STATION","17-019-1001","AQS","39","91"
"03/30/2001","45","Ozone","ISWS CLIMATE STATION","17-019-1001","AQS","45","."
"03/31/2001","42","Ozone","ISWS CLIMATE STATION","17-019-1001","AQS","42","."
"04/01/2001","40","Ozone","ISWS CLIMATE STATION","17-019-1001","AQS","40","30"
"04/02/2001","42","Ozone","ISWS CLIMATE STATION","17-019-1001","AQS","42","."
"04/03/2001","45","Ozone","ISWS CLIMATE STATION","17-019-1001","AQS","45","."
"04/04/2001","75","PM2.5","ISWS CLIMATE STATION","17-019-1001","AQS","47","75"
"04/05/2001","36","Ozone","ISWS CLIMATE STATION","17-019-1001","AQS","36","."
"04/06/2001","30","Ozone","ISWS CLIMATE STATION","17-019-1001","AQS","30","."
"04/07/2001","58","PM2.5","BOOKER T. WASHINGTON ES","17-019-0004","AQS","35","58"
"04/08/2001","51","Ozone","ISWS CLIMATE STATION","17-019-1001","AQS","51","."
"04/09/2001","54","Ozone","ISWS CLIMATE STATION","17-019-1001","AQS","54","."
"04/10/2001","54","PM2.5","ISWS CLIMATE STATION","17-019-1001","AQS","31","54"
"04/11/2001","40","Ozone","ISWS CLIMATE STATION","17-019-1001","AQS","40","."
"04/12/2001","38","Ozone","ISWS CLIMATE STATION","17-019-1001","AQS","38","."
"04/13/2001","45","Ozone","ISWS CLIMATE STATION","17-019-1001","AQS","45","29"
"04/14/2001","64","Ozone","ISWS CLIMATE STATION","17-019-1001","AQS","64","."
"04/15/2001","43","Ozone","ISWS CLIMATE STATION","17-019-1001","AQS","43","."
"04/16/2001","40","Ozone","ISWS CLIMATE STATION","17-019-1001","AQS","40","17"
"04/17/2001","40","Ozone","ISWS CLIMATE STATION","17-019-1001","AQS","40","."
"04/18/2001","49","Ozone","ISWS CLIMATE STATION","17-019-1001","AQS","49","."
"04/19/2001","51","Ozone","ISWS CLIMATE STATION","17-019-1001","AQS","51","45"
"04/20/2001","47","Ozone","ISWS CLIMATE STATION","17-019-1001","AQS","47","."
"04/21/2001","43","Ozone","ISWS CLIMATE STATION","17-019-1001","AQS","43","."
"04/22/2001","53","PM2.5","ISWS CLIMATE STATION","17-019-1001","AQS","44","53"
"04/23/2001","34","Ozone","ISWS CLIMATE STATION","17-019-1001","AQS","34","."
"04/24/2001","44","Ozone","ISWS CLIMATE STATION","17-019-1001","AQS","44","."
"04/25/2001","46","Ozone","ISWS CLIMATE STATION","17-019-1001","AQS","46","37"
"04/26/2001","74","Ozone","ISWS CLIMATE STATION","17-019-1001","AQS","74","48"
"04/27/2001","51","Ozone","ISWS CLIMATE STATION","17-019-1001","AQS","51","."
"04/28/2001","58","Ozone","ISWS CLIMATE STATION","17-019-1001","AQS","58","24"
"04/29/2001","48","Ozone","ISWS CLIMATE STATION","17-019-1001","AQS","48","."
"04/30/2001","108","Ozone","ISWS CLIMATE STATION","17-019-1001","AQS","108","."
"05/01/2001","80","Ozone","ISWS CLIMATE STATION","17-019-1001","AQS","80","62"
"05/02/2001","87","Ozone","ISWS CLIMATE STATION","17-019-1001","AQS","87","."
"05/03/2001","87","Ozone","ISWS CLIMATE STATION","17-019-1001","AQS","87","."
"05/04/2001","58","PM2.5","ISWS CLIMATE STATION","17-019-1001","AQS","37","58"
"05/05/2001","93","Ozone","BOOKER T. WASHINGTON ES","17-019-0004","AQS","93","."
"05/06/2001","54","Ozone","BOOKER T. WASHINGTON ES","17-019-0004","AQS","54","."
"05/07/2001","45","PM2.5","ISWS CLIMATE STATION","17-019-1001","AQS","26","45"
"05/08/2001","48","Ozone","BOOKER T. WASHINGTON ES","17-019-0004","AQS","48","."
"05/09/2001","71","Ozone","BOOKER T. WASHINGTON ES","17-019-0004","AQS","71","."
"05/10/2001","57","PM2.5","ISWS CLIMATE STATION","17-019-1001","AQS","51","57"
"05/11/2001","44","Ozone","BOOKER T. WASHINGTON ES","17-019-0004","AQS","44","."
"05/12/2001","37","Ozone","BOOKER T. WASHINGTON ES","17-019-0004","AQS","37","."
"05/13/2001","50","Ozone","BOOKER T. WASHINGTON ES","17-019-0004","AQS","50","28"
"05/14/2001","40","Ozone","BOOKER T. WASHINGTON ES","17-019-0004","AQS","40","."
"05/15/2001","54","Ozone","BOOKER T. WASHINGTON ES","17-019-0004","AQS","54","."
"05/16/2001","80","Ozone","BOOKER T. WASHINGTON ES","17-019-0004","AQS","80","56"
"05/17/2001","39","Ozone","BOOKER T. WASHINGTON ES","17-019-0004","AQS","39","."
"05/18/2001","40","Ozone","BOOKER T. WASHINGTON ES","17-019-0004","AQS","40","."
"05/19/2001","53","PM2.5","BOOKER T. WASHINGTON ES","17-019-0004","AQS","48","53"
"05/20/2001","64","Ozone","BOOKER T. WASHINGTON ES","17-019-0004","AQS","64","."
"05/21/2001","37","Ozone","BOOKER T. WASHINGTON ES","17-019-0004","AQS","37","."
"05/22/2001","35","Ozone","BOOKER T. WASHINGTON ES","17-019-0004","AQS","35","14"
"05/23/2001","32","Ozone","BOOKER T. WASHINGTON ES","17-019-0004","AQS","32","."
"05/24/2001","22","Ozone","BOOKER T. WASHINGTON ES","17-019-0004","AQS","22","."
"05/25/2001","26","Ozone","BOOKER T. WASHINGTON ES","17-019-0004","AQS","26","21"
"05/26/2001","44","Ozone","ISWS CLIMATE STATION","17-019-1001","AQS","44","."
"05/27/2001","50","Ozone","ISWS CLIMATE STATION","17-019-1001","AQS","50","."
"05/28/2001","64","Ozone","ISWS CLIMATE STATION","17-019-1001","AQS","64","33"
"05/29/2001","105","Ozone","ISWS CLIMATE STATION","17-019-1001","AQS","105","."
"05/30/2001","43","Ozone","ISWS CLIMATE STATION","17-019-1001","AQS","43","."
"05/31/2001","55","PM2.5","BOOKER T. WASHINGTON ES","17-019-0004","AQS","30","55"
"06/01/2001","51","Ozone","ISWS CLIMATE STATION","17-019-1001","AQS","51","."
"06/02/2001","37","Ozone","ISWS CLIMATE STATION","17-019-1001","AQS","37","."
"06/03/2001","36","Ozone","ISWS CLIMATE STATION","17-019-1001","AQS","36","18"
"06/04/2001","34","Ozone","ISWS CLIMATE STATION","17-019-1001","AQS","34","."
"06/05/2001","30","Ozone","ISWS CLIMATE STATION","17-019-1001","AQS","30","."
"06/06/2001","48","Ozone","ISWS CLIMATE STATION","17-019-1001","AQS","48","43"
"06/07/2001","77","Ozone","ISWS CLIMATE STATION","17-019-1001","AQS","77","."
"06/08/2001","74","Ozone","ISWS CLIMATE STATION","17-019-1001","AQS","74","."
"06/09/2001","74","Ozone","ISWS CLIMATE STATION","17-019-1001","AQS","74","52"
"06/10/2001","105","Ozone","ISWS CLIMATE STATION","17-019-1001","AQS","105","."
"06/11/2001","100","Ozone","ISWS CLIMATE STATION","17-019-1001","AQS","100","."
"06/12/2001","101","Ozone","ISWS CLIMATE STATION","17-019-1001","AQS","101","72"
"06/13/2001","129","Ozone","ISWS CLIMATE STATION","17-019-1001","AQS","129","."
"06/14/2001","49","Ozone","ISWS CLIMATE STATION","17-019-1001","AQS","49","."
"06/15/2001","44","Ozone","ISWS CLIMATE STATION","17-019-1001","AQS","44","23"
"06/16/2001","100","Ozone","ISWS CLIMATE STATION","17-019-1001","AQS","100","."
"06/17/2001","87","Ozone","ISWS CLIMATE STATION","17-019-1001","AQS","87","."
"06/18/2001","136","Ozone","ISWS CLIMATE STATION","17-019-1001","AQS","136","55"
"06/19/2001","119","Ozone","ISWS CLIMATE STATION","17-019-1001","AQS","119","."
"06/20/2001","48","Ozone","ISWS CLIMATE STATION","17-019-1001","AQS","48","."
"06/21/2001","47","PM2.5","ISWS CLIMATE STATION","17-019-1001","AQS","35","47"
"06/22/2001","67","Ozone","ISWS CLIMATE STATION","17-019-1001","AQS","67","."
"06/23/2001","51","Ozone","ISWS CLIMATE STATION","17-019-1001","AQS","51","."
"06/24/2001","90","Ozone","ISWS CLIMATE STATION","17-019-1001","AQS","90","57"
"06/25/2001","112","Ozone","ISWS CLIMATE STATION","17-019-1001","AQS","112","."
"06/26/2001","122","Ozone","ISWS CLIMATE STATION","17-019-1001","AQS","122","."
"06/27/2001","115","Ozone","ISWS CLIMATE STATION","17-019-1001","AQS","115","80"
"06/28/2001","129","Ozone","ISWS CLIMATE STATION","17-019-1001","AQS","129","."
"06/29/2001","108","Ozone","ISWS CLIMATE STATION","17-019-1001","AQS","108","."
"06/30/2001","87","Ozone","ISWS CLIMATE STATION","17-019-1001","AQS","87","65"
"07/01/2001","41","Ozone","ISWS CLIMATE STATION","17-019-1001","AQS","41","."
"07/02/2001","44","Ozone","ISWS CLIMATE STATION","17-019-1001","AQS","44","."
"07/03/2001","36","Ozone","ISWS CLIMATE STATION","17-019-1001","AQS","36","."
"07/04/2001","54","Ozone","ISWS CLIMATE STATION","17-019-1001","AQS","54","."
"07/05/2001","45","Ozone","ISWS CLIMATE STATION","17-019-1001","AQS","45","."
"07/06/2001","54","Ozone","ISWS CLIMATE STATION","17-019-1001","AQS","54","30"
"07/07/2001","64","Ozone","BOOKER T. WASHINGTON ES","17-019-0004","AQS","64","."
"07/08/2001","44","Ozone","ISWS CLIMATE STATION","17-019-1001","AQS","44","."
"07/09/2001","54","Ozone","ISWS CLIMATE STATION","17-019-1001","AQS","54","."
"07/10/2001","77","Ozone","ISWS CLIMATE STATION","17-019-1001","AQS","77","."
"07/11/2001","43","Ozone","ISWS CLIMATE STATION","17-019-1001","AQS","43","."
"07/12/2001","41","Ozone","ISWS CLIMATE STATION","17-019-1001","AQS","41","31"
"07/13/2001","51","Ozone","ISWS CLIMATE STATION","17-019-1001","AQS","51","."
"07/14/2001","64","Ozone","ISWS CLIMATE STATION","17-019-1001","AQS","64","."
"07/15/2001","97","Ozone","ISWS CLIMATE STATION","17-019-1001","AQS","97","."
"07/16/2001","112","Ozone","ISWS CLIMATE STATION","17-019-1001","AQS","112","."
"07/17/2001","80","Ozone","ISWS CLIMATE STATION","17-019-1001","AQS","80","."
"07/18/2001","39","PM2.5","BOOKER T. WASHINGTON ES","17-019-0004","AQS","38","39"
"07/19/2001","41","Ozone","BOOKER T. WASHINGTON ES","17-019-0004","AQS","41","."
"07/20/2001","101","Ozone","ISWS CLIMATE STATION","17-019-1001","AQS","101","."
"07/21/2001","65","PM2.5","ISWS CLIMATE STATION","17-019-1001","AQS","44","65"
"07/22/2001","54","Ozone","ISWS CLIMATE STATION","17-019-1001","AQS","54","."
"07/23/2001","48","Ozone","BOOKER T. WASHINGTON ES","17-019-0004","AQS","48","."
"07/24/2001","66","PM2.5","BOOKER T. WASHINGTON ES","17-019-0004","AQS","64","66"
"07/25/2001","46","Ozone","ISWS CLIMATE STATION","17-019-1001","AQS","46","."
"07/26/2001","39","Ozone","BOOKER T. WASHINGTON ES","17-019-0004","AQS","39","."
"07/27/2001","58","PM2.5","ISWS CLIMATE STATION","17-019-1001","AQS","54","58"
"07/28/2001","46","Ozone","BOOKER T. WASHINGTON ES","17-019-0004","AQS","46","."
"07/29/2001","48","Ozone","BOOKER T. WASHINGTON ES","17-019-0004","AQS","48","."
"07/30/2001","58","Ozone","BOOKER T. WASHINGTON ES","17-019-0004","AQS","58","53"
"07/31/2001","100","Ozone","BOOKER T. WASHINGTON ES","17-019-0004","AQS","100","."
"08/01/2001","108","Ozone","BOOKER T. WASHINGTON ES","17-019-0004","AQS","108","."
"08/02/2001","67","PM2.5","ISWS CLIMATE STATION","17-019-1001","AQS","38","67"
"08/03/2001","49","Ozone","BOOKER T. WASHINGTON ES","17-019-0004","AQS","49","."
"08/04/2001","45","Ozone","BOOKER T. WASHINGTON ES","17-019-0004","AQS","45","."
"08/05/2001","87","Ozone","BOOKER T. WASHINGTON ES","17-019-0004","AQS","87","61"
"08/06/2001","80","Ozone","ISWS CLIMATE STATION","17-019-1001","AQS","80","."
"08/07/2001","108","Ozone","BOOKER T. WASHINGTON ES","17-019-0004","AQS","108","."
"08/08/2001","104","PM2.5","ISWS CLIMATE STATION","17-019-1001","AQS","97","104"
"08/09/2001","87","Ozone","BOOKER T. WASHINGTON ES","17-019-0004","AQS","87","."
"08/10/2001","44","Ozone","ISWS CLIMATE STATION","17-019-1001","AQS","44","."
"08/11/2001","49","Ozone","ISWS CLIMATE STATION","17-019-1001","AQS","49","35"
"08/12/2001","80","Ozone","ISWS CLIMATE STATION","17-019-1001","AQS","80","."
"08/13/2001","64","Ozone","BOOKER T. WASHINGTON ES","17-019-0004","AQS","64","."
"08/14/2001","49","Ozone","ISWS CLIMATE STATION","17-019-1001","AQS","49","20"
"08/15/2001","80","Ozone","BOOKER T. WASHINGTON ES","17-019-0004","AQS","80","."
"08/16/2001","44","Ozone","BOOKER T. WASHINGTON ES","17-019-0004","AQS","44","."
"08/17/2001","37","Ozone","BOOKER T. WASHINGTON ES","17-019-0004","AQS","37","33"
"08/18/2001","49","Ozone","ISWS CLIMATE STATION","17-019-1001","AQS","49","."
"08/19/2001","38","Ozone","ISWS CLIMATE STATION","17-019-1001","AQS","38","."
"08/20/2001","34","Ozone","ISWS CLIMATE STATION","17-019-1001","AQS","34","22"
"08/21/2001","46","Ozone","ISWS CLIMATE STATION","17-019-1001","AQS","46","."
"08/22/2001","61","Ozone","BOOKER T. WASHINGTON ES","17-019-0004","AQS","61","."
"08/23/2001","46","Ozone","ISWS CLIMATE STATION","17-019-1001","AQS","46","24"
"08/24/2001","44","Ozone","ISWS CLIMATE STATION","17-019-1001","AQS","44","."
"08/25/2001","51","Ozone","ISWS CLIMATE STATION","17-019-1001","AQS","51","."
"08/26/2001","42","Ozone","ISWS CLIMATE STATION","17-019-1001","AQS","42","30"
"08/27/2001","54","Ozone","ISWS CLIMATE STATION","17-019-1001","AQS","54","."
"08/28/2001","49","Ozone","ISWS CLIMATE STATION","17-019-1001","AQS","49","."
"08/29/2001","64","Ozone","ISWS CLIMATE STATION","17-019-1001","AQS","64","55"
"08/30/2001","90","Ozone","ISWS CLIMATE STATION","17-019-1001","AQS","90","."
"08/31/2001","41","Ozone","ISWS CLIMATE STATION","17-019-1001","AQS","41","."
"09/01/2001","36","Ozone","ISWS CLIMATE STATION","17-019-1001","AQS","36","13"
"09/02/2001","58","Ozone","ISWS CLIMATE STATION","17-019-1001","AQS","58","."
"09/03/2001","101","Ozone","ISWS CLIMATE STATION","17-019-1001","AQS","101","."
"09/04/2001","57","PM2.5","ISWS CLIMATE STATION","17-019-1001","AQS","47","57"
"09/05/2001","71","Ozone","ISWS CLIMATE STATION","17-019-1001","AQS","71","47"
"09/06/2001","87","Ozone","ISWS CLIMATE STATION","17-019-1001","AQS","87","."
"09/07/2001","37","Ozone","BOOKER T. WASHINGTON ES","17-019-0004","AQS","37","36"
"09/08/2001","61","Ozone","ISWS CLIMATE STATION","17-019-1001","AQS","61","."
"09/09/2001","30","Ozone","ISWS CLIMATE STATION","17-019-1001","AQS","30","."
"09/10/2001","43","Ozone","ISWS CLIMATE STATION","17-019-1001","AQS","43","23"
"09/11/2001","47","Ozone","ISWS CLIMATE STATION","17-019-1001","AQS","47","38"
"09/12/2001","101","Ozone","ISWS CLIMATE STATION","17-019-1001","AQS","101","."
"09/13/2001","49","PM2.5","ISWS CLIMATE STATION","17-019-1001","AQS","48","49"
"09/14/2001","31","Ozone","ISWS CLIMATE STATION","17-019-1001","AQS","31","."
"09/15/2001","41","Ozone","ISWS CLIMATE STATION","17-019-1001","AQS","41","."
"09/16/2001","55","PM2.5","BOOKER T. WASHINGTON ES","17-019-0004","AQS","50","55"
"09/17/2001","71","Ozone","ISWS CLIMATE STATION","17-019-1001","AQS","71","."
"09/18/2001","44","Ozone","ISWS CLIMATE STATION","17-019-1001","AQS","44","."
"09/19/2001","53","PM2.5","ISWS CLIMATE STATION","17-019-1001","AQS","42","53"
"09/20/2001","44","Ozone","ISWS CLIMATE STATION","17-019-1001","AQS","44","."
"09/21/2001","41","Ozone","ISWS CLIMATE STATION","17-019-1001","AQS","41","."
"09/22/2001","40","PM2.5","BOOKER T. WASHINGTON ES","17-019-0004","AQS","31","40"
"09/23/2001","42","Ozone","ISWS CLIMATE STATION","17-019-1001","AQS","42","."
"09/24/2001","26","Ozone","ISWS CLIMATE STATION","17-019-1001","AQS","26","."
"09/25/2001","33","Ozone","ISWS CLIMATE STATION","17-019-1001","AQS","33","9"
"09/26/2001","36","Ozone","ISWS CLIMATE STATION","17-019-1001","AQS","36","."
"09/27/2001","32","Ozone","ISWS CLIMATE STATION","17-019-1001","AQS","32","."
"09/28/2001","32","PM2.5","ISWS CLIMATE STATION","17-019-1001","AQS","21","32"
"09/29/2001","34","Ozone","ISWS CLIMATE STATION","17-019-1001","AQS","34","."
"09/30/2001","44","Ozone","ISWS CLIMATE STATION","17-019-1001","AQS","44","."
"10/01/2001","51","Ozone","ISWS CLIMATE STATION","17-019-1001","AQS","51","41"
"10/02/2001","87","Ozone","ISWS CLIMATE STATION","17-019-1001","AQS","87","."
"10/03/2001","100","Ozone","ISWS CLIMATE STATION","17-019-1001","AQS","100","."
"10/04/2001","53","PM2.5","BOOKER T. WASHINGTON ES","17-019-0004","AQS","22","53"
"10/05/2001","23","Ozone","ISWS CLIMATE STATION","17-019-1001","AQS","23","."
"10/06/2001","30","Ozone","ISWS CLIMATE STATION","17-019-1001","AQS","30","."
"10/07/2001","36","Ozone","ISWS CLIMATE STATION","17-019-1001","AQS","36","19"
"10/08/2001","37","Ozone","ISWS CLIMATE STATION","17-019-1001","AQS","37","."
"10/09/2001","47","Ozone","ISWS CLIMATE STATION","17-019-1001","AQS","47","."
"10/10/2001","56","PM2.5","ISWS CLIMATE STATION","17-019-1001","AQS","28","56"
"10/11/2001","23","Ozone","ISWS CLIMATE STATION","17-019-1001","AQS","23","."
"10/12/2001","17","Ozone","ISWS CLIMATE STATION","17-019-1001","AQS","17","."
"10/13/2001","25","Ozone","ISWS CLIMATE STATION","17-019-1001","AQS","25","19"
"10/14/2001","28","Ozone","ISWS CLIMATE STATION","17-019-1001","AQS","28","."
"10/15/2001","22","Ozone","ISWS CLIMATE STATION","17-019-1001","AQS","22","."
"10/16/2001","22","PM2.5","ISWS CLIMATE STATION","17-019-1001","AQS","15","22"
"10/17/2001","27","Ozone","ISWS CLIMATE STATION","17-019-1001","AQS","27","."
"10/18/2001","34","Ozone","ISWS CLIMATE STATION","17-019-1001","AQS","34","."
"10/19/2001","32","Ozone","ISWS CLIMATE STATION","17-019-1001","AQS","32","24"
"10/20/2001","45","Ozone","ISWS CLIMATE STATION","17-019-1001","AQS","45","."
"10/21/2001","32","Ozone","ISWS CLIMATE STATION","17-019-1001","AQS","32","."
"10/22/2001","62","PM2.5","ISWS CLIMATE STATION","17-019-1001","AQS","42","62"
"10/23/2001","27","Ozone","ISWS CLIMATE STATION","17-019-1001","AQS","27","."
"10/24/2001","29","Ozone","ISWS CLIMATE STATION","17-019-1001","AQS","29","."
"10/25/2001","32","Ozone","ISWS CLIMATE STATION","17-019-1001","AQS","32","9"
"10/26/2001","21","Ozone","ISWS CLIMATE STATION","17-019-1001","AQS","21","."
"10/27/2001","28","Ozone","ISWS CLIMATE STATION","17-019-1001","AQS","28","."
"10/28/2001","31","PM2.5","ISWS CLIMATE STATION","17-019-1001","AQS","26","31"
"10/29/2001","34","Ozone","ISWS CLIMATE STATION","17-019-1001","AQS","34","."
"10/30/2001","22","Ozone","ISWS CLIMATE STATION","17-019-1001","AQS","22","."
"10/31/2001","57","PM2.5","ISWS CLIMATE STATION","17-019-1001","AQS","46","57"
"11/01/2001","38","Ozone","ISWS CLIMATE STATION","17-019-1001","AQS","38","."
"11/02/2001","30","Ozone","ISWS CLIMATE STATION","17-019-1001","AQS","30","."
"11/03/2001","33","Ozone","ISWS CLIMATE STATION","17-019-1001","AQS","33","27"
"11/04/2001","35","Ozone","ISWS CLIMATE STATION","17-019-1001","AQS","35","."
"11/05/2001","28","Ozone","ISWS CLIMATE STATION","17-019-1001","AQS","28","."
"11/06/2001","34","PM2.5","ISWS CLIMATE STATION","17-019-1001","AQS","23","34"
"11/07/2001","37","Ozone","ISWS CLIMATE STATION","17-019-1001","AQS","37","."
"11/08/2001","16","Ozone","ISWS CLIMATE STATION","17-019-1001","AQS","16","."
"11/09/2001","49","PM2.5","BOOKER T. WASHINGTON ES","17-019-0004","AQS","19","49"
"11/10/2001","24","Ozone","ISWS CLIMATE STATION","17-019-1001","AQS","24","."
"11/11/2001","26","Ozone","ISWS CLIMATE STATION","17-019-1001","AQS","26","."
"11/12/2001","54","PM2.5","ISWS CLIMATE STATION","17-019-1001","AQS","19","54"
"11/13/2001","32","Ozone","ISWS CLIMATE STATION","17-019-1001","AQS","32","."
"11/14/2001","42","Ozone","ISWS CLIMATE STATION","17-019-1001","AQS","42","."
"11/15/2001","109","PM2.5","ISWS CLIMATE STATION","17-019-1001","AQS","40","109"
"11/16/2001","32","Ozone","ISWS CLIMATE STATION","17-019-1001","AQS","32","."
"11/17/2001","34","Ozone","ISWS CLIMATE STATION","17-019-1001","AQS","34","."
"11/18/2001","69","PM2.5","ISWS CLIMATE STATION","17-019-1001","AQS","38","69"
"11/19/2001","19","Ozone","ISWS CLIMATE STATION","17-019-1001","AQS","19","."
"11/20/2001","21","Ozone","ISWS CLIMATE STATION","17-019-1001","AQS","21","."
"11/21/2001","33","PM2.5","ISWS CLIMATE STATION","17-019-1001","AQS","19","33"
"11/22/2001","25","Ozone","ISWS CLIMATE STATION","17-019-1001","AQS","25","."
"11/23/2001","21","Ozone","BOOKER T. WASHINGTON ES","17-019-0004","AQS","21","."
"11/24/2001","31","Ozone","ISWS CLIMATE STATION","17-019-1001","AQS","31","25"
"11/25/2001","20","Ozone","ISWS CLIMATE STATION","17-019-1001","AQS","20","."
"11/26/2001","20","Ozone","ISWS CLIMATE STATION","17-019-1001","AQS","20","."
"11/27/2001","44","PM2.5","BOOKER T. WASHINGTON ES","17-019-0004","AQS","13","44"
"11/28/2001","7","Ozone","ISWS CLIMATE STATION","17-019-1001","AQS","7","."
"11/29/2001","1","Ozone","BOOKER T. WASHINGTON ES","17-019-0004","AQS","1","."
"11/30/2001","12","PM2.5","ISWS CLIMATE STATION","17-019-1001","AQS","11","12"
"12/01/2001","19","Ozone","ISWS CLIMATE STATION","17-019-1001","AQS","19","."
"12/02/2001","16","Ozone","ISWS CLIMATE STATION","17-019-1001","AQS","16","."
"12/03/2001","54","PM2.5","ISWS CLIMATE STATION","17-019-1001","AQS","28","54"
"12/04/2001","26","Ozone","BOOKER T. WASHINGTON ES","17-019-0004","AQS","26","."
"12/05/2001","33","Ozone","ISWS CLIMATE STATION","17-019-1001","AQS","33","."
"12/06/2001","24","Ozone","ISWS CLIMATE STATION","17-019-1001","AQS","24","20"
"12/07/2001","12","Ozone","ISWS CLIMATE STATION","17-019-1001","AQS","12","."
"12/08/2001","13","Ozone","ISWS CLIMATE STATION","17-019-1001","AQS","13","."
"12/09/2001","40","PM2.5","BOOKER T. WASHINGTON ES","17-019-0004","AQS","20","40"
"12/10/2001","14","Ozone","ISWS CLIMATE STATION","17-019-1001","AQS","14","."
"12/11/2001","11","Ozone","BOOKER T. WASHINGTON ES","17-019-0004","AQS","11","."
"12/12/2001","54","PM2.5","ISWS CLIMATE STATION","17-019-1001","AQS","7","54"
"12/13/2001","17","Ozone","ISWS CLIMATE STATION","17-019-1001","AQS","17","."
"12/14/2001","16","Ozone","ISWS CLIMATE STATION","17-019-1001","AQS","16","."
"12/15/2001","31","PM2.5","ISWS CLIMATE STATION","17-019-1001","AQS","20","31"
"12/16/2001","8","Ozone","ISWS CLIMATE STATION","17-019-1001","AQS","8","."
"12/17/2001","15","Ozone","ISWS CLIMATE STATION","17-019-1001","AQS","15","."
"12/18/2001","53","PM2.5","ISWS CLIMATE STATION","17-019-1001","AQS","14","53"
"12/19/2001","22","Ozone","ISWS CLIMATE STATION","17-019-1001","AQS","22","."
"12/20/2001","18","Ozone","ISWS CLIMATE STATION","17-019-1001","AQS","18","."
"12/21/2001","51","PM2.5","BOOKER T. WASHINGTON ES","17-019-0004","AQS","10","51"
"12/22/2001","22","Ozone","ISWS CLIMATE STATION","17-019-1001","AQS","22","."
"12/23/2001","24","Ozone","ISWS CLIMATE STATION","17-019-1001","AQS","24","."
"12/24/2001","26","PM2.5","ISWS CLIMATE STATION","17-019-1001","AQS","21","26"
"12/25/2001","23","Ozone","ISWS CLIMATE STATION","17-019-1001","AQS","23","."
"12/26/2001","23","Ozone","ISWS CLIMATE STATION","17-019-1001","AQS","23","."
"12/27/2001","26","Ozone","ISWS CLIMATE STATION","17-019-1001","AQS","26","23"
"12/28/2001","25","Ozone","ISWS CLIMATE STATION","17-019-1001","AQS","25","."
"12/29/2001","23","Ozone","ISWS CLIMATE STATION","17-019-1001","AQS","23","."
"12/30/2001","25","PM2.5","ISWS CLIMATE STATION","17-019-1001","AQS","23","25"
"12/31/2001","22","Ozone","ISWS CLIMATE STATION","17-019-1001","AQS","22","."
