"Date","Overall AQI Value","Main Pollutant","Site Name (of Overall AQI)","Site ID (of Overall AQI)","Source (of Overall AQI)","Ozone","SO2","PM25"
"01/07/1982","22","Ozone","BOOKER T. WASHINGTON ES","17-019-0004","AQS","22",".","."
"01/09/1982","27","Ozone","BOOKER T. WASHINGTON ES","17-019-0004","AQS","27",".","."
"01/10/1982","27","Ozone","BOOKER T. WASHINGTON ES","17-019-0004","AQS","27",".","."
"01/11/1982","25","Ozone","BOOKER T. WASHINGTON ES","17-019-0004","AQS","25",".","."
"01/13/1982","19","Ozone","BOOKER T. WASHINGTON ES","17-019-0004","AQS","19",".","."
"01/14/1982","21","Ozone","BOOKER T. WASHINGTON ES","17-019-0004","AQS","21",".","."
"01/15/1982","21","Ozone","BOOKER T. WASHINGTON ES","17-019-0004","AQS","21",".","."
"01/16/1982","28","Ozone","BOOKER T. WASHINGTON ES","17-019-0004","AQS","28",".","."
"01/17/1982","22","Ozone","BOOKER T. WASHINGTON ES","17-019-0004","AQS","22",".","."
"01/18/1982","17","Ozone","BOOKER T. WASHINGTON ES","17-019-0004","AQS","17",".","."
"01/19/1982","7","Ozone","BOOKER T. WASHINGTON ES","17-019-0004","AQS","7",".","."
"01/20/1982","13","Ozone","BOOKER T. WASHINGTON ES","17-019-0004","AQS","13",".","."
"01/21/1982","15","Ozone","BOOKER T. WASHINGTON ES","17-019-0004","AQS","15",".","."
"01/22/1982","14","Ozone","BOOKER T. WASHINGTON ES","17-019-0004","AQS","14",".","."
"01/23/1982","26","Ozone","BOOKER T. WASHINGTON ES","17-019-0004","AQS","26",".","."
"01/24/1982","29","Ozone","BOOKER T. WASHINGTON ES","17-019-0004","AQS","29",".","."
"01/25/1982","27","Ozone","BOOKER T. WASHINGTON ES","17-019-0004","AQS","27",".","."
"01/26/1982","21","Ozone","BOOKER T. WASHINGTON ES","17-019-0004","AQS","21",".","."
"01/27/1982","57","SO2","BOOKER T. WASHINGTON ES","17-019-0004","AQS","24","57","."
"01/28/1982","24","Ozone","BOOKER T. WASHINGTON ES","17-019-0004","AQS","24","13","."
"01/29/1982","36","SO2","BOOKER T. WASHINGTON ES","17-019-0004","AQS",".","36","."
"01/30/1982","27","SO2","BOOKER T. WASHINGTON ES","17-019-0004","AQS",".","27","."
"01/31/1982","10","SO2","BOOKER T. WASHINGTON ES","17-019-0004","AQS",".","10","."
"02/01/1982","17","SO2","BOOKER T. WASHINGTON ES","17-019-0004","AQS",".","17","."
"02/02/1982","39","Ozone","BOOKER T. WASHINGTON ES","17-019-0004","AQS","39","29","."
"02/03/1982","59","SO2","BOOKER T. WASHINGTON ES","17-019-0004","AQS","24","59","."
"02/04/1982","24","SO2","BOOKER T. WASHINGTON ES","17-019-0004","AQS",".","24","."
"02/05/1982","51","SO2","BOOKER T. WASHINGTON ES","17-019-0004","AQS",".","51","."
"02/06/1982","50","SO2","BOOKER T. WASHINGTON ES","17-019-0004","AQS",".","50","."
"02/07/1982","51","SO2","BOOKER T. WASHINGTON ES","17-019-0004","AQS",".","51","."
"02/08/1982","36","SO2","BOOKER T. WASHINGTON ES","17-019-0004","AQS",".","36","."
"02/09/1982","30","Ozone","BOOKER T. WASHINGTON ES","17-019-0004","AQS","30","23","."
"02/10/1982","36","SO2","BOOKER T. WASHINGTON ES","17-019-0004","AQS","29","36","."
"02/11/1982","33","SO2","BOOKER T. WASHINGTON ES","17-019-0004","AQS","33","33","."
"02/12/1982","45","Ozone","BOOKER T. WASHINGTON ES","17-019-0004","AQS","45","41","."
"02/13/1982","45","Ozone","BOOKER T. WASHINGTON ES","17-019-0004","AQS","45","44","."
"02/14/1982","48","Ozone","BOOKER T. WASHINGTON ES","17-019-0004","AQS","48","39","."
"02/15/1982","31","Ozone","BOOKER T. WASHINGTON ES","17-019-0004","AQS","31","27","."
"02/16/1982","32","Ozone","BOOKER T. WASHINGTON ES","17-019-0004","AQS","32","11","."
"02/17/1982","31","Ozone","BOOKER T. WASHINGTON ES","17-019-0004","AQS","31","19","."
"02/18/1982","41","SO2","BOOKER T. WASHINGTON ES","17-019-0004","AQS","19","41","."
"02/19/1982","22","Ozone","BOOKER T. WASHINGTON ES","17-019-0004","AQS","22","17","."
"02/20/1982","25","Ozone","BOOKER T. WASHINGTON ES","17-019-0004","AQS","25","9","."
"02/21/1982","29","Ozone","BOOKER T. WASHINGTON ES","17-019-0004","AQS","29","3","."
"02/22/1982","37","SO2","BOOKER T. WASHINGTON ES","17-019-0004","AQS","26","37","."
"02/23/1982","24","SO2","BOOKER T. WASHINGTON ES","17-019-0004","AQS","19","24","."
"02/24/1982","22","Ozone","BOOKER T. WASHINGTON ES","17-019-0004","AQS","22","16","."
"03/01/1982","22","Ozone","BOOKER T. WASHINGTON ES","17-019-0004","AQS","22",".","."
"03/04/1982","31","Ozone","BOOKER T. WASHINGTON ES","17-019-0004","AQS","31",".","."
"03/05/1982","48","Ozone","BOOKER T. WASHINGTON ES","17-019-0004","AQS","48",".","."
"03/06/1982","38","Ozone","BOOKER T. WASHINGTON ES","17-019-0004","AQS","38",".","."
"03/07/1982","43","Ozone","BOOKER T. WASHINGTON ES","17-019-0004","AQS","43",".","."
"03/08/1982","28","Ozone","BOOKER T. WASHINGTON ES","17-019-0004","AQS","28",".","."
"03/09/1982","31","Ozone","BOOKER T. WASHINGTON ES","17-019-0004","AQS","31",".","."
"03/10/1982","30","Ozone","BOOKER T. WASHINGTON ES","17-019-0004","AQS","30",".","."
"03/11/1982","31","Ozone","BOOKER T. WASHINGTON ES","17-019-0004","AQS","31","10","."
"03/12/1982","40","SO2","BOOKER T. WASHINGTON ES","17-019-0004","AQS","25","40","."
"03/13/1982","32","Ozone","BOOKER T. WASHINGTON ES","17-019-0004","AQS","32","9","."
"03/14/1982","31","Ozone","BOOKER T. WASHINGTON ES","17-019-0004","AQS","31","16","."
"03/15/1982","27","Ozone","BOOKER T. WASHINGTON ES","17-019-0004","AQS","27","20","."
"03/16/1982","32","Ozone","BOOKER T. WASHINGTON ES","17-019-0004","AQS","32","17","."
"03/17/1982","20","Ozone","BOOKER T. WASHINGTON ES","17-019-0004","AQS","20","17","."
"03/18/1982","29","SO2","BOOKER T. WASHINGTON ES","17-019-0004","AQS","21","29","."
"03/19/1982","29","SO2","BOOKER T. WASHINGTON ES","17-019-0004","AQS","20","29","."
"03/20/1982","19","SO2","BOOKER T. WASHINGTON ES","17-019-0004","AQS","19","19","."
"03/21/1982","27","Ozone","BOOKER T. WASHINGTON ES","17-019-0004","AQS","27","7","."
"03/22/1982","31","Ozone","BOOKER T. WASHINGTON ES","17-019-0004","AQS","31","7","."
"03/23/1982","35","Ozone","BOOKER T. WASHINGTON ES","17-019-0004","AQS","35","34","."
"03/24/1982","37","Ozone","BOOKER T. WASHINGTON ES","17-019-0004","AQS","37",".","."
"03/25/1982","29","Ozone","BOOKER T. WASHINGTON ES","17-019-0004","AQS","29",".","."
"03/26/1982","29","Ozone","BOOKER T. WASHINGTON ES","17-019-0004","AQS","29","3","."
"03/27/1982","35","Ozone","BOOKER T. WASHINGTON ES","17-019-0004","AQS","35","7","."
"03/28/1982","39","Ozone","BOOKER T. WASHINGTON ES","17-019-0004","AQS","39","16","."
"03/29/1982","45","Ozone","BOOKER T. WASHINGTON ES","17-019-0004","AQS","45","39","."
"03/30/1982","28","Ozone","BOOKER T. WASHINGTON ES","17-019-0004","AQS","28",".","."
"03/31/1982","36","Ozone","BOOKER T. WASHINGTON ES","17-019-0004","AQS","36","10","."
"04/01/1982","43","Ozone","BOOKER T. WASHINGTON ES","17-019-0004","AQS","43","20","."
"04/03/1982","33","Ozone","BOOKER T. WASHINGTON ES","17-019-0004","AQS","33","9","."
"04/04/1982","35","Ozone","BOOKER T. WASHINGTON ES","17-019-0004","AQS","35","14","."
"04/05/1982","34","Ozone","BOOKER T. WASHINGTON ES","17-019-0004","AQS","34","16","."
"04/06/1982","42","Ozone","BOOKER T. WASHINGTON ES","17-019-0004","AQS","42","13","."
"04/07/1982","40","Ozone","BOOKER T. WASHINGTON ES","17-019-0004","AQS","40","24","."
"04/08/1982","32","Ozone","BOOKER T. WASHINGTON ES","17-019-0004","AQS","32","30","."
"04/09/1982","64","Ozone","BOOKER T. WASHINGTON ES","17-019-0004","AQS","64","23","."
"04/10/1982","31","Ozone","BOOKER T. WASHINGTON ES","17-019-0004","AQS","31","26","."
"04/11/1982","39","Ozone","BOOKER T. WASHINGTON ES","17-019-0004","AQS","39","11","."
"04/12/1982","43","Ozone","BOOKER T. WASHINGTON ES","17-019-0004","AQS","43","17","."
"04/13/1982","24","Ozone","BOOKER T. WASHINGTON ES","17-019-0004","AQS","24","7","."
"04/14/1982","44","Ozone","BOOKER T. WASHINGTON ES","17-019-0004","AQS","44",".","."
"04/15/1982","64","Ozone","BOOKER T. WASHINGTON ES","17-019-0004","AQS","64","24","."
"04/17/1982","36","Ozone","BOOKER T. WASHINGTON ES","17-019-0004","AQS","36","3","."
"04/18/1982","42","Ozone","BOOKER T. WASHINGTON ES","17-019-0004","AQS","42","10","."
"04/19/1982","31","Ozone","BOOKER T. WASHINGTON ES","17-019-0004","AQS","31","23","."
"04/20/1982","31","Ozone","BOOKER T. WASHINGTON ES","17-019-0004","AQS","31","7","."
"04/21/1982","43","Ozone","BOOKER T. WASHINGTON ES","17-019-0004","AQS","43","7","."
"04/22/1982","47","Ozone","BOOKER T. WASHINGTON ES","17-019-0004","AQS","47","14","."
"04/23/1982","45","Ozone","BOOKER T. WASHINGTON ES","17-019-0004","AQS","45","33","."
"04/24/1982","61","Ozone","BOOKER T. WASHINGTON ES","17-019-0004","AQS","61","20","."
"04/25/1982","50","Ozone","BOOKER T. WASHINGTON ES","17-019-0004","AQS","50","21","."
"04/26/1982","41","Ozone","BOOKER T. WASHINGTON ES","17-019-0004","AQS","41","19","."
"04/27/1982","36","Ozone","BOOKER T. WASHINGTON ES","17-019-0004","AQS","36","9","."
"04/28/1982","40","Ozone","BOOKER T. WASHINGTON ES","17-019-0004","AQS","40",".","."
"04/29/1982","36","Ozone","BOOKER T. WASHINGTON ES","17-019-0004","AQS","36",".","."
"04/30/1982","43","Ozone","BOOKER T. WASHINGTON ES","17-019-0004","AQS","43",".","."
"05/01/1982","126","Ozone","BOOKER T. WASHINGTON ES","17-019-0004","AQS","126",".","."
"05/06/1982","43","Ozone","BOOKER T. WASHINGTON ES","17-019-0004","AQS","43",".","."
"05/07/1982","38","Ozone","BOOKER T. WASHINGTON ES","17-019-0004","AQS","38","11","."
"05/08/1982","48","Ozone","BOOKER T. WASHINGTON ES","17-019-0004","AQS","48","19","."
"05/09/1982","50","Ozone","BOOKER T. WASHINGTON ES","17-019-0004","AQS","50","33","."
"05/10/1982","80","Ozone","BOOKER T. WASHINGTON ES","17-019-0004","AQS","80","19","."
"05/11/1982","71","Ozone","BOOKER T. WASHINGTON ES","17-019-0004","AQS","71","16","."
"05/12/1982","80","Ozone","BOOKER T. WASHINGTON ES","17-019-0004","AQS","80","11","."
"05/13/1982","87","Ozone","BOOKER T. WASHINGTON ES","17-019-0004","AQS","87","16","."
"05/14/1982","77","Ozone","BOOKER T. WASHINGTON ES","17-019-0004","AQS","77","14","."
"05/15/1982","44","Ozone","BOOKER T. WASHINGTON ES","17-019-0004","AQS","44","33","."
"05/16/1982","51","Ozone","BOOKER T. WASHINGTON ES","17-019-0004","AQS","51","20","."
"05/17/1982","105","Ozone","BOOKER T. WASHINGTON ES","17-019-0004","AQS","105","30","."
"05/18/1982","45","Ozone","BOOKER T. WASHINGTON ES","17-019-0004","AQS","45","16","."
"05/19/1982","48","Ozone","BOOKER T. WASHINGTON ES","17-019-0004","AQS","48","31","."
"05/20/1982","61","Ozone","BOOKER T. WASHINGTON ES","17-019-0004","AQS","61","20","."
"05/21/1982","50","Ozone","BOOKER T. WASHINGTON ES","17-019-0004","AQS","50","7","."
"05/22/1982","37","Ozone","BOOKER T. WASHINGTON ES","17-019-0004","AQS","37","4","."
"05/23/1982","3","SO2","BOOKER T. WASHINGTON ES","17-019-0004","AQS",".","3","."
"05/24/1982","23","SO2","BOOKER T. WASHINGTON ES","17-019-0004","AQS",".","23","."
"05/25/1982","30","SO2","BOOKER T. WASHINGTON ES","17-019-0004","AQS",".","30","."
"05/26/1982","42","Ozone","BOOKER T. WASHINGTON ES","17-019-0004","AQS","42","10","."
"05/27/1982","61","Ozone","BOOKER T. WASHINGTON ES","17-019-0004","AQS","61","4","."
"05/28/1982","64","Ozone","BOOKER T. WASHINGTON ES","17-019-0004","AQS","64","11","."
"05/29/1982","48","Ozone","BOOKER T. WASHINGTON ES","17-019-0004","AQS","48","7","."
"05/30/1982","90","Ozone","BOOKER T. WASHINGTON ES","17-019-0004","AQS","90","7","."
"05/31/1982","43","Ozone","BOOKER T. WASHINGTON ES","17-019-0004","AQS","43","10","."
"06/01/1982","40","Ozone","BOOKER T. WASHINGTON ES","17-019-0004","AQS","40","6","."
"06/02/1982","50","Ozone","BOOKER T. WASHINGTON ES","17-019-0004","AQS","50","9","."
"06/03/1982","44","Ozone","BOOKER T. WASHINGTON ES","17-019-0004","AQS","44","7","."
"06/04/1982","49","SO2","BOOKER T. WASHINGTON ES","17-019-0004","AQS","27","49","."
"06/05/1982","108","Ozone","BOOKER T. WASHINGTON ES","17-019-0004","AQS","108","27","."
"06/06/1982","115","Ozone","BOOKER T. WASHINGTON ES","17-019-0004","AQS","115","13","."
"06/07/1982","45","Ozone","BOOKER T. WASHINGTON ES","17-019-0004","AQS","45","29","."
"06/08/1982","47","SO2","BOOKER T. WASHINGTON ES","17-019-0004","AQS","46","47","."
"06/09/1982","49","Ozone","BOOKER T. WASHINGTON ES","17-019-0004","AQS","49","44","."
"06/10/1982","44","Ozone","BOOKER T. WASHINGTON ES","17-019-0004","AQS","44","6","."
"06/11/1982","64","Ozone","BOOKER T. WASHINGTON ES","17-019-0004","AQS","64","41","."
"06/12/1982","64","Ozone","BOOKER T. WASHINGTON ES","17-019-0004","AQS","64","23","."
"06/13/1982","46","Ozone","BOOKER T. WASHINGTON ES","17-019-0004","AQS","46","14","."
"06/14/1982","64","Ozone","BOOKER T. WASHINGTON ES","17-019-0004","AQS","64","10","."
"06/15/1982","48","Ozone","BOOKER T. WASHINGTON ES","17-019-0004","AQS","48","11","."
"06/16/1982","31","Ozone","BOOKER T. WASHINGTON ES","17-019-0004","AQS","31","11","."
"06/17/1982","80","Ozone","BOOKER T. WASHINGTON ES","17-019-0004","AQS","80","19","."
"06/18/1982","58","Ozone","BOOKER T. WASHINGTON ES","17-019-0004","AQS","58","17","."
"06/19/1982","38","Ozone","BOOKER T. WASHINGTON ES","17-019-0004","AQS","38","4","."
"06/20/1982","47","Ozone","BOOKER T. WASHINGTON ES","17-019-0004","AQS","47","17","."
"06/21/1982","43","Ozone","BOOKER T. WASHINGTON ES","17-019-0004","AQS","43","7","."
"06/22/1982","40","Ozone","BOOKER T. WASHINGTON ES","17-019-0004","AQS","40","6","."
"06/23/1982","43","Ozone","BOOKER T. WASHINGTON ES","17-019-0004","AQS","43","13","."
"06/24/1982","74","Ozone","BOOKER T. WASHINGTON ES","17-019-0004","AQS","74","9","."
"06/25/1982","126","Ozone","BOOKER T. WASHINGTON ES","17-019-0004","AQS","126","36","."
"06/26/1982","97","Ozone","BOOKER T. WASHINGTON ES","17-019-0004","AQS","97","17","."
"06/27/1982","84","Ozone","BOOKER T. WASHINGTON ES","17-019-0004","AQS","84","19","."
"06/28/1982","43","Ozone","BOOKER T. WASHINGTON ES","17-019-0004","AQS","43","10","."
"06/29/1982","51","Ozone","BOOKER T. WASHINGTON ES","17-019-0004","AQS","51","17","."
"06/30/1982","43","Ozone","BOOKER T. WASHINGTON ES","17-019-0004","AQS","43","9","."
"07/01/1982","47","Ozone","BOOKER T. WASHINGTON ES","17-019-0004","AQS","47","19","."
"07/02/1982","45","Ozone","BOOKER T. WASHINGTON ES","17-019-0004","AQS","45","20","."
"07/03/1982","44","Ozone","BOOKER T. WASHINGTON ES","17-019-0004","AQS","44","3","."
"07/04/1982","58","Ozone","BOOKER T. WASHINGTON ES","17-019-0004","AQS","58","3","."
"07/05/1982","71","Ozone","BOOKER T. WASHINGTON ES","17-019-0004","AQS","71","34","."
"07/06/1982","51","Ozone","BOOKER T. WASHINGTON ES","17-019-0004","AQS","51","16","."
"07/07/1982","48","Ozone","BOOKER T. WASHINGTON ES","17-019-0004","AQS","48","9","."
"07/08/1982","46","Ozone","BOOKER T. WASHINGTON ES","17-019-0004","AQS","46","6","."
"07/09/1982","58","Ozone","BOOKER T. WASHINGTON ES","17-019-0004","AQS","58","16","."
"07/10/1982","42","Ozone","BOOKER T. WASHINGTON ES","17-019-0004","AQS","42","4","."
"07/11/1982","36","Ozone","BOOKER T. WASHINGTON ES","17-019-0004","AQS","36","3","."
"07/12/1982","43","Ozone","BOOKER T. WASHINGTON ES","17-019-0004","AQS","43","6","."
"07/13/1982","24","SO2","BOOKER T. WASHINGTON ES","17-019-0004","AQS",".","24","."
"07/14/1982","84","Ozone","BOOKER T. WASHINGTON ES","17-019-0004","AQS","84","24","."
"07/15/1982","54","Ozone","BOOKER T. WASHINGTON ES","17-019-0004","AQS","54","23","."
"07/16/1982","71","Ozone","BOOKER T. WASHINGTON ES","17-019-0004","AQS","71","13","."
"07/17/1982","61","Ozone","BOOKER T. WASHINGTON ES","17-019-0004","AQS","61","24","."
"07/18/1982","44","Ozone","BOOKER T. WASHINGTON ES","17-019-0004","AQS","44","10","."
"07/19/1982","44","Ozone","BOOKER T. WASHINGTON ES","17-019-0004","AQS","44","14","."
"07/20/1982","58","Ozone","BOOKER T. WASHINGTON ES","17-019-0004","AQS","58","3","."
"07/21/1982","74","Ozone","BOOKER T. WASHINGTON ES","17-019-0004","AQS","74","46","."
"07/22/1982","42","Ozone","BOOKER T. WASHINGTON ES","17-019-0004","AQS","42","9","."
"07/23/1982","105","Ozone","BOOKER T. WASHINGTON ES","17-019-0004","AQS","105","20","."
"07/24/1982","108","Ozone","BOOKER T. WASHINGTON ES","17-019-0004","AQS","108","20","."
"07/26/1982","84","Ozone","BOOKER T. WASHINGTON ES","17-019-0004","AQS","84","14","."
"07/27/1982","71","Ozone","BOOKER T. WASHINGTON ES","17-019-0004","AQS","71","26","."
"07/28/1982","39","Ozone","BOOKER T. WASHINGTON ES","17-019-0004","AQS","39","6","."
"07/29/1982","38","Ozone","BOOKER T. WASHINGTON ES","17-019-0004","AQS","38","19","."
"07/30/1982","48","Ozone","BOOKER T. WASHINGTON ES","17-019-0004","AQS","48","4","."
"07/31/1982","48","Ozone","BOOKER T. WASHINGTON ES","17-019-0004","AQS","48","14","."
"08/01/1982","67","Ozone","BOOKER T. WASHINGTON ES","17-019-0004","AQS","67","20","."
"08/02/1982","67","Ozone","BOOKER T. WASHINGTON ES","17-019-0004","AQS","67","27","."
"08/03/1982","67","Ozone","BOOKER T. WASHINGTON ES","17-019-0004","AQS","67","36","."
"08/04/1982","54","Ozone","BOOKER T. WASHINGTON ES","17-019-0004","AQS","54","17","."
"08/05/1982","37","Ozone","BOOKER T. WASHINGTON ES","17-019-0004","AQS","37","30","."
"08/07/1982","43","Ozone","BOOKER T. WASHINGTON ES","17-019-0004","AQS","43","14","."
"08/08/1982","46","Ozone","BOOKER T. WASHINGTON ES","17-019-0004","AQS","46","6","."
"08/09/1982","32","Ozone","BOOKER T. WASHINGTON ES","17-019-0004","AQS","32","4","."
"08/10/1982","20","Ozone","BOOKER T. WASHINGTON ES","17-019-0004","AQS","20","4","."
"08/11/1982","38","Ozone","BOOKER T. WASHINGTON ES","17-019-0004","AQS","38","10","."
"08/12/1982","71","Ozone","BOOKER T. WASHINGTON ES","17-019-0004","AQS","71","20","."
"08/13/1982","74","Ozone","BOOKER T. WASHINGTON ES","17-019-0004","AQS","74","34","."
"08/14/1982","108","Ozone","BOOKER T. WASHINGTON ES","17-019-0004","AQS","108","33","."
"08/15/1982","100","Ozone","BOOKER T. WASHINGTON ES","17-019-0004","AQS","100","55","."
"08/16/1982","129","Ozone","BOOKER T. WASHINGTON ES","17-019-0004","AQS","129","20","."
"08/17/1982","84","Ozone","BOOKER T. WASHINGTON ES","17-019-0004","AQS","84","20","."
"08/18/1982","46","Ozone","BOOKER T. WASHINGTON ES","17-019-0004","AQS","46","19","."
"08/19/1982","40","Ozone","BOOKER T. WASHINGTON ES","17-019-0004","AQS","40","14","."
"08/20/1982","40","Ozone","BOOKER T. WASHINGTON ES","17-019-0004","AQS","40","20","."
"08/21/1982","36","Ozone","BOOKER T. WASHINGTON ES","17-019-0004","AQS","36",".","."
"08/22/1982","50","SO2","BOOKER T. WASHINGTON ES","17-019-0004","AQS","41","50","."
"08/23/1982","28","Ozone","BOOKER T. WASHINGTON ES","17-019-0004","AQS","28","3","."
"08/24/1982","29","Ozone","BOOKER T. WASHINGTON ES","17-019-0004","AQS","29","27","."
"08/25/1982","32","Ozone","BOOKER T. WASHINGTON ES","17-019-0004","AQS","32","4","."
"08/26/1982","27","SO2","BOOKER T. WASHINGTON ES","17-019-0004","AQS",".","27","."
"08/27/1982","32","Ozone","BOOKER T. WASHINGTON ES","17-019-0004","AQS","32","6","."
"08/28/1982","34","Ozone","BOOKER T. WASHINGTON ES","17-019-0004","AQS","34","7","."
"08/29/1982","61","SO2","BOOKER T. WASHINGTON ES","17-019-0004","AQS","51","61","."
"08/30/1982","34","Ozone","BOOKER T. WASHINGTON ES","17-019-0004","AQS","34","9","."
"08/31/1982","31","Ozone","BOOKER T. WASHINGTON ES","17-019-0004","AQS","31","9","."
"09/01/1982","38","Ozone","BOOKER T. WASHINGTON ES","17-019-0004","AQS","38","11","."
"09/02/1982","35","Ozone","BOOKER T. WASHINGTON ES","17-019-0004","AQS","35","4","."
"09/03/1982","27","Ozone","BOOKER T. WASHINGTON ES","17-019-0004","AQS","27","4","."
"09/04/1982","40","Ozone","BOOKER T. WASHINGTON ES","17-019-0004","AQS","40","7","."
"09/05/1982","77","Ozone","BOOKER T. WASHINGTON ES","17-019-0004","AQS","77","21","."
"09/06/1982","40","Ozone","BOOKER T. WASHINGTON ES","17-019-0004","AQS","40","19","."
"09/07/1982","34","Ozone","BOOKER T. WASHINGTON ES","17-019-0004","AQS","34","6","."
"09/08/1982","44","Ozone","BOOKER T. WASHINGTON ES","17-019-0004","AQS","44","7","."
"09/09/1982","80","Ozone","BOOKER T. WASHINGTON ES","17-019-0004","AQS","80",".","."
"09/10/1982","77","Ozone","BOOKER T. WASHINGTON ES","17-019-0004","AQS","77",".","."
"09/11/1982","43","Ozone","BOOKER T. WASHINGTON ES","17-019-0004","AQS","43","21","."
"09/12/1982","23","Ozone","BOOKER T. WASHINGTON ES","17-019-0004","AQS","23","10","."
"09/13/1982","22","Ozone","BOOKER T. WASHINGTON ES","17-019-0004","AQS","22","17","."
"09/14/1982","35","Ozone","BOOKER T. WASHINGTON ES","17-019-0004","AQS","35","34","."
"09/15/1982","29","Ozone","BOOKER T. WASHINGTON ES","17-019-0004","AQS","29","6","."
"09/16/1982","27","Ozone","BOOKER T. WASHINGTON ES","17-019-0004","AQS","27",".","."
"09/17/1982","32","Ozone","BOOKER T. WASHINGTON ES","17-019-0004","AQS","32",".","."
"09/18/1982","28","Ozone","BOOKER T. WASHINGTON ES","17-019-0004","AQS","28","7","."
"09/19/1982","32","Ozone","BOOKER T. WASHINGTON ES","17-019-0004","AQS","32","21","."
"09/20/1982","17","Ozone","BOOKER T. WASHINGTON ES","17-019-0004","AQS","17","4","."
"09/21/1982","25","Ozone","BOOKER T. WASHINGTON ES","17-019-0004","AQS","25","4","."
"09/22/1982","71","SO2","BOOKER T. WASHINGTON ES","17-019-0004","AQS","28","71","."
"09/23/1982","47","SO2","BOOKER T. WASHINGTON ES","17-019-0004","AQS","31","47","."
"09/24/1982","60","SO2","BOOKER T. WASHINGTON ES","17-019-0004","AQS","32","60","."
"09/25/1982","76","SO2","BOOKER T. WASHINGTON ES","17-019-0004","AQS","9","76","."
"09/26/1982","24","Ozone","BOOKER T. WASHINGTON ES","17-019-0004","AQS","24","21","."
"09/27/1982","36","Ozone","BOOKER T. WASHINGTON ES","17-019-0004","AQS","36","14","."
"09/29/1982","80","Ozone","BOOKER T. WASHINGTON ES","17-019-0004","AQS","80",".","."
"09/30/1982","97","Ozone","BOOKER T. WASHINGTON ES","17-019-0004","AQS","97","76","."
"10/01/1982","71","Ozone","BOOKER T. WASHINGTON ES","17-019-0004","AQS","71","21","."
"10/02/1982","87","Ozone","BOOKER T. WASHINGTON ES","17-019-0004","AQS","87","46","."
"10/03/1982","99","SO2","BOOKER T. WASHINGTON ES","17-019-0004","AQS","26","99","."
"10/05/1982","37","Ozone","BOOKER T. WASHINGTON ES","17-019-0004","AQS","37",".","."
"10/06/1982","35","Ozone","BOOKER T. WASHINGTON ES","17-019-0004","AQS","35","23","."
"10/07/1982","28","Ozone","BOOKER T. WASHINGTON ES","17-019-0004","AQS","28","14","."
"10/08/1982","26","Ozone","BOOKER T. WASHINGTON ES","17-019-0004","AQS","26","9","."
"10/09/1982","21","Ozone","BOOKER T. WASHINGTON ES","17-019-0004","AQS","21","4","."
"10/10/1982","26","Ozone","BOOKER T. WASHINGTON ES","17-019-0004","AQS","26","20","."
"10/11/1982","14","Ozone","BOOKER T. WASHINGTON ES","17-019-0004","AQS","14","4","."
"10/12/1982","23","SO2","BOOKER T. WASHINGTON ES","17-019-0004","AQS","20","23","."
"10/13/1982","10","SO2","BOOKER T. WASHINGTON ES","17-019-0004","AQS","8","10","."
"10/14/1982","20","Ozone","BOOKER T. WASHINGTON ES","17-019-0004","AQS","20","7","."
"10/15/1982","30","SO2","BOOKER T. WASHINGTON ES","17-019-0004","AQS","25","30","."
"10/16/1982","27","Ozone","BOOKER T. WASHINGTON ES","17-019-0004","AQS","27","6","."
"10/17/1982","33","SO2","BOOKER T. WASHINGTON ES","17-019-0004","AQS","25","33","."
"10/18/1982","87","SO2","BOOKER T. WASHINGTON ES","17-019-0004","AQS","39","87","."
"10/19/1982","34","SO2","BOOKER T. WASHINGTON ES","17-019-0004","AQS","27","34","."
"10/20/1982","17","Ozone","BOOKER T. WASHINGTON ES","17-019-0004","AQS","17","1","."
"10/21/1982","18","Ozone","BOOKER T. WASHINGTON ES","17-019-0004","AQS","18","7","."
"10/22/1982","25","Ozone","BOOKER T. WASHINGTON ES","17-019-0004","AQS","25","9","."
"10/23/1982","31","Ozone","BOOKER T. WASHINGTON ES","17-019-0004","AQS","31","11","."
"10/24/1982","29","Ozone","BOOKER T. WASHINGTON ES","17-019-0004","AQS","29","19","."
"10/25/1982","32","Ozone","BOOKER T. WASHINGTON ES","17-019-0004","AQS","32",".","."
"10/26/1982","30","Ozone","BOOKER T. WASHINGTON ES","17-019-0004","AQS","30",".","."
"10/27/1982","49","SO2","BOOKER T. WASHINGTON ES","17-019-0004","AQS","35","49","."
"10/28/1982","48","Ozone","BOOKER T. WASHINGTON ES","17-019-0004","AQS","48","23","."
"10/29/1982","23","Ozone","BOOKER T. WASHINGTON ES","17-019-0004","AQS","23","10","."
"10/30/1982","29","SO2","BOOKER T. WASHINGTON ES","17-019-0004","AQS","11","29","."
"10/31/1982","14","Ozone","BOOKER T. WASHINGTON ES","17-019-0004","AQS","14","1","."
"11/01/1982","36","SO2","BOOKER T. WASHINGTON ES","17-019-0004","AQS","16","36","."
"11/02/1982","9","Ozone","BOOKER T. WASHINGTON ES","17-019-0004","AQS","9","1","."
"11/03/1982","14","Ozone","BOOKER T. WASHINGTON ES","17-019-0004","AQS","14","3","."
"11/04/1982","18","Ozone","BOOKER T. WASHINGTON ES","17-019-0004","AQS","18","4","."
"11/05/1982","11","Ozone","BOOKER T. WASHINGTON ES","17-019-0004","AQS","11","4","."
"11/06/1982","26","SO2","BOOKER T. WASHINGTON ES","17-019-0004","AQS","19","26","."
"11/07/1982","38","Ozone","BOOKER T. WASHINGTON ES","17-019-0004","AQS","38","29","."
"11/08/1982","31","Ozone","BOOKER T. WASHINGTON ES","17-019-0004","AQS","31","23","."
"11/09/1982","35","Ozone","BOOKER T. WASHINGTON ES","17-019-0004","AQS","35","29","."
"11/10/1982","24","Ozone","BOOKER T. WASHINGTON ES","17-019-0004","AQS","24","16","."
"11/11/1982","32","Ozone","BOOKER T. WASHINGTON ES","17-019-0004","AQS","32","1","."
"11/12/1982","28","Ozone","BOOKER T. WASHINGTON ES","17-019-0004","AQS","28","6","."
"11/13/1982","19","Ozone","BOOKER T. WASHINGTON ES","17-019-0004","AQS","19","11","."
"11/14/1982","24","SO2","BOOKER T. WASHINGTON ES","17-019-0004","AQS","12","24","."
"11/15/1982","19","Ozone","BOOKER T. WASHINGTON ES","17-019-0004","AQS","19","16","."
"11/16/1982","30","SO2","BOOKER T. WASHINGTON ES","17-019-0004","AQS","14","30","."
"11/17/1982","27","SO2","BOOKER T. WASHINGTON ES","17-019-0004","AQS",".","27","."
"11/19/1982","36","SO2","BOOKER T. WASHINGTON ES","17-019-0004","AQS","6","36","."
"11/20/1982","105","SO2","BOOKER T. WASHINGTON ES","17-019-0004","AQS","10","105","."
"11/21/1982","16","Ozone","BOOKER T. WASHINGTON ES","17-019-0004","AQS","16","10","."
"11/22/1982","107","SO2","BOOKER T. WASHINGTON ES","17-019-0004","AQS","6","107","."
"11/23/1982","23","SO2","BOOKER T. WASHINGTON ES","17-019-0004","AQS","15","23","."
"11/24/1982","71","SO2","BOOKER T. WASHINGTON ES","17-019-0004","AQS","19","71","."
"11/25/1982","81","SO2","BOOKER T. WASHINGTON ES","17-019-0004","AQS","14","81","."
"11/26/1982","29","SO2","BOOKER T. WASHINGTON ES","17-019-0004","AQS","8","29","."
"11/27/1982","19","SO2","BOOKER T. WASHINGTON ES","17-019-0004","AQS","19","19","."
"11/28/1982","107","SO2","BOOKER T. WASHINGTON ES","17-019-0004","AQS","6","107","."
"11/29/1982","15","Ozone","BOOKER T. WASHINGTON ES","17-019-0004","AQS","15","11","."
"11/30/1982","31","Ozone","BOOKER T. WASHINGTON ES","17-019-0004","AQS","31","3","."
"12/01/1982","17","Ozone","BOOKER T. WASHINGTON ES","17-019-0004","AQS","17","13","."
"12/02/1982","22","Ozone","BOOKER T. WASHINGTON ES","17-019-0004","AQS","22","11","."
"12/03/1982","24","Ozone","BOOKER T. WASHINGTON ES","17-019-0004","AQS","24","3","."
"12/04/1982","13","Ozone","BOOKER T. WASHINGTON ES","17-019-0004","AQS","13","3","."
"12/05/1982","21","Ozone","BOOKER T. WASHINGTON ES","17-019-0004","AQS","21","9","."
"12/06/1982","19","Ozone","BOOKER T. WASHINGTON ES","17-019-0004","AQS","19","9","."
"12/07/1982","19","SO2","BOOKER T. WASHINGTON ES","17-019-0004","AQS","18","19","."
"12/08/1982","17","Ozone","BOOKER T. WASHINGTON ES","17-019-0004","AQS","17","10","."
"12/09/1982","37","SO2","BOOKER T. WASHINGTON ES","17-019-0004","AQS","20","37","."
"12/10/1982","40","SO2","BOOKER T. WASHINGTON ES","17-019-0004","AQS","10","40","."
"12/11/1982","43","SO2","BOOKER T. WASHINGTON ES","17-019-0004","AQS","22","43","."
"12/12/1982","23","SO2","BOOKER T. WASHINGTON ES","17-019-0004","AQS","19","23","."
"12/13/1982","27","SO2","BOOKER T. WASHINGTON ES","17-019-0004","AQS","18","27","."
"12/14/1982","19","SO2","BOOKER T. WASHINGTON ES","17-019-0004","AQS","14","19","."
"12/15/1982","6","SO2","BOOKER T. WASHINGTON ES","17-019-0004","AQS","5","6","."
"12/16/1982","20","SO2","BOOKER T. WASHINGTON ES","17-019-0004","AQS","16","20","."
"12/17/1982","44","SO2","BOOKER T. WASHINGTON ES","17-019-0004","AQS","16","44","."
"12/18/1982","27","SO2","BOOKER T. WASHINGTON ES","17-019-0004","AQS","16","27","."
"12/19/1982","15","Ozone","BOOKER T. WASHINGTON ES","17-019-0004","AQS","15","4","."
"12/20/1982","15","Ozone","BOOKER T. WASHINGTON ES","17-019-0004","AQS","15","4","."
"12/21/1982","37","SO2","BOOKER T. WASHINGTON ES","17-019-0004","AQS","14","37","."
"12/22/1982","31","SO2","BOOKER T. WASHINGTON ES","17-019-0004","AQS","18","31","."
"12/23/1982","29","Ozone","BOOKER T. WASHINGTON ES","17-019-0004","AQS","29","9","."
"12/24/1982","31","Ozone","BOOKER T. WASHINGTON ES","17-019-0004","AQS","31","3","."
"12/25/1982","28","Ozone","BOOKER T. WASHINGTON ES","17-019-0004","AQS","28","17","."
"12/26/1982","11","Ozone","BOOKER T. WASHINGTON ES","17-019-0004","AQS","11","10","."
"12/27/1982","26","Ozone","BOOKER T. WASHINGTON ES","17-019-0004","AQS","26","16","."
"12/28/1982","25","Ozone","BOOKER T. WASHINGTON ES","17-019-0004","AQS","25","7","."
"12/29/1982","17","Ozone","BOOKER T. WASHINGTON ES","17-019-0004","AQS","17","6","."
"12/30/1982","29","SO2","BOOKER T. WASHINGTON ES","17-019-0004","AQS","18","29","."
"12/31/1982","41","SO2","BOOKER T. WASHINGTON ES","17-019-0004","AQS","10","41","."
