"Date","Overall AQI Value","Main Pollutant","Site Name (of Overall AQI)","Site ID (of Overall AQI)","Source (of Overall AQI)","Ozone","PM25"
"01/01/2009","33","PM2.5","BOOKER T. WASHINGTON ES","17-019-0004","AQS","22","33"
"01/02/2009","21","Ozone","ISWS CLIMATE STATION","17-019-1001","AQS","21","."
"01/03/2009","14","Ozone","BOOKER T. WASHINGTON ES","17-019-0004","AQS","14","."
"01/04/2009","40","PM2.5","ISWS CLIMATE STATION","17-019-1001","AQS","22","40"
"01/05/2009","22","Ozone","ISWS CLIMATE STATION","17-019-1001","AQS","22","."
"01/06/2009","7","Ozone","ISWS CLIMATE STATION","17-019-1001","AQS","7","."
"01/07/2009","56","PM2.5","BOOKER T. WASHINGTON ES","17-019-0004","AQS","23","56"
"01/08/2009","17","Ozone","ISWS CLIMATE STATION","17-019-1001","AQS","17","."
"01/09/2009","19","Ozone","BOOKER T. WASHINGTON ES","17-019-0004","AQS","19","."
"01/10/2009","58","PM2.5","ISWS CLIMATE STATION","17-019-1001","AQS","26","58"
"01/11/2009","23","Ozone","ISWS CLIMATE STATION","17-019-1001","AQS","23","."
"01/12/2009","23","Ozone","ISWS CLIMATE STATION","17-019-1001","AQS","23","."
"01/13/2009","47","PM2.5","BOOKER T. WASHINGTON ES","17-019-0004","AQS","23","47"
"01/14/2009","38","PM2.5","ISWS CLIMATE STATION","17-019-1001","AQS","26","38"
"01/15/2009","23","Ozone","ISWS CLIMATE STATION","17-019-1001","AQS","23","."
"01/16/2009","27","PM2.5","ISWS CLIMATE STATION","17-019-1001","AQS","24","27"
"01/17/2009","27","Ozone","ISWS CLIMATE STATION","17-019-1001","AQS","27","."
"01/18/2009","25","Ozone","ISWS CLIMATE STATION","17-019-1001","AQS","25","."
"01/19/2009","68","PM2.5","ISWS CLIMATE STATION","17-019-1001","AQS","26","68"
"01/20/2009","24","Ozone","ISWS CLIMATE STATION","17-019-1001","AQS","24","."
"01/21/2009","24","Ozone","ISWS CLIMATE STATION","17-019-1001","AQS","24","."
"01/22/2009","64","PM2.5","ISWS CLIMATE STATION","17-019-1001","AQS","19","64"
"01/23/2009","28","Ozone","ISWS CLIMATE STATION","17-019-1001","AQS","28","."
"01/24/2009","28","Ozone","ISWS CLIMATE STATION","17-019-1001","AQS","28","."
"01/25/2009","44","PM2.5","ISWS CLIMATE STATION","17-019-1001","AQS","31","44"
"01/26/2009","30","Ozone","ISWS CLIMATE STATION","17-019-1001","AQS","30","."
"01/27/2009","20","Ozone","ISWS CLIMATE STATION","17-019-1001","AQS","20","."
"01/28/2009","58","PM2.5","ISWS CLIMATE STATION","17-019-1001","AQS","33","58"
"01/29/2009","34","Ozone","ISWS CLIMATE STATION","17-019-1001","AQS","34","."
"01/30/2009","32","Ozone","ISWS CLIMATE STATION","17-019-1001","AQS","32","."
"01/31/2009","60","PM2.5","ISWS CLIMATE STATION","17-019-1001","AQS","36","60"
"02/01/2009","30","Ozone","BOOKER T. WASHINGTON ES","17-019-0004","AQS","30","."
"02/02/2009","32","Ozone","ISWS CLIMATE STATION","17-019-1001","AQS","32","."
"02/03/2009","31","Ozone","ISWS CLIMATE STATION","17-019-1001","AQS","31","20"
"02/04/2009","30","Ozone","ISWS CLIMATE STATION","17-019-1001","AQS","30","."
"02/05/2009","30","Ozone","ISWS CLIMATE STATION","17-019-1001","AQS","30","."
"02/06/2009","61","PM2.5","ISWS CLIMATE STATION","17-019-1001","AQS","39","61"
"02/07/2009","33","Ozone","BOOKER T. WASHINGTON ES","17-019-0004","AQS","33","."
"02/08/2009","31","Ozone","BOOKER T. WASHINGTON ES","17-019-0004","AQS","31","."
"02/09/2009","70","PM2.5","ISWS CLIMATE STATION","17-019-1001","AQS","34","70"
"02/10/2009","29","Ozone","ISWS CLIMATE STATION","17-019-1001","AQS","29","."
"02/11/2009","31","Ozone","BOOKER T. WASHINGTON ES","17-019-0004","AQS","31","."
"02/12/2009","34","PM2.5","ISWS CLIMATE STATION","17-019-1001","AQS","32","34"
"02/13/2009","32","Ozone","BOOKER T. WASHINGTON ES","17-019-0004","AQS","32","."
"02/14/2009","28","Ozone","ISWS CLIMATE STATION","17-019-1001","AQS","28","."
"02/15/2009","45","PM2.5","ISWS CLIMATE STATION","17-019-1001","AQS","31","45"
"02/16/2009","28","Ozone","ISWS CLIMATE STATION","17-019-1001","AQS","28","."
"02/17/2009","27","Ozone","ISWS CLIMATE STATION","17-019-1001","AQS","27","."
"02/18/2009","54","PM2.5","BOOKER T. WASHINGTON ES","17-019-0004","AQS","28","54"
"02/19/2009","28","Ozone","ISWS CLIMATE STATION","17-019-1001","AQS","28","."
"02/20/2009","26","Ozone","ISWS CLIMATE STATION","17-019-1001","AQS","26","."
"02/21/2009","49","PM2.5","ISWS CLIMATE STATION","17-019-1001","AQS","31","49"
"02/22/2009","29","Ozone","BOOKER T. WASHINGTON ES","17-019-0004","AQS","29","."
"02/23/2009","32","Ozone","ISWS CLIMATE STATION","17-019-1001","AQS","32","."
"02/24/2009","59","PM2.5","BOOKER T. WASHINGTON ES","17-019-0004","AQS","26","59"
"02/25/2009","38","Ozone","ISWS CLIMATE STATION","17-019-1001","AQS","38","."
"02/26/2009","33","Ozone","BOOKER T. WASHINGTON ES","17-019-0004","AQS","33","."
"02/27/2009","32","PM2.5","ISWS CLIMATE STATION","17-019-1001","AQS","27","32"
"02/28/2009","23","Ozone","ISWS CLIMATE STATION","17-019-1001","AQS","23","."
"03/01/2009","31","Ozone","ISWS CLIMATE STATION","17-019-1001","AQS","31","."
"03/02/2009","33","Ozone","ISWS CLIMATE STATION","17-019-1001","AQS","33","20"
"03/03/2009","30","Ozone","BOOKER T. WASHINGTON ES","17-019-0004","AQS","30","."
"03/04/2009","32","Ozone","ISWS CLIMATE STATION","17-019-1001","AQS","32","."
"03/05/2009","45","PM2.5","ISWS CLIMATE STATION","17-019-1001","AQS","44","45"
"03/06/2009","42","Ozone","BOOKER T. WASHINGTON ES","17-019-0004","AQS","42","."
"03/07/2009","31","Ozone","BOOKER T. WASHINGTON ES","17-019-0004","AQS","31","."
"03/08/2009","40","PM2.5","ISWS CLIMATE STATION","17-019-1001","AQS","38","40"
"03/09/2009","31","Ozone","BOOKER T. WASHINGTON ES","17-019-0004","AQS","31","."
"03/10/2009","31","Ozone","BOOKER T. WASHINGTON ES","17-019-0004","AQS","31","."
"03/11/2009","31","Ozone","ISWS CLIMATE STATION","17-019-1001","AQS","31","20"
"03/12/2009","30","Ozone","ISWS CLIMATE STATION","17-019-1001","AQS","30","."
"03/13/2009","32","Ozone","ISWS CLIMATE STATION","17-019-1001","AQS","32","."
"03/14/2009","60","PM2.5","ISWS CLIMATE STATION","17-019-1001","AQS","40","60"
"03/15/2009","44","Ozone","BOOKER T. WASHINGTON ES","17-019-0004","AQS","44","."
"03/16/2009","44","Ozone","ISWS CLIMATE STATION","17-019-1001","AQS","44","."
"03/17/2009","58","PM2.5","ISWS CLIMATE STATION","17-019-1001","AQS","45","58"
"03/18/2009","38","Ozone","ISWS CLIMATE STATION","17-019-1001","AQS","38","."
"03/19/2009","43","Ozone","ISWS CLIMATE STATION","17-019-1001","AQS","43","."
"03/20/2009","42","PM2.5","BOOKER T. WASHINGTON ES","17-019-0004","AQS","40","42"
"03/21/2009","51","Ozone","ISWS CLIMATE STATION","17-019-1001","AQS","51","."
"03/22/2009","38","Ozone","BOOKER T. WASHINGTON ES","17-019-0004","AQS","38","."
"03/23/2009","54","PM2.5","ISWS CLIMATE STATION","17-019-1001","AQS","45","54"
"03/24/2009","47","Ozone","BOOKER T. WASHINGTON ES","17-019-0004","AQS","47","."
"03/25/2009","32","Ozone","ISWS CLIMATE STATION","17-019-1001","AQS","32","."
"03/26/2009","46","Ozone","ISWS CLIMATE STATION","17-019-1001","AQS","46","36"
"03/27/2009","34","Ozone","BOOKER T. WASHINGTON ES","17-019-0004","AQS","34","."
"03/28/2009","28","Ozone","BOOKER T. WASHINGTON ES","17-019-0004","AQS","28","."
"03/29/2009","35","Ozone","ISWS CLIMATE STATION","17-019-1001","AQS","35","16"
"03/30/2009","41","Ozone","ISWS CLIMATE STATION","17-019-1001","AQS","41","."
"03/31/2009","36","Ozone","ISWS CLIMATE STATION","17-019-1001","AQS","36","."
"04/01/2009","44","Ozone","ISWS CLIMATE STATION","17-019-1001","AQS","44","24"
"04/02/2009","45","Ozone","ISWS CLIMATE STATION","17-019-1001","AQS","45","."
"04/03/2009","45","Ozone","ISWS CLIMATE STATION","17-019-1001","AQS","45","."
"04/04/2009","47","Ozone","ISWS CLIMATE STATION","17-019-1001","AQS","47","24"
"04/05/2009","32","Ozone","ISWS CLIMATE STATION","17-019-1001","AQS","32","."
"04/06/2009","35","Ozone","ISWS CLIMATE STATION","17-019-1001","AQS","35","."
"04/07/2009","41","Ozone","ISWS CLIMATE STATION","17-019-1001","AQS","41","20"
"04/08/2009","49","Ozone","ISWS CLIMATE STATION","17-019-1001","AQS","49","."
"04/09/2009","48","Ozone","ISWS CLIMATE STATION","17-019-1001","AQS","48","."
"04/10/2009","41","Ozone","ISWS CLIMATE STATION","17-019-1001","AQS","41","36"
"04/11/2009","46","Ozone","ISWS CLIMATE STATION","17-019-1001","AQS","46","."
"04/12/2009","48","Ozone","ISWS CLIMATE STATION","17-019-1001","AQS","48","."
"04/13/2009","51","PM2.5","ISWS CLIMATE STATION","17-019-1001","AQS","35","51"
"04/14/2009","30","Ozone","ISWS CLIMATE STATION","17-019-1001","AQS","30","."
"04/15/2009","40","Ozone","BOOKER T. WASHINGTON ES","17-019-0004","AQS","40","."
"04/16/2009","49","Ozone","BOOKER T. WASHINGTON ES","17-019-0004","AQS","49","30"
"04/17/2009","58","Ozone","BOOKER T. WASHINGTON ES","17-019-0004","AQS","58","."
"04/18/2009","49","Ozone","BOOKER T. WASHINGTON ES","17-019-0004","AQS","49","."
"04/19/2009","58","PM2.5","ISWS CLIMATE STATION","17-019-1001","AQS","44","58"
"04/20/2009","35","Ozone","BOOKER T. WASHINGTON ES","17-019-0004","AQS","35","."
"04/21/2009","29","Ozone","BOOKER T. WASHINGTON ES","17-019-0004","AQS","29","."
"04/22/2009","46","Ozone","BOOKER T. WASHINGTON ES","17-019-0004","AQS","46","20"
"04/23/2009","49","Ozone","BOOKER T. WASHINGTON ES","17-019-0004","AQS","49","."
"04/24/2009","40","Ozone","ISWS CLIMATE STATION","17-019-1001","AQS","40","."
"04/25/2009","50","PM2.5","ISWS CLIMATE STATION","17-019-1001","AQS","44","50"
"04/26/2009","58","Ozone","BOOKER T. WASHINGTON ES","17-019-0004","AQS","58","."
"04/27/2009","39","Ozone","BOOKER T. WASHINGTON ES","17-019-0004","AQS","39","."
"04/28/2009","31","Ozone","BOOKER T. WASHINGTON ES","17-019-0004","AQS","31","30"
"04/29/2009","27","Ozone","BOOKER T. WASHINGTON ES","17-019-0004","AQS","27","."
"04/30/2009","37","Ozone","BOOKER T. WASHINGTON ES","17-019-0004","AQS","37","."
"05/01/2009","34","Ozone","ISWS CLIMATE STATION","17-019-1001","AQS","34","28"
"05/02/2009","47","Ozone","ISWS CLIMATE STATION","17-019-1001","AQS","47","."
"05/03/2009","67","Ozone","ISWS CLIMATE STATION","17-019-1001","AQS","67","."
"05/04/2009","97","Ozone","ISWS CLIMATE STATION","17-019-1001","AQS","97","39"
"05/05/2009","93","Ozone","ISWS CLIMATE STATION","17-019-1001","AQS","93","."
"05/06/2009","46","Ozone","ISWS CLIMATE STATION","17-019-1001","AQS","46","."
"05/07/2009","45","Ozone","BOOKER T. WASHINGTON ES","17-019-0004","AQS","45","41"
"05/08/2009","44","Ozone","BOOKER T. WASHINGTON ES","17-019-0004","AQS","44","."
"05/09/2009","37","Ozone","BOOKER T. WASHINGTON ES","17-019-0004","AQS","37","."
"05/10/2009","40","Ozone","ISWS CLIMATE STATION","17-019-1001","AQS","40","17"
"05/11/2009","46","Ozone","ISWS CLIMATE STATION","17-019-1001","AQS","46","."
"05/12/2009","49","Ozone","ISWS CLIMATE STATION","17-019-1001","AQS","49","."
"05/13/2009","56","PM2.5","ISWS CLIMATE STATION","17-019-1001","AQS","42","56"
"05/14/2009","40","Ozone","ISWS CLIMATE STATION","17-019-1001","AQS","40","."
"05/15/2009","45","Ozone","BOOKER T. WASHINGTON ES","17-019-0004","AQS","45","."
"05/16/2009","41","Ozone","ISWS CLIMATE STATION","17-019-1001","AQS","41","14"
"05/17/2009","44","Ozone","ISWS CLIMATE STATION","17-019-1001","AQS","44","."
"05/18/2009","44","Ozone","BOOKER T. WASHINGTON ES","17-019-0004","AQS","44","."
"05/19/2009","61","Ozone","BOOKER T. WASHINGTON ES","17-019-0004","AQS","61","46"
"05/20/2009","80","Ozone","BOOKER T. WASHINGTON ES","17-019-0004","AQS","80","."
"05/21/2009","51","Ozone","BOOKER T. WASHINGTON ES","17-019-0004","AQS","51","."
"05/22/2009","93","Ozone","BOOKER T. WASHINGTON ES","17-019-0004","AQS","93","54"
"05/23/2009","77","Ozone","BOOKER T. WASHINGTON ES","17-019-0004","AQS","77","."
"05/24/2009","93","Ozone","BOOKER T. WASHINGTON ES","17-019-0004","AQS","93","."
"05/25/2009","62","PM2.5","ISWS CLIMATE STATION","17-019-1001","AQS","38","62"
"05/26/2009","42","Ozone","BOOKER T. WASHINGTON ES","17-019-0004","AQS","42","."
"05/27/2009","47","Ozone","BOOKER T. WASHINGTON ES","17-019-0004","AQS","47","."
"05/28/2009","27","Ozone","BOOKER T. WASHINGTON ES","17-019-0004","AQS","27","18"
"05/29/2009","58","Ozone","BOOKER T. WASHINGTON ES","17-019-0004","AQS","58","."
"05/30/2009","51","Ozone","BOOKER T. WASHINGTON ES","17-019-0004","AQS","51","."
"05/31/2009","62","PM2.5","BOOKER T. WASHINGTON ES","17-019-0004","AQS","54","62"
"06/01/2009","87","Ozone","BOOKER T. WASHINGTON ES","17-019-0004","AQS","87","."
"06/02/2009","64","Ozone","BOOKER T. WASHINGTON ES","17-019-0004","AQS","64","."
"06/03/2009","43","PM2.5","ISWS CLIMATE STATION","17-019-1001","AQS","38","43"
"06/04/2009","49","Ozone","ISWS CLIMATE STATION","17-019-1001","AQS","49","."
"06/05/2009","77","Ozone","ISWS CLIMATE STATION","17-019-1001","AQS","77","."
"06/06/2009","87","Ozone","ISWS CLIMATE STATION","17-019-1001","AQS","87","54"
"06/07/2009","67","Ozone","BOOKER T. WASHINGTON ES","17-019-0004","AQS","67","."
"06/08/2009","58","Ozone","BOOKER T. WASHINGTON ES","17-019-0004","AQS","58","."
"06/09/2009","44","Ozone","BOOKER T. WASHINGTON ES","17-019-0004","AQS","44","16"
"06/10/2009","58","Ozone","BOOKER T. WASHINGTON ES","17-019-0004","AQS","58","."
"06/11/2009","39","Ozone","BOOKER T. WASHINGTON ES","17-019-0004","AQS","39","."
"06/12/2009","61","Ozone","BOOKER T. WASHINGTON ES","17-019-0004","AQS","61","57"
"06/13/2009","54","Ozone","BOOKER T. WASHINGTON ES","17-019-0004","AQS","54","."
"06/14/2009","67","Ozone","BOOKER T. WASHINGTON ES","17-019-0004","AQS","67","."
"06/15/2009","61","Ozone","BOOKER T. WASHINGTON ES","17-019-0004","AQS","61","55"
"06/16/2009","48","Ozone","BOOKER T. WASHINGTON ES","17-019-0004","AQS","48","."
"06/17/2009","84","Ozone","BOOKER T. WASHINGTON ES","17-019-0004","AQS","84","."
"06/18/2009","57","PM2.5","ISWS CLIMATE STATION","17-019-1001","AQS","48","57"
"06/19/2009","38","Ozone","ISWS CLIMATE STATION","17-019-1001","AQS","38","."
"06/20/2009","47","Ozone","ISWS CLIMATE STATION","17-019-1001","AQS","47","."
"06/21/2009","43","Ozone","ISWS CLIMATE STATION","17-019-1001","AQS","43","33"
"06/22/2009","50","Ozone","ISWS CLIMATE STATION","17-019-1001","AQS","50","."
"06/23/2009","93","Ozone","ISWS CLIMATE STATION","17-019-1001","AQS","93","."
"06/24/2009","100","Ozone","ISWS CLIMATE STATION","17-019-1001","AQS","100","57"
"06/25/2009","58","Ozone","ISWS CLIMATE STATION","17-019-1001","AQS","58","."
"06/26/2009","71","Ozone","ISWS CLIMATE STATION","17-019-1001","AQS","71","."
"06/27/2009","93","Ozone","ISWS CLIMATE STATION","17-019-1001","AQS","93","36"
"06/28/2009","43","Ozone","ISWS CLIMATE STATION","17-019-1001","AQS","43","."
"06/29/2009","40","Ozone","ISWS CLIMATE STATION","17-019-1001","AQS","40","."
"06/30/2009","33","Ozone","ISWS CLIMATE STATION","17-019-1001","AQS","33","26"
"07/01/2009","18","Ozone","ISWS CLIMATE STATION","17-019-1001","AQS","18","."
"07/02/2009","28","Ozone","ISWS CLIMATE STATION","17-019-1001","AQS","28","."
"07/03/2009","39","Ozone","ISWS CLIMATE STATION","17-019-1001","AQS","39","24"
"07/04/2009","35","Ozone","ISWS CLIMATE STATION","17-019-1001","AQS","35","."
"07/05/2009","42","Ozone","BOOKER T. WASHINGTON ES","17-019-0004","AQS","42","."
"07/06/2009","46","PM2.5","BOOKER T. WASHINGTON ES","17-019-0004","AQS","44","46"
"07/07/2009","49","Ozone","BOOKER T. WASHINGTON ES","17-019-0004","AQS","49","."
"07/08/2009","36","Ozone","ISWS CLIMATE STATION","17-019-1001","AQS","36","."
"07/09/2009","56","PM2.5","ISWS CLIMATE STATION","17-019-1001","AQS","54","56"
"07/10/2009","50","Ozone","ISWS CLIMATE STATION","17-019-1001","AQS","50","."
"07/11/2009","37","Ozone","BOOKER T. WASHINGTON ES","17-019-0004","AQS","37","."
"07/12/2009","44","Ozone","BOOKER T. WASHINGTON ES","17-019-0004","AQS","44","27"
"07/13/2009","50","Ozone","BOOKER T. WASHINGTON ES","17-019-0004","AQS","50","."
"07/14/2009","48","Ozone","BOOKER T. WASHINGTON ES","17-019-0004","AQS","48","."
"07/15/2009","38","Ozone","BOOKER T. WASHINGTON ES","17-019-0004","AQS","38","33"
"07/16/2009","38","Ozone","BOOKER T. WASHINGTON ES","17-019-0004","AQS","38","."
"07/17/2009","28","Ozone","BOOKER T. WASHINGTON ES","17-019-0004","AQS","28","."
"07/18/2009","20","Ozone","ISWS CLIMATE STATION","17-019-1001","AQS","20","15"
"07/19/2009","30","Ozone","ISWS CLIMATE STATION","17-019-1001","AQS","30","."
"07/20/2009","38","Ozone","BOOKER T. WASHINGTON ES","17-019-0004","AQS","38","."
"07/21/2009","55","PM2.5","ISWS CLIMATE STATION","17-019-1001","AQS","47","55"
"07/22/2009","42","Ozone","ISWS CLIMATE STATION","17-019-1001","AQS","42","."
"07/23/2009","46","Ozone","BOOKER T. WASHINGTON ES","17-019-0004","AQS","46","."
"07/24/2009","60","PM2.5","BOOKER T. WASHINGTON ES","17-019-0004","AQS","46","60"
"07/25/2009","35","Ozone","BOOKER T. WASHINGTON ES","17-019-0004","AQS","35","."
"07/26/2009","32","Ozone","BOOKER T. WASHINGTON ES","17-019-0004","AQS","32","."
"07/27/2009","36","Ozone","BOOKER T. WASHINGTON ES","17-019-0004","AQS","36","30"
"07/28/2009","38","Ozone","BOOKER T. WASHINGTON ES","17-019-0004","AQS","38","."
"07/29/2009","36","Ozone","BOOKER T. WASHINGTON ES","17-019-0004","AQS","36","."
"07/30/2009","40","Ozone","BOOKER T. WASHINGTON ES","17-019-0004","AQS","40","34"
"07/31/2009","36","Ozone","BOOKER T. WASHINGTON ES","17-019-0004","AQS","36","."
"08/01/2009","35","Ozone","BOOKER T. WASHINGTON ES","17-019-0004","AQS","35","."
"08/02/2009","31","Ozone","BOOKER T. WASHINGTON ES","17-019-0004","AQS","31","19"
"08/03/2009","38","Ozone","BOOKER T. WASHINGTON ES","17-019-0004","AQS","38","."
"08/04/2009","35","Ozone","BOOKER T. WASHINGTON ES","17-019-0004","AQS","35","."
"08/05/2009","46","PM2.5","ISWS CLIMATE STATION","17-019-1001","AQS","40","46"
"08/06/2009","43","Ozone","BOOKER T. WASHINGTON ES","17-019-0004","AQS","43","."
"08/07/2009","41","Ozone","BOOKER T. WASHINGTON ES","17-019-0004","AQS","41","."
"08/08/2009","63","PM2.5","ISWS CLIMATE STATION","17-019-1001","AQS","38","63"
"08/09/2009","43","Ozone","BOOKER T. WASHINGTON ES","17-019-0004","AQS","43","."
"08/10/2009","44","Ozone","BOOKER T. WASHINGTON ES","17-019-0004","AQS","44","."
"08/11/2009","41","PM2.5","ISWS CLIMATE STATION","17-019-1001","AQS","41","41"
"08/12/2009","44","Ozone","BOOKER T. WASHINGTON ES","17-019-0004","AQS","44","."
"08/13/2009","47","Ozone","BOOKER T. WASHINGTON ES","17-019-0004","AQS","47","."
"08/14/2009","77","Ozone","BOOKER T. WASHINGTON ES","17-019-0004","AQS","77","63"
"08/15/2009","71","Ozone","BOOKER T. WASHINGTON ES","17-019-0004","AQS","71","."
"08/16/2009","43","Ozone","BOOKER T. WASHINGTON ES","17-019-0004","AQS","43","."
"08/17/2009","35","PM2.5","ISWS CLIMATE STATION","17-019-1001","AQS","33","35"
"08/18/2009","40","Ozone","BOOKER T. WASHINGTON ES","17-019-0004","AQS","40","."
"08/19/2009","36","Ozone","BOOKER T. WASHINGTON ES","17-019-0004","AQS","36","."
"08/20/2009","39","Ozone","BOOKER T. WASHINGTON ES","17-019-0004","AQS","39","16"
"08/21/2009","23","Ozone","BOOKER T. WASHINGTON ES","17-019-0004","AQS","23","."
"08/22/2009","25","Ozone","BOOKER T. WASHINGTON ES","17-019-0004","AQS","25","."
"08/23/2009","29","Ozone","BOOKER T. WASHINGTON ES","17-019-0004","AQS","29","20"
"08/24/2009","31","Ozone","BOOKER T. WASHINGTON ES","17-019-0004","AQS","31","."
"08/25/2009","47","Ozone","BOOKER T. WASHINGTON ES","17-019-0004","AQS","47","."
"08/26/2009","57","PM2.5","ISWS CLIMATE STATION","17-019-1001","AQS","46","57"
"08/27/2009","54","Ozone","BOOKER T. WASHINGTON ES","17-019-0004","AQS","54","."
"08/28/2009","23","Ozone","BOOKER T. WASHINGTON ES","17-019-0004","AQS","23","."
"08/29/2009","27","Ozone","BOOKER T. WASHINGTON ES","17-019-0004","AQS","27","25"
"08/30/2009","23","Ozone","BOOKER T. WASHINGTON ES","17-019-0004","AQS","23","."
"08/31/2009","36","Ozone","BOOKER T. WASHINGTON ES","17-019-0004","AQS","36","."
"09/01/2009","42","Ozone","BOOKER T. WASHINGTON ES","17-019-0004","AQS","42","25"
"09/02/2009","48","Ozone","BOOKER T. WASHINGTON ES","17-019-0004","AQS","48","."
"09/03/2009","49","Ozone","BOOKER T. WASHINGTON ES","17-019-0004","AQS","49","."
"09/04/2009","62","PM2.5","ISWS CLIMATE STATION","17-019-1001","AQS","51","62"
"09/05/2009","39","Ozone","BOOKER T. WASHINGTON ES","17-019-0004","AQS","39","."
"09/06/2009","46","Ozone","BOOKER T. WASHINGTON ES","17-019-0004","AQS","46","."
"09/07/2009","66","PM2.5","ISWS CLIMATE STATION","17-019-1001","AQS","48","66"
"09/08/2009","46","Ozone","BOOKER T. WASHINGTON ES","17-019-0004","AQS","46","."
"09/09/2009","36","Ozone","BOOKER T. WASHINGTON ES","17-019-0004","AQS","36","."
"09/10/2009","61","PM2.5","ISWS CLIMATE STATION","17-019-1001","AQS","44","61"
"09/11/2009","48","Ozone","BOOKER T. WASHINGTON ES","17-019-0004","AQS","48","."
"09/12/2009","50","Ozone","BOOKER T. WASHINGTON ES","17-019-0004","AQS","50","."
"09/13/2009","47","PM2.5","ISWS CLIMATE STATION","17-019-1001","AQS","47","47"
"09/14/2009","50","Ozone","BOOKER T. WASHINGTON ES","17-019-0004","AQS","50","."
"09/15/2009","44","Ozone","BOOKER T. WASHINGTON ES","17-019-0004","AQS","44","."
"09/16/2009","44","PM2.5","ISWS CLIMATE STATION","17-019-1001","AQS","31","44"
"09/17/2009","36","Ozone","BOOKER T. WASHINGTON ES","17-019-0004","AQS","36","."
"09/18/2009","46","Ozone","BOOKER T. WASHINGTON ES","17-019-0004","AQS","46","."
"09/19/2009","40","Ozone","BOOKER T. WASHINGTON ES","17-019-0004","AQS","40","34"
"09/20/2009","21","Ozone","BOOKER T. WASHINGTON ES","17-019-0004","AQS","21","."
"09/21/2009","33","Ozone","BOOKER T. WASHINGTON ES","17-019-0004","AQS","33","."
"09/22/2009","41","PM2.5","ISWS CLIMATE STATION","17-019-1001","AQS","26","41"
"09/23/2009","40","Ozone","BOOKER T. WASHINGTON ES","17-019-0004","AQS","40","."
"09/24/2009","20","Ozone","BOOKER T. WASHINGTON ES","17-019-0004","AQS","20","."
"09/25/2009","39","PM2.5","ISWS CLIMATE STATION","17-019-1001","AQS","17","39"
"09/26/2009","30","Ozone","BOOKER T. WASHINGTON ES","17-019-0004","AQS","30","."
"09/27/2009","39","Ozone","BOOKER T. WASHINGTON ES","17-019-0004","AQS","39","."
"09/28/2009","26","Ozone","BOOKER T. WASHINGTON ES","17-019-0004","AQS","26","22"
"09/29/2009","24","Ozone","BOOKER T. WASHINGTON ES","17-019-0004","AQS","24","."
"09/30/2009","29","Ozone","BOOKER T. WASHINGTON ES","17-019-0004","AQS","29","."
"10/01/2009","45","PM2.5","ISWS CLIMATE STATION","17-019-1001","AQS","21","45"
"10/02/2009","20","Ozone","BOOKER T. WASHINGTON ES","17-019-0004","AQS","20","."
"10/03/2009","14","Ozone","BOOKER T. WASHINGTON ES","17-019-0004","AQS","14","."
"10/04/2009","25","Ozone","BOOKER T. WASHINGTON ES","17-019-0004","AQS","25","18"
"10/05/2009","26","Ozone","BOOKER T. WASHINGTON ES","17-019-0004","AQS","26","."
"10/06/2009","24","Ozone","BOOKER T. WASHINGTON ES","17-019-0004","AQS","24","."
"10/07/2009","26","Ozone","BOOKER T. WASHINGTON ES","17-019-0004","AQS","26","11"
"10/08/2009","22","Ozone","BOOKER T. WASHINGTON ES","17-019-0004","AQS","22","."
"10/09/2009","11","Ozone","BOOKER T. WASHINGTON ES","17-019-0004","AQS","11","."
"10/10/2009","23","Ozone","BOOKER T. WASHINGTON ES","17-019-0004","AQS","23","12"
"10/11/2009","21","Ozone","BOOKER T. WASHINGTON ES","17-019-0004","AQS","21","."
"10/12/2009","13","Ozone","BOOKER T. WASHINGTON ES","17-019-0004","AQS","13","."
"10/13/2009","33","PM2.5","ISWS CLIMATE STATION","17-019-1001","AQS","23","33"
"10/14/2009","19","Ozone","BOOKER T. WASHINGTON ES","17-019-0004","AQS","19","."
"10/15/2009","11","Ozone","BOOKER T. WASHINGTON ES","17-019-0004","AQS","11","."
"10/16/2009","28","PM2.5","ISWS CLIMATE STATION","17-019-1001","AQS","21","28"
"10/17/2009","23","Ozone","BOOKER T. WASHINGTON ES","17-019-0004","AQS","23","17"
"10/18/2009","29","Ozone","BOOKER T. WASHINGTON ES","17-019-0004","AQS","29","."
"10/19/2009","34","Ozone","BOOKER T. WASHINGTON ES","17-019-0004","AQS","34","24"
"10/20/2009","38","Ozone","BOOKER T. WASHINGTON ES","17-019-0004","AQS","38","."
"10/21/2009","35","Ozone","BOOKER T. WASHINGTON ES","17-019-0004","AQS","35","."
"10/22/2009","58","PM2.5","BOOKER T. WASHINGTON ES","17-019-0004","AQS","27","58"
"10/23/2009","23","Ozone","BOOKER T. WASHINGTON ES","17-019-0004","AQS","23","."
"10/24/2009","26","Ozone","BOOKER T. WASHINGTON ES","17-019-0004","AQS","26","."
"10/25/2009","32","Ozone","BOOKER T. WASHINGTON ES","17-019-0004","AQS","32","16"
"10/26/2009","21","Ozone","BOOKER T. WASHINGTON ES","17-019-0004","AQS","21","."
"10/27/2009","18","Ozone","BOOKER T. WASHINGTON ES","17-019-0004","AQS","18","."
"10/28/2009","56","PM2.5","BOOKER T. WASHINGTON ES","17-019-0004","AQS","21","56"
"10/29/2009","22","Ozone","BOOKER T. WASHINGTON ES","17-019-0004","AQS","22","."
"10/30/2009","24","Ozone","BOOKER T. WASHINGTON ES","17-019-0004","AQS","24","."
"10/31/2009","25","Ozone","BOOKER T. WASHINGTON ES","17-019-0004","AQS","25","10"
"11/01/2009","31","Ozone","BOOKER T. WASHINGTON ES","17-019-0004","AQS","31","."
"11/02/2009","30","Ozone","BOOKER T. WASHINGTON ES","17-019-0004","AQS","30","."
"11/03/2009","24","Ozone","BOOKER T. WASHINGTON ES","17-019-0004","AQS","24","23"
"11/04/2009","27","Ozone","BOOKER T. WASHINGTON ES","17-019-0004","AQS","27","."
"11/05/2009","26","Ozone","BOOKER T. WASHINGTON ES","17-019-0004","AQS","26","."
"11/06/2009","30","PM2.5","ISWS CLIMATE STATION","17-019-1001","AQS","29","30"
"11/07/2009","42","Ozone","BOOKER T. WASHINGTON ES","17-019-0004","AQS","42","."
"11/08/2009","38","Ozone","BOOKER T. WASHINGTON ES","17-019-0004","AQS","38","."
"11/09/2009","66","PM2.5","BOOKER T. WASHINGTON ES","17-019-0004","AQS","30","66"
"11/10/2009","21","Ozone","BOOKER T. WASHINGTON ES","17-019-0004","AQS","21","."
"11/11/2009","28","Ozone","BOOKER T. WASHINGTON ES","17-019-0004","AQS","28","."
"11/12/2009","23","PM2.5","ISWS CLIMATE STATION","17-019-1001","AQS","23","23"
"11/13/2009","24","Ozone","BOOKER T. WASHINGTON ES","17-019-0004","AQS","24","."
"11/14/2009","32","Ozone","BOOKER T. WASHINGTON ES","17-019-0004","AQS","32","."
"11/15/2009","59","PM2.5","ISWS CLIMATE STATION","17-019-1001","AQS","25","59"
"11/16/2009","22","Ozone","BOOKER T. WASHINGTON ES","17-019-0004","AQS","22","."
"11/17/2009","19","Ozone","BOOKER T. WASHINGTON ES","17-019-0004","AQS","19","."
"11/18/2009","17","PM2.5","ISWS CLIMATE STATION","17-019-1001","AQS","13","17"
"11/19/2009","11","Ozone","BOOKER T. WASHINGTON ES","17-019-0004","AQS","11","."
"11/20/2009","18","Ozone","BOOKER T. WASHINGTON ES","17-019-0004","AQS","18","."
"11/21/2009","56","PM2.5","BOOKER T. WASHINGTON ES","17-019-0004","AQS","28","56"
"11/22/2009","29","Ozone","BOOKER T. WASHINGTON ES","17-019-0004","AQS","29","."
"11/23/2009","19","Ozone","BOOKER T. WASHINGTON ES","17-019-0004","AQS","19","."
"11/24/2009","35","PM2.5","ISWS CLIMATE STATION","17-019-1001","AQS","20","35"
"11/25/2009","16","Ozone","BOOKER T. WASHINGTON ES","17-019-0004","AQS","16","."
"11/26/2009","19","Ozone","BOOKER T. WASHINGTON ES","17-019-0004","AQS","19","."
"11/27/2009","40","PM2.5","BOOKER T. WASHINGTON ES","17-019-0004","AQS","17","40"
"11/28/2009","25","Ozone","BOOKER T. WASHINGTON ES","17-019-0004","AQS","25","."
"11/29/2009","19","Ozone","BOOKER T. WASHINGTON ES","17-019-0004","AQS","19","."
"11/30/2009","23","Ozone","BOOKER T. WASHINGTON ES","17-019-0004","AQS","23","21"
"12/01/2009","23","Ozone","BOOKER T. WASHINGTON ES","17-019-0004","AQS","23","."
"12/02/2009","13","Ozone","BOOKER T. WASHINGTON ES","17-019-0004","AQS","13","."
"12/03/2009","25","PM2.5","BOOKER T. WASHINGTON ES","17-019-0004","AQS","22","25"
"12/04/2009","19","Ozone","BOOKER T. WASHINGTON ES","17-019-0004","AQS","19","."
"12/05/2009","21","Ozone","BOOKER T. WASHINGTON ES","17-019-0004","AQS","21","."
"12/06/2009","45","PM2.5","ISWS CLIMATE STATION","17-019-1001","AQS","21","45"
"12/07/2009","13","Ozone","BOOKER T. WASHINGTON ES","17-019-0004","AQS","13","."
"12/08/2009","11","Ozone","BOOKER T. WASHINGTON ES","17-019-0004","AQS","11","."
"12/09/2009","27","Ozone","BOOKER T. WASHINGTON ES","17-019-0004","AQS","27","21"
"12/10/2009","26","Ozone","BOOKER T. WASHINGTON ES","17-019-0004","AQS","26","."
"12/11/2009","23","Ozone","BOOKER T. WASHINGTON ES","17-019-0004","AQS","23","."
"12/12/2009","30","PM2.5","ISWS CLIMATE STATION","17-019-1001","AQS","19","30"
"12/13/2009","17","Ozone","BOOKER T. WASHINGTON ES","17-019-0004","AQS","17","."
"12/14/2009","18","Ozone","BOOKER T. WASHINGTON ES","17-019-0004","AQS","18","."
"12/15/2009","37","PM2.5","ISWS CLIMATE STATION","17-019-1001","AQS","26","37"
"12/16/2009","19","Ozone","BOOKER T. WASHINGTON ES","17-019-0004","AQS","19","."
"12/17/2009","16","Ozone","BOOKER T. WASHINGTON ES","17-019-0004","AQS","16","."
"12/18/2009","58","PM2.5","ISWS CLIMATE STATION","17-019-1001","AQS","10","58"
"12/19/2009","15","Ozone","BOOKER T. WASHINGTON ES","17-019-0004","AQS","15","."
"12/20/2009","19","Ozone","BOOKER T. WASHINGTON ES","17-019-0004","AQS","19","."
"12/21/2009","74","PM2.5","ISWS CLIMATE STATION","17-019-1001","AQS","16","74"
"12/22/2009","14","Ozone","BOOKER T. WASHINGTON ES","17-019-0004","AQS","14","."
"12/23/2009","7","Ozone","BOOKER T. WASHINGTON ES","17-019-0004","AQS","7","."
"12/24/2009","54","PM2.5","ISWS CLIMATE STATION","17-019-1001","AQS","27","54"
"12/25/2009","32","Ozone","BOOKER T. WASHINGTON ES","17-019-0004","AQS","32","."
"12/26/2009","30","Ozone","BOOKER T. WASHINGTON ES","17-019-0004","AQS","30","."
"12/27/2009","38","PM2.5","BOOKER T. WASHINGTON ES","17-019-0004","AQS","27","38"
"12/28/2009","32","Ozone","BOOKER T. WASHINGTON ES","17-019-0004","AQS","32","."
"12/29/2009","24","Ozone","BOOKER T. WASHINGTON ES","17-019-0004","AQS","24","."
"12/30/2009","50","PM2.5","ISWS CLIMATE STATION","17-019-1001","AQS","20","50"
"12/31/2009","23","Ozone","BOOKER T. WASHINGTON ES","17-019-0004","AQS","23","."
