"Date","Overall AQI Value","Main Pollutant","Site Name (of Overall AQI)","Site ID (of Overall AQI)","Source (of Overall AQI)","Ozone","SO2","PM25"
"01/01/1984","39","SO2","BOOKER T. WASHINGTON ES","17-019-0004","AQS",".","39","."
"01/02/1984","17","SO2","BOOKER T. WASHINGTON ES","17-019-0004","AQS",".","17","."
"01/03/1984","65","SO2","BOOKER T. WASHINGTON ES","17-019-0004","AQS",".","65","."
"01/04/1984","21","SO2","BOOKER T. WASHINGTON ES","17-019-0004","AQS",".","21","."
"01/05/1984","46","SO2","BOOKER T. WASHINGTON ES","17-019-0004","AQS",".","46","."
"01/06/1984","4","SO2","BOOKER T. WASHINGTON ES","17-019-0004","AQS",".","4","."
"01/07/1984","27","SO2","BOOKER T. WASHINGTON ES","17-019-0004","AQS",".","27","."
"01/08/1984","10","SO2","BOOKER T. WASHINGTON ES","17-019-0004","AQS",".","10","."
"01/09/1984","36","SO2","BOOKER T. WASHINGTON ES","17-019-0004","AQS",".","36","."
"01/10/1984","9","SO2","BOOKER T. WASHINGTON ES","17-019-0004","AQS",".","9","."
"01/11/1984","69","SO2","BOOKER T. WASHINGTON ES","17-019-0004","AQS",".","69","."
"01/12/1984","75","SO2","BOOKER T. WASHINGTON ES","17-019-0004","AQS",".","75","."
"01/13/1984","71","SO2","BOOKER T. WASHINGTON ES","17-019-0004","AQS",".","71","."
"01/14/1984","31","SO2","BOOKER T. WASHINGTON ES","17-019-0004","AQS",".","31","."
"01/15/1984","36","SO2","BOOKER T. WASHINGTON ES","17-019-0004","AQS",".","36","."
"01/16/1984","80","SO2","BOOKER T. WASHINGTON ES","17-019-0004","AQS",".","80","."
"01/17/1984","19","SO2","BOOKER T. WASHINGTON ES","17-019-0004","AQS",".","19","."
"01/18/1984","26","SO2","BOOKER T. WASHINGTON ES","17-019-0004","AQS",".","26","."
"01/19/1984","34","SO2","BOOKER T. WASHINGTON ES","17-019-0004","AQS",".","34","."
"01/20/1984","14","SO2","BOOKER T. WASHINGTON ES","17-019-0004","AQS",".","14","."
"01/21/1984","64","SO2","BOOKER T. WASHINGTON ES","17-019-0004","AQS",".","64","."
"01/22/1984","67","SO2","BOOKER T. WASHINGTON ES","17-019-0004","AQS",".","67","."
"01/23/1984","57","SO2","BOOKER T. WASHINGTON ES","17-019-0004","AQS",".","57","."
"01/24/1984","40","SO2","BOOKER T. WASHINGTON ES","17-019-0004","AQS",".","40","."
"01/25/1984","24","SO2","BOOKER T. WASHINGTON ES","17-019-0004","AQS",".","24","."
"01/26/1984","37","SO2","BOOKER T. WASHINGTON ES","17-019-0004","AQS",".","37","."
"01/27/1984","3","SO2","BOOKER T. WASHINGTON ES","17-019-0004","AQS",".","3","."
"01/28/1984","13","SO2","BOOKER T. WASHINGTON ES","17-019-0004","AQS",".","13","."
"01/29/1984","23","SO2","BOOKER T. WASHINGTON ES","17-019-0004","AQS",".","23","."
"01/30/1984","11","SO2","BOOKER T. WASHINGTON ES","17-019-0004","AQS",".","11","."
"01/31/1984","31","SO2","BOOKER T. WASHINGTON ES","17-019-0004","AQS",".","31","."
"02/01/1984","23","SO2","BOOKER T. WASHINGTON ES","17-019-0004","AQS",".","23","."
"02/02/1984","23","SO2","BOOKER T. WASHINGTON ES","17-019-0004","AQS",".","23","."
"02/03/1984","7","SO2","BOOKER T. WASHINGTON ES","17-019-0004","AQS",".","7","."
"02/04/1984","3","SO2","BOOKER T. WASHINGTON ES","17-019-0004","AQS",".","3","."
"02/05/1984","10","SO2","BOOKER T. WASHINGTON ES","17-019-0004","AQS",".","10","."
"02/06/1984","17","SO2","BOOKER T. WASHINGTON ES","17-019-0004","AQS",".","17","."
"02/07/1984","34","SO2","BOOKER T. WASHINGTON ES","17-019-0004","AQS",".","34","."
"02/08/1984","59","SO2","BOOKER T. WASHINGTON ES","17-019-0004","AQS",".","59","."
"02/09/1984","54","SO2","BOOKER T. WASHINGTON ES","17-019-0004","AQS",".","54","."
"02/10/1984","13","SO2","BOOKER T. WASHINGTON ES","17-019-0004","AQS",".","13","."
"02/11/1984","11","SO2","BOOKER T. WASHINGTON ES","17-019-0004","AQS",".","11","."
"02/12/1984","24","SO2","BOOKER T. WASHINGTON ES","17-019-0004","AQS",".","24","."
"02/13/1984","11","SO2","BOOKER T. WASHINGTON ES","17-019-0004","AQS",".","11","."
"02/14/1984","41","SO2","BOOKER T. WASHINGTON ES","17-019-0004","AQS",".","41","."
"02/15/1984","50","SO2","BOOKER T. WASHINGTON ES","17-019-0004","AQS",".","50","."
"02/16/1984","27","SO2","BOOKER T. WASHINGTON ES","17-019-0004","AQS",".","27","."
"02/17/1984","9","SO2","BOOKER T. WASHINGTON ES","17-019-0004","AQS",".","9","."
"02/18/1984","67","SO2","BOOKER T. WASHINGTON ES","17-019-0004","AQS",".","67","."
"02/19/1984","6","SO2","BOOKER T. WASHINGTON ES","17-019-0004","AQS",".","6","."
"02/20/1984","4","SO2","BOOKER T. WASHINGTON ES","17-019-0004","AQS",".","4","."
"02/21/1984","13","SO2","BOOKER T. WASHINGTON ES","17-019-0004","AQS",".","13","."
"02/22/1984","29","SO2","BOOKER T. WASHINGTON ES","17-019-0004","AQS",".","29","."
"02/23/1984","20","SO2","BOOKER T. WASHINGTON ES","17-019-0004","AQS",".","20","."
"02/24/1984","7","SO2","BOOKER T. WASHINGTON ES","17-019-0004","AQS",".","7","."
"02/25/1984","7","SO2","BOOKER T. WASHINGTON ES","17-019-0004","AQS",".","7","."
"02/26/1984","17","SO2","BOOKER T. WASHINGTON ES","17-019-0004","AQS",".","17","."
"02/27/1984","7","SO2","BOOKER T. WASHINGTON ES","17-019-0004","AQS",".","7","."
"02/28/1984","10","SO2","BOOKER T. WASHINGTON ES","17-019-0004","AQS",".","10","."
"02/29/1984","11","SO2","BOOKER T. WASHINGTON ES","17-019-0004","AQS",".","11","."
"03/01/1984","21","SO2","BOOKER T. WASHINGTON ES","17-019-0004","AQS",".","21","."
"03/02/1984","26","SO2","BOOKER T. WASHINGTON ES","17-019-0004","AQS",".","26","."
"03/03/1984","17","SO2","BOOKER T. WASHINGTON ES","17-019-0004","AQS",".","17","."
"03/04/1984","31","SO2","BOOKER T. WASHINGTON ES","17-019-0004","AQS",".","31","."
"03/05/1984","7","SO2","BOOKER T. WASHINGTON ES","17-019-0004","AQS",".","7","."
"03/06/1984","9","SO2","BOOKER T. WASHINGTON ES","17-019-0004","AQS",".","9","."
"03/07/1984","70","SO2","BOOKER T. WASHINGTON ES","17-019-0004","AQS",".","70","."
"03/08/1984","20","SO2","BOOKER T. WASHINGTON ES","17-019-0004","AQS",".","20","."
"03/09/1984","38","Ozone","BOOKER T. WASHINGTON ES","17-019-0004","AQS","38","23","."
"03/10/1984","38","Ozone","BOOKER T. WASHINGTON ES","17-019-0004","AQS","38","30","."
"03/11/1984","37","Ozone","BOOKER T. WASHINGTON ES","17-019-0004","AQS","37","7","."
"03/12/1984","49","SO2","BOOKER T. WASHINGTON ES","17-019-0004","AQS","32","49","."
"03/13/1984","36","SO2","BOOKER T. WASHINGTON ES","17-019-0004","AQS","32","36","."
"03/14/1984","62","SO2","BOOKER T. WASHINGTON ES","17-019-0004","AQS","37","62","."
"03/15/1984","36","SO2","BOOKER T. WASHINGTON ES","17-019-0004","AQS","18","36","."
"03/16/1984","27","Ozone","BOOKER T. WASHINGTON ES","17-019-0004","AQS","27","10","."
"03/17/1984","21","Ozone","BOOKER T. WASHINGTON ES","17-019-0004","AQS","21","16","."
"03/18/1984","21","Ozone","BOOKER T. WASHINGTON ES","17-019-0004","AQS","21","7","."
"03/19/1984","16","Ozone","BOOKER T. WASHINGTON ES","17-019-0004","AQS","16","13","."
"03/20/1984","32","Ozone","BOOKER T. WASHINGTON ES","17-019-0004","AQS","32","17","."
"03/21/1984","32","Ozone","BOOKER T. WASHINGTON ES","17-019-0004","AQS","32","3","."
"03/22/1984","31","Ozone","BOOKER T. WASHINGTON ES","17-019-0004","AQS","31","3","."
"03/23/1984","39","Ozone","BOOKER T. WASHINGTON ES","17-019-0004","AQS","39","6","."
"03/24/1984","66","SO2","BOOKER T. WASHINGTON ES","17-019-0004","AQS","20","66","."
"03/25/1984","31","Ozone","BOOKER T. WASHINGTON ES","17-019-0004","AQS","31","17","."
"03/26/1984","30","SO2","BOOKER T. WASHINGTON ES","17-019-0004","AQS","30","30","."
"03/27/1984","26","SO2","BOOKER T. WASHINGTON ES","17-019-0004","AQS","18","26","."
"03/28/1984","30","Ozone","BOOKER T. WASHINGTON ES","17-019-0004","AQS","30","20","."
"03/29/1984","27","Ozone","BOOKER T. WASHINGTON ES","17-019-0004","AQS","27","14","."
"03/30/1984","30","Ozone","BOOKER T. WASHINGTON ES","17-019-0004","AQS","30","4","."
"03/31/1984","37","Ozone","BOOKER T. WASHINGTON ES","17-019-0004","AQS","37","6","."
"04/01/1984","45","Ozone","BOOKER T. WASHINGTON ES","17-019-0004","AQS","45","9","."
"04/02/1984","42","Ozone","BOOKER T. WASHINGTON ES","17-019-0004","AQS","42","17","."
"04/03/1984","21","Ozone","BOOKER T. WASHINGTON ES","17-019-0004","AQS","21","9","."
"04/04/1984","20","Ozone","BOOKER T. WASHINGTON ES","17-019-0004","AQS","20","16","."
"04/05/1984","39","Ozone","BOOKER T. WASHINGTON ES","17-019-0004","AQS","39","11","."
"04/06/1984","35","Ozone","BOOKER T. WASHINGTON ES","17-019-0004","AQS","35","6","."
"04/07/1984","38","Ozone","BOOKER T. WASHINGTON ES","17-019-0004","AQS","38","16","."
"04/08/1984","30","Ozone","BOOKER T. WASHINGTON ES","17-019-0004","AQS","30","16","."
"04/09/1984","28","Ozone","BOOKER T. WASHINGTON ES","17-019-0004","AQS","28","21","."
"04/10/1984","41","Ozone","BOOKER T. WASHINGTON ES","17-019-0004","AQS","41","30","."
"04/11/1984","48","Ozone","BOOKER T. WASHINGTON ES","17-019-0004","AQS","48","30","."
"04/12/1984","36","SO2","BOOKER T. WASHINGTON ES","17-019-0004","AQS","33","36","."
"04/13/1984","14","SO2","BOOKER T. WASHINGTON ES","17-019-0004","AQS",".","14","."
"04/14/1984","13","SO2","BOOKER T. WASHINGTON ES","17-019-0004","AQS",".","13","."
"04/15/1984","7","SO2","BOOKER T. WASHINGTON ES","17-019-0004","AQS",".","7","."
"04/16/1984","9","SO2","BOOKER T. WASHINGTON ES","17-019-0004","AQS",".","9","."
"04/17/1984","4","SO2","BOOKER T. WASHINGTON ES","17-019-0004","AQS",".","4","."
"04/18/1984","6","SO2","BOOKER T. WASHINGTON ES","17-019-0004","AQS",".","6","."
"04/19/1984","21","SO2","BOOKER T. WASHINGTON ES","17-019-0004","AQS",".","21","."
"04/20/1984","16","SO2","BOOKER T. WASHINGTON ES","17-019-0004","AQS",".","16","."
"04/21/1984","7","SO2","BOOKER T. WASHINGTON ES","17-019-0004","AQS",".","7","."
"04/22/1984","33","SO2","BOOKER T. WASHINGTON ES","17-019-0004","AQS",".","33","."
"04/23/1984","1","SO2","BOOKER T. WASHINGTON ES","17-019-0004","AQS",".","1","."
"04/24/1984","24","Ozone","BOOKER T. WASHINGTON ES","17-019-0004","AQS","24","9","."
"04/25/1984","39","Ozone","BOOKER T. WASHINGTON ES","17-019-0004","AQS","39","30","."
"04/26/1984","16","SO2","BOOKER T. WASHINGTON ES","17-019-0004","AQS",".","16","."
"04/27/1984","29","Ozone","BOOKER T. WASHINGTON ES","17-019-0004","AQS","29","4","."
"04/28/1984","37","Ozone","BOOKER T. WASHINGTON ES","17-019-0004","AQS","37","4","."
"04/29/1984","30","Ozone","BOOKER T. WASHINGTON ES","17-019-0004","AQS","30","10","."
"04/30/1984","33","Ozone","BOOKER T. WASHINGTON ES","17-019-0004","AQS","33","6","."
"05/01/1984","37","Ozone","BOOKER T. WASHINGTON ES","17-019-0004","AQS","37","11","."
"05/02/1984","46","Ozone","BOOKER T. WASHINGTON ES","17-019-0004","AQS","46","27","."
"05/03/1984","15","Ozone","BOOKER T. WASHINGTON ES","17-019-0004","AQS","15",".","."
"05/04/1984","36","Ozone","BOOKER T. WASHINGTON ES","17-019-0004","AQS","36",".","."
"05/05/1984","40","Ozone","BOOKER T. WASHINGTON ES","17-019-0004","AQS","40",".","."
"05/06/1984","42","Ozone","BOOKER T. WASHINGTON ES","17-019-0004","AQS","42",".","."
"05/07/1984","31","Ozone","BOOKER T. WASHINGTON ES","17-019-0004","AQS","31",".","."
"05/08/1984","26","Ozone","BOOKER T. WASHINGTON ES","17-019-0004","AQS","26",".","."
"05/09/1984","31","Ozone","BOOKER T. WASHINGTON ES","17-019-0004","AQS","31",".","."
"05/10/1984","40","Ozone","BOOKER T. WASHINGTON ES","17-019-0004","AQS","40","24","."
"05/11/1984","33","Ozone","BOOKER T. WASHINGTON ES","17-019-0004","AQS","33","16","."
"05/12/1984","41","Ozone","BOOKER T. WASHINGTON ES","17-019-0004","AQS","41","10","."
"05/13/1984","43","Ozone","BOOKER T. WASHINGTON ES","17-019-0004","AQS","43","9","."
"05/14/1984","41","Ozone","BOOKER T. WASHINGTON ES","17-019-0004","AQS","41","14","."
"05/15/1984","40","Ozone","BOOKER T. WASHINGTON ES","17-019-0004","AQS","40","7","."
"05/16/1984","48","Ozone","BOOKER T. WASHINGTON ES","17-019-0004","AQS","48","24","."
"05/18/1984","122","Ozone","BOOKER T. WASHINGTON ES","17-019-0004","AQS","122","14","."
"05/19/1984","87","Ozone","BOOKER T. WASHINGTON ES","17-019-0004","AQS","87","10","."
"05/20/1984","37","Ozone","BOOKER T. WASHINGTON ES","17-019-0004","AQS","37","1","."
"05/21/1984","29","Ozone","BOOKER T. WASHINGTON ES","17-019-0004","AQS","29","9","."
"05/22/1984","38","Ozone","BOOKER T. WASHINGTON ES","17-019-0004","AQS","38","7","."
"05/23/1984","44","Ozone","BOOKER T. WASHINGTON ES","17-019-0004","AQS","44","6","."
"05/24/1984","67","Ozone","BOOKER T. WASHINGTON ES","17-019-0004","AQS","67","19","."
"05/25/1984","39","Ozone","BOOKER T. WASHINGTON ES","17-019-0004","AQS","39","13","."
"05/26/1984","41","Ozone","BOOKER T. WASHINGTON ES","17-019-0004","AQS","41","1","."
"05/27/1984","44","Ozone","BOOKER T. WASHINGTON ES","17-019-0004","AQS","44","9","."
"05/28/1984","37","Ozone","BOOKER T. WASHINGTON ES","17-019-0004","AQS","37","1","."
"05/29/1984","37","Ozone","BOOKER T. WASHINGTON ES","17-019-0004","AQS","37","9","."
"05/30/1984","39","Ozone","BOOKER T. WASHINGTON ES","17-019-0004","AQS","39","6","."
"05/31/1984","64","Ozone","BOOKER T. WASHINGTON ES","17-019-0004","AQS","64","23","."
"06/01/1984","122","Ozone","BOOKER T. WASHINGTON ES","17-019-0004","AQS","122","26","."
"06/02/1984","129","Ozone","BOOKER T. WASHINGTON ES","17-019-0004","AQS","129","4","."
"06/03/1984","58","Ozone","BOOKER T. WASHINGTON ES","17-019-0004","AQS","58","14","."
"06/04/1984","97","Ozone","BOOKER T. WASHINGTON ES","17-019-0004","AQS","97","37","."
"06/05/1984","54","Ozone","BOOKER T. WASHINGTON ES","17-019-0004","AQS","54","10","."
"06/06/1984","67","Ozone","BOOKER T. WASHINGTON ES","17-019-0004","AQS","67","7","."
"06/07/1984","37","Ozone","BOOKER T. WASHINGTON ES","17-019-0004","AQS","37","4","."
"06/08/1984","37","Ozone","BOOKER T. WASHINGTON ES","17-019-0004","AQS","37","6","."
"06/09/1984","80","Ozone","BOOKER T. WASHINGTON ES","17-019-0004","AQS","80","17","."
"06/10/1984","61","Ozone","BOOKER T. WASHINGTON ES","17-019-0004","AQS","61","6","."
"06/11/1984","61","Ozone","BOOKER T. WASHINGTON ES","17-019-0004","AQS","61","16","."
"06/12/1984","97","Ozone","BOOKER T. WASHINGTON ES","17-019-0004","AQS","97","19","."
"06/13/1984","43","Ozone","BOOKER T. WASHINGTON ES","17-019-0004","AQS","43","6","."
"06/14/1984","58","Ozone","BOOKER T. WASHINGTON ES","17-019-0004","AQS","58","7","."
"06/15/1984","48","Ozone","BOOKER T. WASHINGTON ES","17-019-0004","AQS","48","6","."
"06/16/1984","97","Ozone","BOOKER T. WASHINGTON ES","17-019-0004","AQS","97","19","."
"06/17/1984","100","Ozone","BOOKER T. WASHINGTON ES","17-019-0004","AQS","100","20","."
"06/18/1984","50","Ozone","BOOKER T. WASHINGTON ES","17-019-0004","AQS","50","6","."
"06/19/1984","84","Ozone","BOOKER T. WASHINGTON ES","17-019-0004","AQS","84","6","."
"06/20/1984","119","Ozone","BOOKER T. WASHINGTON ES","17-019-0004","AQS","119","4","."
"06/21/1984","43","Ozone","BOOKER T. WASHINGTON ES","17-019-0004","AQS","43","6","."
"06/22/1984","101","Ozone","BOOKER T. WASHINGTON ES","17-019-0004","AQS","101","39","."
"06/23/1984","74","Ozone","BOOKER T. WASHINGTON ES","17-019-0004","AQS","74","3","."
"06/24/1984","44","Ozone","BOOKER T. WASHINGTON ES","17-019-0004","AQS","44","1","."
"06/25/1984","50","Ozone","BOOKER T. WASHINGTON ES","17-019-0004","AQS","50","7","."
"06/26/1984","82","SO2","BOOKER T. WASHINGTON ES","17-019-0004","AQS","71","82","."
"06/27/1984","44","Ozone","BOOKER T. WASHINGTON ES","17-019-0004","AQS","44","14","."
"06/28/1984","48","Ozone","BOOKER T. WASHINGTON ES","17-019-0004","AQS","48","4","."
"06/29/1984","46","Ozone","BOOKER T. WASHINGTON ES","17-019-0004","AQS","46","6","."
"06/30/1984","43","Ozone","BOOKER T. WASHINGTON ES","17-019-0004","AQS","43","3","."
"07/01/1984","64","Ozone","BOOKER T. WASHINGTON ES","17-019-0004","AQS","64","21","."
"07/02/1984","108","Ozone","BOOKER T. WASHINGTON ES","17-019-0004","AQS","108","11","."
"07/03/1984","97","Ozone","BOOKER T. WASHINGTON ES","17-019-0004","AQS","97","26","."
"07/04/1984","40","Ozone","BOOKER T. WASHINGTON ES","17-019-0004","AQS","40","1","."
"07/05/1984","50","Ozone","BOOKER T. WASHINGTON ES","17-019-0004","AQS","50","4","."
"07/06/1984","37","Ozone","BOOKER T. WASHINGTON ES","17-019-0004","AQS","37","1","."
"07/07/1984","44","Ozone","BOOKER T. WASHINGTON ES","17-019-0004","AQS","44","4","."
"07/08/1984","49","Ozone","BOOKER T. WASHINGTON ES","17-019-0004","AQS","49","31","."
"07/09/1984","105","Ozone","BOOKER T. WASHINGTON ES","17-019-0004","AQS","105","20","."
"07/10/1984","108","Ozone","BOOKER T. WASHINGTON ES","17-019-0004","AQS","108","17","."
"07/11/1984","54","Ozone","BOOKER T. WASHINGTON ES","17-019-0004","AQS","54",".","."
"07/13/1984","80","Ozone","BOOKER T. WASHINGTON ES","17-019-0004","AQS","80","13","."
"07/14/1984","150","Ozone","BOOKER T. WASHINGTON ES","17-019-0004","AQS","150",".","."
"07/15/1984","47","Ozone","BOOKER T. WASHINGTON ES","17-019-0004","AQS","47","3","."
"07/16/1984","40","Ozone","BOOKER T. WASHINGTON ES","17-019-0004","AQS","40","7","."
"07/17/1984","44","Ozone","BOOKER T. WASHINGTON ES","17-019-0004","AQS","44","16","."
"07/18/1984","33","Ozone","BOOKER T. WASHINGTON ES","17-019-0004","AQS","33","7","."
"07/19/1984","58","Ozone","BOOKER T. WASHINGTON ES","17-019-0004","AQS","58","20","."
"07/20/1984","54","Ozone","BOOKER T. WASHINGTON ES","17-019-0004","AQS","54","10","."
"07/21/1984","87","Ozone","BOOKER T. WASHINGTON ES","17-019-0004","AQS","87","14","."
"07/22/1984","112","Ozone","BOOKER T. WASHINGTON ES","17-019-0004","AQS","112","19","."
"07/23/1984","161","Ozone","BOOKER T. WASHINGTON ES","17-019-0004","AQS","161","26","."
"07/24/1984","151","Ozone","BOOKER T. WASHINGTON ES","17-019-0004","AQS","151","24","."
"07/25/1984","36","Ozone","BOOKER T. WASHINGTON ES","17-019-0004","AQS","36","3","."
"07/26/1984","28","Ozone","BOOKER T. WASHINGTON ES","17-019-0004","AQS","28","11","."
"07/27/1984","45","Ozone","BOOKER T. WASHINGTON ES","17-019-0004","AQS","45","7","."
"07/28/1984","44","Ozone","BOOKER T. WASHINGTON ES","17-019-0004","AQS","44","7","."
"07/29/1984","58","Ozone","BOOKER T. WASHINGTON ES","17-019-0004","AQS","58","13","."
"07/30/1984","71","Ozone","BOOKER T. WASHINGTON ES","17-019-0004","AQS","71","24","."
"07/31/1984","51","Ozone","BOOKER T. WASHINGTON ES","17-019-0004","AQS","51","24","."
"08/01/1984","50","Ozone","BOOKER T. WASHINGTON ES","17-019-0004","AQS","50","11","."
"08/02/1984","61","Ozone","BOOKER T. WASHINGTON ES","17-019-0004","AQS","61","7","."
"08/03/1984","64","Ozone","BOOKER T. WASHINGTON ES","17-019-0004","AQS","64","16","."
"08/04/1984","50","Ozone","BOOKER T. WASHINGTON ES","17-019-0004","AQS","50","23","."
"08/05/1984","58","Ozone","BOOKER T. WASHINGTON ES","17-019-0004","AQS","58","13","."
"08/06/1984","87","Ozone","BOOKER T. WASHINGTON ES","17-019-0004","AQS","87","21","."
"08/07/1984","71","Ozone","BOOKER T. WASHINGTON ES","17-019-0004","AQS","71","36","."
"08/08/1984","43","Ozone","BOOKER T. WASHINGTON ES","17-019-0004","AQS","43","17","."
"08/09/1984","44","Ozone","BOOKER T. WASHINGTON ES","17-019-0004","AQS","44","24","."
"08/10/1984","64","Ozone","BOOKER T. WASHINGTON ES","17-019-0004","AQS","64","11","."
"08/11/1984","50","Ozone","BOOKER T. WASHINGTON ES","17-019-0004","AQS","50","7","."
"08/12/1984","49","Ozone","BOOKER T. WASHINGTON ES","17-019-0004","AQS","49",".","."
"08/13/1984","43","Ozone","BOOKER T. WASHINGTON ES","17-019-0004","AQS","43",".","."
"08/14/1984","67","Ozone","BOOKER T. WASHINGTON ES","17-019-0004","AQS","67",".","."
"08/15/1984","54","Ozone","BOOKER T. WASHINGTON ES","17-019-0004","AQS","54",".","."
"08/16/1984","101","Ozone","BOOKER T. WASHINGTON ES","17-019-0004","AQS","101",".","."
"08/17/1984","39","Ozone","BOOKER T. WASHINGTON ES","17-019-0004","AQS","39","20","."
"08/18/1984","48","Ozone","BOOKER T. WASHINGTON ES","17-019-0004","AQS","48","3","."
"08/19/1984","37","Ozone","BOOKER T. WASHINGTON ES","17-019-0004","AQS","37","6","."
"08/20/1984","40","Ozone","BOOKER T. WASHINGTON ES","17-019-0004","AQS","40","7","."
"08/21/1984","115","Ozone","BOOKER T. WASHINGTON ES","17-019-0004","AQS","115","39","."
"08/22/1984","46","Ozone","BOOKER T. WASHINGTON ES","17-019-0004","AQS","46","6","."
"08/23/1984","36","Ozone","BOOKER T. WASHINGTON ES","17-019-0004","AQS","36","7","."
"08/24/1984","45","Ozone","BOOKER T. WASHINGTON ES","17-019-0004","AQS","45","24","."
"08/25/1984","51","Ozone","BOOKER T. WASHINGTON ES","17-019-0004","AQS","51","33","."
"08/26/1984","126","Ozone","BOOKER T. WASHINGTON ES","17-019-0004","AQS","126","33","."
"08/27/1984","80","Ozone","BOOKER T. WASHINGTON ES","17-019-0004","AQS","80","23","."
"08/28/1984","150","Ozone","BOOKER T. WASHINGTON ES","17-019-0004","AQS","150","39","."
"08/29/1984","100","Ozone","BOOKER T. WASHINGTON ES","17-019-0004","AQS","100","29","."
"08/30/1984","48","Ozone","BOOKER T. WASHINGTON ES","17-019-0004","AQS","48","6","."
"08/31/1984","45","Ozone","BOOKER T. WASHINGTON ES","17-019-0004","AQS","45","4","."
"09/01/1984","140","Ozone","BOOKER T. WASHINGTON ES","17-019-0004","AQS","140","19","."
"09/02/1984","74","Ozone","BOOKER T. WASHINGTON ES","17-019-0004","AQS","74","16","."
"09/03/1984","27","Ozone","BOOKER T. WASHINGTON ES","17-019-0004","AQS","27","0","."
"09/04/1984","39","Ozone","BOOKER T. WASHINGTON ES","17-019-0004","AQS","39","6","."
"09/05/1984","41","Ozone","BOOKER T. WASHINGTON ES","17-019-0004","AQS","41","4","."
"09/06/1984","43","Ozone","BOOKER T. WASHINGTON ES","17-019-0004","AQS","43","33","."
"09/07/1984","100","Ozone","BOOKER T. WASHINGTON ES","17-019-0004","AQS","100","10","."
"09/08/1984","71","Ozone","BOOKER T. WASHINGTON ES","17-019-0004","AQS","71","9","."
"09/09/1984","41","Ozone","BOOKER T. WASHINGTON ES","17-019-0004","AQS","41","13","."
"09/10/1984","38","Ozone","BOOKER T. WASHINGTON ES","17-019-0004","AQS","38","10","."
"09/11/1984","74","Ozone","BOOKER T. WASHINGTON ES","17-019-0004","AQS","74","9","."
"09/12/1984","71","Ozone","BOOKER T. WASHINGTON ES","17-019-0004","AQS","71","29","."
"09/13/1984","48","Ozone","BOOKER T. WASHINGTON ES","17-019-0004","AQS","48","13","."
"09/14/1984","22","Ozone","BOOKER T. WASHINGTON ES","17-019-0004","AQS","22","4","."
"09/15/1984","28","Ozone","BOOKER T. WASHINGTON ES","17-019-0004","AQS","28","1","."
"09/16/1984","42","Ozone","BOOKER T. WASHINGTON ES","17-019-0004","AQS","42","6","."
"09/17/1984","44","Ozone","BOOKER T. WASHINGTON ES","17-019-0004","AQS","44","43","."
"09/18/1984","74","Ozone","BOOKER T. WASHINGTON ES","17-019-0004","AQS","74","24","."
"09/19/1984","84","Ozone","BOOKER T. WASHINGTON ES","17-019-0004","AQS","84","50","."
"09/20/1984","87","Ozone","BOOKER T. WASHINGTON ES","17-019-0004","AQS","87","7","."
"09/21/1984","100","Ozone","BOOKER T. WASHINGTON ES","17-019-0004","AQS","100","39","."
"09/22/1984","47","Ozone","BOOKER T. WASHINGTON ES","17-019-0004","AQS","47","34","."
"09/23/1984","26","Ozone","BOOKER T. WASHINGTON ES","17-019-0004","AQS","26","3","."
"09/24/1984","21","Ozone","BOOKER T. WASHINGTON ES","17-019-0004","AQS","21","7","."
"09/25/1984","20","Ozone","BOOKER T. WASHINGTON ES","17-019-0004","AQS","20","7","."
"09/26/1984","31","Ozone","BOOKER T. WASHINGTON ES","17-019-0004","AQS","31","4","."
"09/27/1984","27","Ozone","BOOKER T. WASHINGTON ES","17-019-0004","AQS","27","4","."
"09/28/1984","31","Ozone","BOOKER T. WASHINGTON ES","17-019-0004","AQS","31","3","."
"09/29/1984","37","Ozone","BOOKER T. WASHINGTON ES","17-019-0004","AQS","37","4","."
"09/30/1984","44","Ozone","BOOKER T. WASHINGTON ES","17-019-0004","AQS","44","4","."
"10/01/1984","47","Ozone","BOOKER T. WASHINGTON ES","17-019-0004","AQS","47","13","."
"10/02/1984","47","Ozone","BOOKER T. WASHINGTON ES","17-019-0004","AQS","47","20","."
"10/03/1984","47","Ozone","BOOKER T. WASHINGTON ES","17-019-0004","AQS","47","16","."
"10/04/1984","43","Ozone","BOOKER T. WASHINGTON ES","17-019-0004","AQS","43","21","."
"10/05/1984","9","SO2","BOOKER T. WASHINGTON ES","17-019-0004","AQS",".","9","."
"10/06/1984","20","SO2","BOOKER T. WASHINGTON ES","17-019-0004","AQS",".","20","."
"10/07/1984","1","SO2","BOOKER T. WASHINGTON ES","17-019-0004","AQS",".","1","."
"10/08/1984","4","SO2","BOOKER T. WASHINGTON ES","17-019-0004","AQS",".","4","."
"10/09/1984","26","Ozone","BOOKER T. WASHINGTON ES","17-019-0004","AQS","26","16","."
"10/10/1984","36","Ozone","BOOKER T. WASHINGTON ES","17-019-0004","AQS","36","6","."
"10/11/1984","27","SO2","BOOKER T. WASHINGTON ES","17-019-0004","AQS","25","27","."
"10/12/1984","39","Ozone","BOOKER T. WASHINGTON ES","17-019-0004","AQS","39",".","."
"10/13/1984","22","Ozone","BOOKER T. WASHINGTON ES","17-019-0004","AQS","22","9","."
"10/14/1984","21","Ozone","BOOKER T. WASHINGTON ES","17-019-0004","AQS","21","14","."
"10/15/1984","28","Ozone","BOOKER T. WASHINGTON ES","17-019-0004","AQS","28","7","."
"10/16/1984","36","Ozone","BOOKER T. WASHINGTON ES","17-019-0004","AQS","36","16","."
"10/17/1984","29","Ozone","BOOKER T. WASHINGTON ES","17-019-0004","AQS","29","6","."
"10/18/1984","65","SO2","BOOKER T. WASHINGTON ES","17-019-0004","AQS","26","65","."
"10/19/1984","25","Ozone","BOOKER T. WASHINGTON ES","17-019-0004","AQS","25","3","."
"10/20/1984","16","Ozone","BOOKER T. WASHINGTON ES","17-019-0004","AQS","16","4","."
"10/21/1984","28","Ozone","BOOKER T. WASHINGTON ES","17-019-0004","AQS","28","1","."
"10/22/1984","23","Ozone","BOOKER T. WASHINGTON ES","17-019-0004","AQS","23","14","."
"10/23/1984","23","Ozone","BOOKER T. WASHINGTON ES","17-019-0004","AQS","23","16","."
"10/24/1984","31","Ozone","BOOKER T. WASHINGTON ES","17-019-0004","AQS","31","19","."
"10/25/1984","16","SO2","BOOKER T. WASHINGTON ES","17-019-0004","AQS","10","16","."
"10/26/1984","17","Ozone","BOOKER T. WASHINGTON ES","17-019-0004","AQS","17","7","."
"10/27/1984","32","Ozone","BOOKER T. WASHINGTON ES","17-019-0004","AQS","32","11","."
"10/28/1984","15","Ozone","BOOKER T. WASHINGTON ES","17-019-0004","AQS","15","3","."
"10/29/1984","13","SO2","BOOKER T. WASHINGTON ES","17-019-0004","AQS","12","13","."
"10/30/1984","50","SO2","BOOKER T. WASHINGTON ES","17-019-0004","AQS","13","50","."
"10/31/1984","25","Ozone","BOOKER T. WASHINGTON ES","17-019-0004","AQS","25","21","."
"11/01/1984","25","Ozone","BOOKER T. WASHINGTON ES","17-019-0004","AQS","25","17","."
"11/02/1984","26","Ozone","BOOKER T. WASHINGTON ES","17-019-0004","AQS","26","4","."
"11/03/1984","24","SO2","BOOKER T. WASHINGTON ES","17-019-0004","AQS","20","24","."
"11/04/1984","22","Ozone","BOOKER T. WASHINGTON ES","17-019-0004","AQS","22","17","."
"11/05/1984","12","Ozone","BOOKER T. WASHINGTON ES","17-019-0004","AQS","12","3","."
"11/06/1984","18","Ozone","BOOKER T. WASHINGTON ES","17-019-0004","AQS","18","9","."
"11/07/1984","41","SO2","BOOKER T. WASHINGTON ES","17-019-0004","AQS","17","41","."
"11/08/1984","16","SO2","BOOKER T. WASHINGTON ES","17-019-0004","AQS","16","16","."
"11/09/1984","22","Ozone","BOOKER T. WASHINGTON ES","17-019-0004","AQS","22","4","."
"11/10/1984","24","Ozone","BOOKER T. WASHINGTON ES","17-019-0004","AQS","24","4","."
"11/11/1984","24","Ozone","BOOKER T. WASHINGTON ES","17-019-0004","AQS","24","1","."
"11/12/1984","22","Ozone","BOOKER T. WASHINGTON ES","17-019-0004","AQS","22","4","."
"11/13/1984","85","SO2","BOOKER T. WASHINGTON ES","17-019-0004","AQS","19","85","."
"11/14/1984","56","SO2","BOOKER T. WASHINGTON ES","17-019-0004","AQS","25","56","."
"11/15/1984","21","SO2","BOOKER T. WASHINGTON ES","17-019-0004","AQS","19","21","."
"11/16/1984","17","Ozone","BOOKER T. WASHINGTON ES","17-019-0004","AQS","17","4","."
"11/17/1984","20","SO2","BOOKER T. WASHINGTON ES","17-019-0004","AQS","12","20","."
"11/18/1984","12","Ozone","BOOKER T. WASHINGTON ES","17-019-0004","AQS","12","9","."
"11/19/1984","19","SO2","BOOKER T. WASHINGTON ES","17-019-0004","AQS","19","19","."
"11/20/1984","23","Ozone","BOOKER T. WASHINGTON ES","17-019-0004","AQS","23","13","."
"11/21/1984","24","Ozone","BOOKER T. WASHINGTON ES","17-019-0004","AQS","24","16","."
"11/22/1984","27","SO2","BOOKER T. WASHINGTON ES","17-019-0004","AQS","20","27","."
"11/23/1984","20","SO2","BOOKER T. WASHINGTON ES","17-019-0004","AQS","19","20","."
"11/24/1984","31","SO2","BOOKER T. WASHINGTON ES","17-019-0004","AQS","25","31","."
"11/25/1984","65","SO2","BOOKER T. WASHINGTON ES","17-019-0004","AQS","21","65","."
"11/26/1984","23","Ozone","BOOKER T. WASHINGTON ES","17-019-0004","AQS","23","16","."
"11/27/1984","23","Ozone","BOOKER T. WASHINGTON ES","17-019-0004","AQS","23","1","."
"11/28/1984","21","Ozone","BOOKER T. WASHINGTON ES","17-019-0004","AQS","21","6","."
"11/29/1984","26","Ozone","BOOKER T. WASHINGTON ES","17-019-0004","AQS","26","9","."
"11/30/1984","9","Ozone","BOOKER T. WASHINGTON ES","17-019-0004","AQS","9","6","."
"12/01/1984","13","SO2","BOOKER T. WASHINGTON ES","17-019-0004","AQS","10","13","."
"12/02/1984","19","SO2","BOOKER T. WASHINGTON ES","17-019-0004","AQS","19","19","."
"12/03/1984","22","Ozone","BOOKER T. WASHINGTON ES","17-019-0004","AQS","22","3","."
"12/04/1984","18","Ozone","BOOKER T. WASHINGTON ES","17-019-0004","AQS","18","6","."
"12/05/1984","56","SO2","BOOKER T. WASHINGTON ES","17-019-0004","AQS","14","56","."
"12/06/1984","24","Ozone","BOOKER T. WASHINGTON ES","17-019-0004","AQS","24","6","."
"12/07/1984","21","SO2","BOOKER T. WASHINGTON ES","17-019-0004","AQS","14","21","."
"12/08/1984","16","SO2","BOOKER T. WASHINGTON ES","17-019-0004","AQS","10","16","."
"12/09/1984","24","SO2","BOOKER T. WASHINGTON ES","17-019-0004","AQS","16","24","."
"12/10/1984","26","SO2","BOOKER T. WASHINGTON ES","17-019-0004","AQS","9","26","."
"12/11/1984","44","SO2","BOOKER T. WASHINGTON ES","17-019-0004","AQS","9","44","."
"12/12/1984","13","SO2","BOOKER T. WASHINGTON ES","17-019-0004","AQS","12","13","."
"12/13/1984","7","Ozone","BOOKER T. WASHINGTON ES","17-019-0004","AQS","7","1","."
"12/14/1984","16","SO2","BOOKER T. WASHINGTON ES","17-019-0004","AQS","8","16","."
"12/15/1984","19","Ozone","BOOKER T. WASHINGTON ES","17-019-0004","AQS","19","9","."
"12/16/1984","23","Ozone","BOOKER T. WASHINGTON ES","17-019-0004","AQS","23","11","."
"12/17/1984","17","Ozone","BOOKER T. WASHINGTON ES","17-019-0004","AQS","17","16","."
"12/18/1984","11","Ozone","BOOKER T. WASHINGTON ES","17-019-0004","AQS","11","4","."
"12/19/1984","10","SO2","BOOKER T. WASHINGTON ES","17-019-0004","AQS","9","10","."
"12/20/1984","10","SO2","BOOKER T. WASHINGTON ES","17-019-0004","AQS","5","10","."
"12/21/1984","16","SO2","BOOKER T. WASHINGTON ES","17-019-0004","AQS","14","16","."
"12/22/1984","18","Ozone","BOOKER T. WASHINGTON ES","17-019-0004","AQS","18","4","."
"12/23/1984","30","SO2","BOOKER T. WASHINGTON ES","17-019-0004","AQS","19","30","."
"12/24/1984","23","Ozone","BOOKER T. WASHINGTON ES","17-019-0004","AQS","23","3","."
"12/25/1984","24","Ozone","BOOKER T. WASHINGTON ES","17-019-0004","AQS","24","17","."
"12/26/1984","51","SO2","BOOKER T. WASHINGTON ES","17-019-0004","AQS","6","51","."
"12/27/1984","14","SO2","BOOKER T. WASHINGTON ES","17-019-0004","AQS","14","14","."
"12/28/1984","17","Ozone","BOOKER T. WASHINGTON ES","17-019-0004","AQS","17","4","."
"12/29/1984","13","Ozone","BOOKER T. WASHINGTON ES","17-019-0004","AQS","13","1","."
"12/30/1984","12","Ozone","BOOKER T. WASHINGTON ES","17-019-0004","AQS","12","3","."
"12/31/1984","2","Ozone","BOOKER T. WASHINGTON ES","17-019-0004","AQS","2",".","."
