"Date","Overall AQI Value","Main Pollutant","Site Name (of Overall AQI)","Site ID (of Overall AQI)","Source (of Overall AQI)","Ozone","PM25"
"01/01/2005","42","PM2.5","ISWS CLIMATE STATION","17-019-1001","AQS","16","42"
"01/02/2005","18","Ozone","ISWS CLIMATE STATION","17-019-1001","AQS","18","."
"01/03/2005","12","Ozone","ISWS CLIMATE STATION","17-019-1001","AQS","12","."
"01/04/2005","41","PM2.5","ISWS CLIMATE STATION","17-019-1001","AQS","12","41"
"01/05/2005","19","Ozone","ISWS CLIMATE STATION","17-019-1001","AQS","19","."
"01/06/2005","28","Ozone","ISWS CLIMATE STATION","17-019-1001","AQS","28","."
"01/07/2005","35","PM2.5","ISWS CLIMATE STATION","17-019-1001","AQS","23","35"
"01/08/2005","18","Ozone","ISWS CLIMATE STATION","17-019-1001","AQS","18","."
"01/09/2005","17","Ozone","ISWS CLIMATE STATION","17-019-1001","AQS","17","."
"01/10/2005","53","PM2.5","BOOKER T. WASHINGTON ES","17-019-0004","AQS","16","53"
"01/11/2005","7","Ozone","ISWS CLIMATE STATION","17-019-1001","AQS","7","."
"01/12/2005","25","Ozone","ISWS CLIMATE STATION","17-019-1001","AQS","25","."
"01/13/2005","38","PM2.5","ISWS CLIMATE STATION","17-019-1001","AQS","24","38"
"01/14/2005","28","Ozone","ISWS CLIMATE STATION","17-019-1001","AQS","28","."
"01/15/2005","28","Ozone","ISWS CLIMATE STATION","17-019-1001","AQS","28","."
"01/16/2005","31","PM2.5","BOOKER T. WASHINGTON ES","17-019-0004","AQS","30","31"
"01/17/2005","30","Ozone","ISWS CLIMATE STATION","17-019-1001","AQS","30","."
"01/18/2005","24","Ozone","ISWS CLIMATE STATION","17-019-1001","AQS","24","."
"01/19/2005","44","PM2.5","ISWS CLIMATE STATION","17-019-1001","AQS","27","44"
"01/20/2005","16","Ozone","ISWS CLIMATE STATION","17-019-1001","AQS","16","."
"01/21/2005","29","Ozone","ISWS CLIMATE STATION","17-019-1001","AQS","29","."
"01/22/2005","43","PM2.5","ISWS CLIMATE STATION","17-019-1001","AQS","32","43"
"01/23/2005","30","Ozone","ISWS CLIMATE STATION","17-019-1001","AQS","30","."
"01/24/2005","22","Ozone","ISWS CLIMATE STATION","17-019-1001","AQS","22","."
"01/25/2005","58","PM2.5","ISWS CLIMATE STATION","17-019-1001","AQS","15","58"
"01/26/2005","25","Ozone","ISWS CLIMATE STATION","17-019-1001","AQS","25","."
"01/27/2005","29","Ozone","ISWS CLIMATE STATION","17-019-1001","AQS","29","."
"01/28/2005","59","PM2.5","ISWS CLIMATE STATION","17-019-1001","AQS","16","59"
"01/29/2005","9","Ozone","ISWS CLIMATE STATION","17-019-1001","AQS","9","."
"01/30/2005","19","Ozone","ISWS CLIMATE STATION","17-019-1001","AQS","19","."
"01/31/2005","98","PM2.5","ISWS CLIMATE STATION","17-019-1001","AQS","24","98"
"02/01/2005","23","Ozone","BOOKER T. WASHINGTON ES","17-019-0004","AQS","23","."
"02/02/2005","18","Ozone","BOOKER T. WASHINGTON ES","17-019-0004","AQS","18","."
"02/03/2005","102","PM2.5","ISWS CLIMATE STATION","17-019-1001","AQS","23","102"
"02/04/2005","16","Ozone","ISWS CLIMATE STATION","17-019-1001","AQS","16","."
"02/05/2005","22","Ozone","ISWS CLIMATE STATION","17-019-1001","AQS","22","."
"02/06/2005","63","PM2.5","BOOKER T. WASHINGTON ES","17-019-0004","AQS","21","63"
"02/07/2005","26","Ozone","ISWS CLIMATE STATION","17-019-1001","AQS","26","."
"02/08/2005","17","Ozone","ISWS CLIMATE STATION","17-019-1001","AQS","17","."
"02/09/2005","43","PM2.5","","17-019-9901","AQS","21","43"
"02/10/2005","25","Ozone","ISWS CLIMATE STATION","17-019-1001","AQS","25","."
"02/11/2005","25","Ozone","ISWS CLIMATE STATION","17-019-1001","AQS","25","."
"02/12/2005","37","PM2.5","ISWS CLIMATE STATION","17-019-1001","AQS","24","37"
"02/13/2005","30","Ozone","ISWS CLIMATE STATION","17-019-1001","AQS","30","."
"02/14/2005","25","Ozone","ISWS CLIMATE STATION","17-019-1001","AQS","25","."
"02/15/2005","28","PM2.5","BOOKER T. WASHINGTON ES","17-019-0004","AQS","27","28"
"02/16/2005","31","Ozone","ISWS CLIMATE STATION","17-019-1001","AQS","31","."
"02/17/2005","34","Ozone","ISWS CLIMATE STATION","17-019-1001","AQS","34","."
"02/18/2005","31","Ozone","ISWS CLIMATE STATION","17-019-1001","AQS","31","20"
"02/19/2005","25","Ozone","ISWS CLIMATE STATION","17-019-1001","AQS","25","."
"02/20/2005","26","Ozone","ISWS CLIMATE STATION","17-019-1001","AQS","26","."
"02/21/2005","52","PM2.5","ISWS CLIMATE STATION","17-019-1001","AQS","17","52"
"02/22/2005","26","Ozone","ISWS CLIMATE STATION","17-019-1001","AQS","26","."
"02/23/2005","31","Ozone","ISWS CLIMATE STATION","17-019-1001","AQS","31","."
"02/24/2005","49","PM2.5","ISWS CLIMATE STATION","17-019-1001","AQS","33","49"
"02/25/2005","32","Ozone","ISWS CLIMATE STATION","17-019-1001","AQS","32","."
"02/26/2005","38","Ozone","ISWS CLIMATE STATION","17-019-1001","AQS","38","."
"02/27/2005","63","PM2.5","","17-019-9901","AQS","19","63"
"02/28/2005","33","Ozone","ISWS CLIMATE STATION","17-019-1001","AQS","33","."
"03/01/2005","33","Ozone","ISWS CLIMATE STATION","17-019-1001","AQS","33","."
"03/02/2005","34","Ozone","ISWS CLIMATE STATION","17-019-1001","AQS","34","22"
"03/03/2005","33","Ozone","ISWS CLIMATE STATION","17-019-1001","AQS","33","."
"03/04/2005","27","Ozone","ISWS CLIMATE STATION","17-019-1001","AQS","27","."
"03/05/2005","85","PM2.5","BOOKER T. WASHINGTON ES","17-019-0004","AQS","24","85"
"03/06/2005","40","Ozone","ISWS CLIMATE STATION","17-019-1001","AQS","40","."
"03/07/2005","32","Ozone","ISWS CLIMATE STATION","17-019-1001","AQS","32","."
"03/08/2005","37","Ozone","ISWS CLIMATE STATION","17-019-1001","AQS","37","19"
"03/09/2005","38","Ozone","ISWS CLIMATE STATION","17-019-1001","AQS","38","."
"03/10/2005","24","Ozone","ISWS CLIMATE STATION","17-019-1001","AQS","24","."
"03/11/2005","35","PM2.5","ISWS CLIMATE STATION","17-019-1001","AQS","33","35"
"03/12/2005","36","Ozone","ISWS CLIMATE STATION","17-019-1001","AQS","36","."
"03/13/2005","38","Ozone","ISWS CLIMATE STATION","17-019-1001","AQS","38","."
"03/14/2005","42","PM2.5","ISWS CLIMATE STATION","17-019-1001","AQS","37","42"
"03/15/2005","37","Ozone","ISWS CLIMATE STATION","17-019-1001","AQS","37","."
"03/16/2005","41","Ozone","ISWS CLIMATE STATION","17-019-1001","AQS","41","."
"03/17/2005","83","PM2.5","ISWS CLIMATE STATION","17-019-1001","AQS","45","83"
"03/18/2005","44","Ozone","ISWS CLIMATE STATION","17-019-1001","AQS","44","."
"03/19/2005","23","Ozone","ISWS CLIMATE STATION","17-019-1001","AQS","23","."
"03/20/2005","62","PM2.5","ISWS CLIMATE STATION","17-019-1001","AQS","39","62"
"03/21/2005","36","Ozone","ISWS CLIMATE STATION","17-019-1001","AQS","36","."
"03/22/2005","29","Ozone","ISWS CLIMATE STATION","17-019-1001","AQS","29","."
"03/23/2005","65","PM2.5","ISWS CLIMATE STATION","17-019-1001","AQS","28","65"
"03/24/2005","27","Ozone","BOOKER T. WASHINGTON ES","17-019-0004","AQS","27","."
"03/25/2005","26","Ozone","ISWS CLIMATE STATION","17-019-1001","AQS","26","."
"03/26/2005","63","PM2.5","ISWS CLIMATE STATION","17-019-1001","AQS","29","63"
"03/27/2005","37","Ozone","ISWS CLIMATE STATION","17-019-1001","AQS","37","."
"03/28/2005","44","Ozone","ISWS CLIMATE STATION","17-019-1001","AQS","44","."
"03/29/2005","54","PM2.5","ISWS CLIMATE STATION","17-019-1001","AQS","49","54"
"03/30/2005","47","Ozone","ISWS CLIMATE STATION","17-019-1001","AQS","47","."
"03/31/2005","40","Ozone","ISWS CLIMATE STATION","17-019-1001","AQS","40","."
"04/01/2005","40","Ozone","ISWS CLIMATE STATION","17-019-1001","AQS","40","20"
"04/02/2005","43","Ozone","ISWS CLIMATE STATION","17-019-1001","AQS","43","."
"04/03/2005","58","Ozone","ISWS CLIMATE STATION","17-019-1001","AQS","58","."
"04/04/2005","74","Ozone","ISWS CLIMATE STATION","17-019-1001","AQS","74","56"
"04/05/2005","50","Ozone","ISWS CLIMATE STATION","17-019-1001","AQS","50","."
"04/06/2005","34","Ozone","ISWS CLIMATE STATION","17-019-1001","AQS","34","."
"04/07/2005","62","PM2.5","ISWS CLIMATE STATION","17-019-1001","AQS","38","62"
"04/08/2005","47","Ozone","ISWS CLIMATE STATION","17-019-1001","AQS","47","."
"04/09/2005","54","Ozone","ISWS CLIMATE STATION","17-019-1001","AQS","54","."
"04/10/2005","74","Ozone","ISWS CLIMATE STATION","17-019-1001","AQS","74","65"
"04/11/2005","54","Ozone","ISWS CLIMATE STATION","17-019-1001","AQS","54","."
"04/12/2005","31","Ozone","ISWS CLIMATE STATION","17-019-1001","AQS","31","."
"04/13/2005","40","Ozone","ISWS CLIMATE STATION","17-019-1001","AQS","40","25"
"04/14/2005","44","Ozone","ISWS CLIMATE STATION","17-019-1001","AQS","44","."
"04/15/2005","51","Ozone","ISWS CLIMATE STATION","17-019-1001","AQS","51","."
"04/16/2005","84","Ozone","ISWS CLIMATE STATION","17-019-1001","AQS","84","58"
"04/17/2005","119","Ozone","ISWS CLIMATE STATION","17-019-1001","AQS","119","."
"04/18/2005","101","Ozone","ISWS CLIMATE STATION","17-019-1001","AQS","101","."
"04/19/2005","77","Ozone","ISWS CLIMATE STATION","17-019-1001","AQS","77","55"
"04/20/2005","47","Ozone","ISWS CLIMATE STATION","17-019-1001","AQS","47","."
"04/21/2005","31","Ozone","ISWS CLIMATE STATION","17-019-1001","AQS","31","."
"04/22/2005","70","PM2.5","ISWS CLIMATE STATION","17-019-1001","AQS","35","70"
"04/23/2005","38","Ozone","ISWS CLIMATE STATION","17-019-1001","AQS","38","."
"04/24/2005","44","Ozone","ISWS CLIMATE STATION","17-019-1001","AQS","44","."
"04/25/2005","48","Ozone","ISWS CLIMATE STATION","17-019-1001","AQS","48","19"
"04/26/2005","39","Ozone","ISWS CLIMATE STATION","17-019-1001","AQS","39","."
"04/27/2005","39","Ozone","ISWS CLIMATE STATION","17-019-1001","AQS","39","."
"04/28/2005","40","PM2.5","","17-019-9901","AQS","38","40"
"04/29/2005","31","Ozone","ISWS CLIMATE STATION","17-019-1001","AQS","31","."
"04/30/2005","44","Ozone","ISWS CLIMATE STATION","17-019-1001","AQS","44","."
"05/01/2005","37","Ozone","ISWS CLIMATE STATION","17-019-1001","AQS","37","17"
"05/02/2005","32","Ozone","ISWS CLIMATE STATION","17-019-1001","AQS","32","."
"05/03/2005","47","Ozone","ISWS CLIMATE STATION","17-019-1001","AQS","47","."
"05/04/2005","80","Ozone","ISWS CLIMATE STATION","17-019-1001","AQS","80","30"
"05/05/2005","97","Ozone","ISWS CLIMATE STATION","17-019-1001","AQS","97","."
"05/06/2005","84","Ozone","ISWS CLIMATE STATION","17-019-1001","AQS","84","."
"05/07/2005","97","Ozone","ISWS CLIMATE STATION","17-019-1001","AQS","97","52"
"05/08/2005","101","Ozone","ISWS CLIMATE STATION","17-019-1001","AQS","101","."
"05/09/2005","44","Ozone","ISWS CLIMATE STATION","17-019-1001","AQS","44","."
"05/10/2005","80","Ozone","ISWS CLIMATE STATION","17-019-1001","AQS","80","33"
"05/11/2005","71","Ozone","ISWS CLIMATE STATION","17-019-1001","AQS","71","."
"05/12/2005","37","Ozone","ISWS CLIMATE STATION","17-019-1001","AQS","37","."
"05/13/2005","71","Ozone","ISWS CLIMATE STATION","17-019-1001","AQS","71","42"
"05/14/2005","44","Ozone","ISWS CLIMATE STATION","17-019-1001","AQS","44","."
"05/15/2005","31","Ozone","ISWS CLIMATE STATION","17-019-1001","AQS","31","."
"05/16/2005","47","Ozone","ISWS CLIMATE STATION","17-019-1001","AQS","47","22"
"05/17/2005","80","Ozone","ISWS CLIMATE STATION","17-019-1001","AQS","80","."
"05/18/2005","112","Ozone","ISWS CLIMATE STATION","17-019-1001","AQS","112","."
"05/19/2005","74","Ozone","ISWS CLIMATE STATION","17-019-1001","AQS","74","59"
"05/20/2005","46","Ozone","ISWS CLIMATE STATION","17-019-1001","AQS","46","."
"05/21/2005","77","Ozone","ISWS CLIMATE STATION","17-019-1001","AQS","77","."
"05/22/2005","74","Ozone","ISWS CLIMATE STATION","17-019-1001","AQS","74","55"
"05/23/2005","50","Ozone","ISWS CLIMATE STATION","17-019-1001","AQS","50","."
"05/24/2005","44","Ozone","ISWS CLIMATE STATION","17-019-1001","AQS","44","."
"05/25/2005","47","Ozone","ISWS CLIMATE STATION","17-019-1001","AQS","47","20"
"05/26/2005","49","Ozone","ISWS CLIMATE STATION","17-019-1001","AQS","49","."
"05/27/2005","45","Ozone","ISWS CLIMATE STATION","17-019-1001","AQS","45","."
"05/28/2005","43","Ozone","ISWS CLIMATE STATION","17-019-1001","AQS","43","20"
"05/29/2005","46","Ozone","ISWS CLIMATE STATION","17-019-1001","AQS","46","."
"05/30/2005","71","Ozone","ISWS CLIMATE STATION","17-019-1001","AQS","71","."
"05/31/2005","87","Ozone","ISWS CLIMATE STATION","17-019-1001","AQS","87","28"
"06/01/2005","101","Ozone","ISWS CLIMATE STATION","17-019-1001","AQS","101","."
"06/02/2005","36","Ozone","ISWS CLIMATE STATION","17-019-1001","AQS","36","."
"06/03/2005","76","PM2.5","BOOKER T. WASHINGTON ES","17-019-0004","AQS","39","76"
"06/04/2005","84","Ozone","ISWS CLIMATE STATION","17-019-1001","AQS","84","."
"06/05/2005","71","Ozone","ISWS CLIMATE STATION","17-019-1001","AQS","71","."
"06/06/2005","80","Ozone","ISWS CLIMATE STATION","17-019-1001","AQS","80","17"
"06/07/2005","58","Ozone","BOOKER T. WASHINGTON ES","17-019-0004","AQS","58","."
"06/08/2005","46","Ozone","BOOKER T. WASHINGTON ES","17-019-0004","AQS","46","."
"06/09/2005","46","Ozone","BOOKER T. WASHINGTON ES","17-019-0004","AQS","46","38"
"06/10/2005","42","Ozone","BOOKER T. WASHINGTON ES","17-019-0004","AQS","42","."
"06/11/2005","32","Ozone","ISWS CLIMATE STATION","17-019-1001","AQS","32","."
"06/12/2005","42","PM2.5","ISWS CLIMATE STATION","17-019-1001","AQS","39","42"
"06/13/2005","87","Ozone","ISWS CLIMATE STATION","17-019-1001","AQS","87","."
"06/14/2005","44","Ozone","ISWS CLIMATE STATION","17-019-1001","AQS","44","."
"06/15/2005","38","Ozone","ISWS CLIMATE STATION","17-019-1001","AQS","38","22"
"06/16/2005","48","Ozone","ISWS CLIMATE STATION","17-019-1001","AQS","48","."
"06/17/2005","34","Ozone","ISWS CLIMATE STATION","17-019-1001","AQS","34","."
"06/18/2005","37","Ozone","ISWS CLIMATE STATION","17-019-1001","AQS","37","18"
"06/19/2005","45","Ozone","ISWS CLIMATE STATION","17-019-1001","AQS","45","."
"06/20/2005","84","Ozone","ISWS CLIMATE STATION","17-019-1001","AQS","84","."
"06/21/2005","108","Ozone","ISWS CLIMATE STATION","17-019-1001","AQS","108","58"
"06/22/2005","64","Ozone","ISWS CLIMATE STATION","17-019-1001","AQS","64","."
"06/23/2005","119","Ozone","ISWS CLIMATE STATION","17-019-1001","AQS","119","."
"06/24/2005","100","Ozone","ISWS CLIMATE STATION","17-019-1001","AQS","100","92"
"06/25/2005","129","Ozone","ISWS CLIMATE STATION","17-019-1001","AQS","129","."
"06/26/2005","143","Ozone","ISWS CLIMATE STATION","17-019-1001","AQS","143","."
"06/27/2005","128","PM2.5","ISWS CLIMATE STATION","17-019-1001","AQS","122","128"
"06/28/2005","108","Ozone","ISWS CLIMATE STATION","17-019-1001","AQS","108","."
"06/29/2005","108","Ozone","ISWS CLIMATE STATION","17-019-1001","AQS","108","."
"06/30/2005","87","Ozone","ISWS CLIMATE STATION","17-019-1001","AQS","87","66"
"07/01/2005","44","Ozone","ISWS CLIMATE STATION","17-019-1001","AQS","44","."
"07/02/2005","40","Ozone","ISWS CLIMATE STATION","17-019-1001","AQS","40","."
"07/03/2005","64","Ozone","BOOKER T. WASHINGTON ES","17-019-0004","AQS","64","59"
"07/04/2005","58","Ozone","ISWS CLIMATE STATION","17-019-1001","AQS","58","."
"07/05/2005","45","Ozone","ISWS CLIMATE STATION","17-019-1001","AQS","45","."
"07/06/2005","64","Ozone","ISWS CLIMATE STATION","17-019-1001","AQS","64","43"
"07/07/2005","71","Ozone","ISWS CLIMATE STATION","17-019-1001","AQS","71","."
"07/08/2005","90","Ozone","ISWS CLIMATE STATION","17-019-1001","AQS","90","."
"07/09/2005","100","Ozone","ISWS CLIMATE STATION","17-019-1001","AQS","100","53"
"07/10/2005","122","Ozone","ISWS CLIMATE STATION","17-019-1001","AQS","122","."
"07/11/2005","97","Ozone","ISWS CLIMATE STATION","17-019-1001","AQS","97","."
"07/12/2005","52","PM2.5","ISWS CLIMATE STATION","17-019-1001","AQS","29","52"
"07/13/2005","40","Ozone","ISWS CLIMATE STATION","17-019-1001","AQS","40","."
"07/14/2005","61","Ozone","ISWS CLIMATE STATION","17-019-1001","AQS","61","."
"07/15/2005","81","PM2.5","","17-019-9901","AQS","42","81"
"07/16/2005","61","Ozone","ISWS CLIMATE STATION","17-019-1001","AQS","61","."
"07/17/2005","44","Ozone","BOOKER T. WASHINGTON ES","17-019-0004","AQS","44","."
"07/18/2005","45","PM2.5","ISWS CLIMATE STATION","17-019-1001","AQS","35","45"
"07/19/2005","44","Ozone","ISWS CLIMATE STATION","17-019-1001","AQS","44","."
"07/20/2005","38","Ozone","BOOKER T. WASHINGTON ES","17-019-0004","AQS","38","."
"07/21/2005","55","PM2.5","ISWS CLIMATE STATION","17-019-1001","AQS","47","55"
"07/22/2005","58","Ozone","ISWS CLIMATE STATION","17-019-1001","AQS","58","."
"07/23/2005","54","Ozone","ISWS CLIMATE STATION","17-019-1001","AQS","54","."
"07/24/2005","86","PM2.5","ISWS CLIMATE STATION","17-019-1001","AQS","51","86"
"07/25/2005","77","Ozone","ISWS CLIMATE STATION","17-019-1001","AQS","77","."
"07/26/2005","48","Ozone","ISWS CLIMATE STATION","17-019-1001","AQS","48","."
"07/27/2005","33","Ozone","ISWS CLIMATE STATION","17-019-1001","AQS","33","30"
"07/28/2005","45","Ozone","ISWS CLIMATE STATION","17-019-1001","AQS","45","."
"07/29/2005","48","Ozone","ISWS CLIMATE STATION","17-019-1001","AQS","48","."
"07/30/2005","58","Ozone","ISWS CLIMATE STATION","17-019-1001","AQS","58","51"
"07/31/2005","67","Ozone","ISWS CLIMATE STATION","17-019-1001","AQS","67","."
"08/01/2005","101","Ozone","ISWS CLIMATE STATION","17-019-1001","AQS","101","."
"08/02/2005","135","PM2.5","","17-019-9901","AQS","90","135"
"08/03/2005","58","Ozone","ISWS CLIMATE STATION","17-019-1001","AQS","58","."
"08/04/2005","49","Ozone","ISWS CLIMATE STATION","17-019-1001","AQS","49","."
"08/05/2005","39","Ozone","ISWS CLIMATE STATION","17-019-1001","AQS","39","31"
"08/06/2005","51","Ozone","ISWS CLIMATE STATION","17-019-1001","AQS","51","."
"08/07/2005","58","Ozone","BOOKER T. WASHINGTON ES","17-019-0004","AQS","58","."
"08/08/2005","103","PM2.5","BOOKER T. WASHINGTON ES","17-019-0004","AQS","87","103"
"08/09/2005","67","Ozone","BOOKER T. WASHINGTON ES","17-019-0004","AQS","67","."
"08/10/2005","84","Ozone","BOOKER T. WASHINGTON ES","17-019-0004","AQS","84","."
"08/11/2005","100","Ozone","ISWS CLIMATE STATION","17-019-1001","AQS","100","74"
"08/12/2005","77","Ozone","ISWS CLIMATE STATION","17-019-1001","AQS","77","."
"08/13/2005","44","Ozone","ISWS CLIMATE STATION","17-019-1001","AQS","44","."
"08/14/2005","43","PM2.5","","17-019-9901","AQS","27","43"
"08/15/2005","29","Ozone","ISWS CLIMATE STATION","17-019-1001","AQS","29","."
"08/16/2005","41","Ozone","ISWS CLIMATE STATION","17-019-1001","AQS","41","."
"08/17/2005","62","PM2.5","ISWS CLIMATE STATION","17-019-1001","AQS","58","62"
"08/18/2005","38","Ozone","ISWS CLIMATE STATION","17-019-1001","AQS","38","."
"08/19/2005","44","Ozone","ISWS CLIMATE STATION","17-019-1001","AQS","44","."
"08/20/2005","41","Ozone","ISWS CLIMATE STATION","17-019-1001","AQS","41","39"
"08/21/2005","41","Ozone","ISWS CLIMATE STATION","17-019-1001","AQS","41","."
"08/22/2005","42","Ozone","ISWS CLIMATE STATION","17-019-1001","AQS","42","."
"08/23/2005","36","Ozone","ISWS CLIMATE STATION","17-019-1001","AQS","36","20"
"08/24/2005","54","Ozone","ISWS CLIMATE STATION","17-019-1001","AQS","54","."
"08/25/2005","44","Ozone","BOOKER T. WASHINGTON ES","17-019-0004","AQS","44","."
"08/26/2005","95","PM2.5","","17-019-9901","AQS","47","95"
"08/27/2005","46","Ozone","ISWS CLIMATE STATION","17-019-1001","AQS","46","."
"08/28/2005","48","Ozone","BOOKER T. WASHINGTON ES","17-019-0004","AQS","48","."
"08/29/2005","55","PM2.5","ISWS CLIMATE STATION","17-019-1001","AQS","54","55"
"08/30/2005","47","Ozone","ISWS CLIMATE STATION","17-019-1001","AQS","47","."
"08/31/2005","43","Ozone","ISWS CLIMATE STATION","17-019-1001","AQS","43","."
"09/01/2005","45","Ozone","ISWS CLIMATE STATION","17-019-1001","AQS","45","43"
"09/02/2005","58","Ozone","ISWS CLIMATE STATION","17-019-1001","AQS","58","."
"09/03/2005","50","Ozone","ISWS CLIMATE STATION","17-019-1001","AQS","50","."
"09/04/2005","71","Ozone","ISWS CLIMATE STATION","17-019-1001","AQS","71","32"
"09/05/2005","74","Ozone","ISWS CLIMATE STATION","17-019-1001","AQS","74","."
"09/06/2005","97","Ozone","BOOKER T. WASHINGTON ES","17-019-0004","AQS","97","."
"09/07/2005","114","PM2.5","","17-019-9901","AQS","100","114"
"09/08/2005","97","Ozone","ISWS CLIMATE STATION","17-019-1001","AQS","97","."
"09/09/2005","105","Ozone","ISWS CLIMATE STATION","17-019-1001","AQS","105","."
"09/10/2005","105","Ozone","ISWS CLIMATE STATION","17-019-1001","AQS","105","93"
"09/11/2005","108","Ozone","ISWS CLIMATE STATION","17-019-1001","AQS","108","."
"09/12/2005","129","Ozone","ISWS CLIMATE STATION","17-019-1001","AQS","129","."
"09/13/2005","96","PM2.5","","17-019-9901","AQS","90","96"
"09/14/2005","33","Ozone","ISWS CLIMATE STATION","17-019-1001","AQS","33","."
"09/15/2005","19","Ozone","ISWS CLIMATE STATION","17-019-1001","AQS","19","."
"09/16/2005","33","PM2.5","ISWS CLIMATE STATION","17-019-1001","AQS","28","33"
"09/17/2005","49","Ozone","ISWS CLIMATE STATION","17-019-1001","AQS","49","."
"09/18/2005","46","Ozone","ISWS CLIMATE STATION","17-019-1001","AQS","46","."
"09/19/2005","58","PM2.5","ISWS CLIMATE STATION","17-019-1001","AQS","46","58"
"09/20/2005","54","Ozone","ISWS CLIMATE STATION","17-019-1001","AQS","54","."
"09/21/2005","61","Ozone","ISWS CLIMATE STATION","17-019-1001","AQS","61","."
"09/22/2005","97","Ozone","ISWS CLIMATE STATION","17-019-1001","AQS","97","66"
"09/23/2005","24","Ozone","ISWS CLIMATE STATION","17-019-1001","AQS","24","."
"09/24/2005","41","Ozone","ISWS CLIMATE STATION","17-019-1001","AQS","41","."
"09/25/2005","67","PM2.5","ISWS CLIMATE STATION","17-019-1001","AQS","28","67"
"09/26/2005","32","Ozone","ISWS CLIMATE STATION","17-019-1001","AQS","32","."
"09/27/2005","43","Ozone","ISWS CLIMATE STATION","17-019-1001","AQS","43","."
"09/28/2005","45","Ozone","ISWS CLIMATE STATION","17-019-1001","AQS","45","37"
"09/29/2005","28","Ozone","ISWS CLIMATE STATION","17-019-1001","AQS","28","."
"09/30/2005","40","Ozone","ISWS CLIMATE STATION","17-019-1001","AQS","40","."
"10/01/2005","58","Ozone","ISWS CLIMATE STATION","17-019-1001","AQS","58","54"
"10/02/2005","39","Ozone","ISWS CLIMATE STATION","17-019-1001","AQS","39","."
"10/03/2005","42","Ozone","ISWS CLIMATE STATION","17-019-1001","AQS","42","."
"10/04/2005","66","PM2.5","ISWS CLIMATE STATION","17-019-1001","AQS","42","66"
"10/05/2005","46","Ozone","ISWS CLIMATE STATION","17-019-1001","AQS","46","."
"10/06/2005","21","Ozone","ISWS CLIMATE STATION","17-019-1001","AQS","21","."
"10/07/2005","25","PM2.5","ISWS CLIMATE STATION","17-019-1001","AQS","14","25"
"10/08/2005","30","Ozone","ISWS CLIMATE STATION","17-019-1001","AQS","30","."
"10/09/2005","32","Ozone","ISWS CLIMATE STATION","17-019-1001","AQS","32","."
"10/10/2005","24","PM2.5","ISWS CLIMATE STATION","17-019-1001","AQS","20","24"
"10/11/2005","14","Ozone","ISWS CLIMATE STATION","17-019-1001","AQS","14","."
"10/12/2005","34","Ozone","ISWS CLIMATE STATION","17-019-1001","AQS","34","."
"10/13/2005","69","PM2.5","BOOKER T. WASHINGTON ES","17-019-0004","AQS","44","69"
"10/14/2005","43","Ozone","ISWS CLIMATE STATION","17-019-1001","AQS","43","."
"10/15/2005","38","Ozone","ISWS CLIMATE STATION","17-019-1001","AQS","38","."
"10/16/2005","37","Ozone","ISWS CLIMATE STATION","17-019-1001","AQS","37","17"
"10/17/2005","64","Ozone","ISWS CLIMATE STATION","17-019-1001","AQS","64","."
"10/18/2005","40","Ozone","ISWS CLIMATE STATION","17-019-1001","AQS","40","."
"10/19/2005","30","Ozone","ISWS CLIMATE STATION","17-019-1001","AQS","30","27"
"10/20/2005","21","Ozone","ISWS CLIMATE STATION","17-019-1001","AQS","21","."
"10/21/2005","19","Ozone","ISWS CLIMATE STATION","17-019-1001","AQS","19","."
"10/22/2005","30","PM2.5","ISWS CLIMATE STATION","17-019-1001","AQS","26","30"
"10/23/2005","25","Ozone","ISWS CLIMATE STATION","17-019-1001","AQS","25","."
"10/24/2005","16","Ozone","ISWS CLIMATE STATION","17-019-1001","AQS","16","."
"10/25/2005","20","Ozone","ISWS CLIMATE STATION","17-019-1001","AQS","20","18"
"10/26/2005","24","Ozone","ISWS CLIMATE STATION","17-019-1001","AQS","24","."
"10/27/2005","25","Ozone","ISWS CLIMATE STATION","17-019-1001","AQS","25","."
"10/28/2005","61","PM2.5","BOOKER T. WASHINGTON ES","17-019-0004","AQS","25","61"
"10/29/2005","31","Ozone","ISWS CLIMATE STATION","17-019-1001","AQS","31","."
"10/30/2005","42","Ozone","ISWS CLIMATE STATION","17-019-1001","AQS","42","."
"10/31/2005","81","PM2.5","ISWS CLIMATE STATION","17-019-1001","AQS","24","81"
"11/01/2005","25","Ozone","ISWS CLIMATE STATION","17-019-1001","AQS","25","9"
"11/02/2005","30","Ozone","ISWS CLIMATE STATION","17-019-1001","AQS","30","."
"11/03/2005","47","PM2.5","ISWS CLIMATE STATION","17-019-1001","AQS","41","47"
"11/04/2005","42","Ozone","ISWS CLIMATE STATION","17-019-1001","AQS","42","."
"11/05/2005","28","Ozone","ISWS CLIMATE STATION","17-019-1001","AQS","28","."
"11/06/2005","32","PM2.5","BOOKER T. WASHINGTON ES","17-019-0004","AQS","24","32"
"11/07/2005","26","Ozone","ISWS CLIMATE STATION","17-019-1001","AQS","26","."
"11/08/2005","21","Ozone","ISWS CLIMATE STATION","17-019-1001","AQS","21","."
"11/09/2005","29","PM2.5","ISWS CLIMATE STATION","17-019-1001","AQS","26","29"
"11/10/2005","23","Ozone","ISWS CLIMATE STATION","17-019-1001","AQS","23","."
"11/11/2005","27","Ozone","ISWS CLIMATE STATION","17-019-1001","AQS","27","."
"11/12/2005","54","PM2.5","ISWS CLIMATE STATION","17-019-1001","AQS","38","54"
"11/13/2005","28","Ozone","ISWS CLIMATE STATION","17-019-1001","AQS","28","."
"11/14/2005","14","Ozone","ISWS CLIMATE STATION","17-019-1001","AQS","14","."
"11/15/2005","36","PM2.5","ISWS CLIMATE STATION","17-019-1001","AQS","19","36"
"11/16/2005","23","Ozone","ISWS CLIMATE STATION","17-019-1001","AQS","23","."
"11/17/2005","22","Ozone","ISWS CLIMATE STATION","17-019-1001","AQS","22","."
"11/18/2005","29","PM2.5","BOOKER T. WASHINGTON ES","17-019-0004","AQS","19","29"
"11/19/2005","31","Ozone","ISWS CLIMATE STATION","17-019-1001","AQS","31","."
"11/20/2005","20","Ozone","ISWS CLIMATE STATION","17-019-1001","AQS","20","."
"11/21/2005","41","PM2.5","ISWS CLIMATE STATION","17-019-1001","AQS","21","41"
"11/22/2005","26","Ozone","ISWS CLIMATE STATION","17-019-1001","AQS","26","."
"11/23/2005","20","Ozone","ISWS CLIMATE STATION","17-019-1001","AQS","20","."
"11/24/2005","31","Ozone","ISWS CLIMATE STATION","17-019-1001","AQS","31","14"
"11/25/2005","25","Ozone","ISWS CLIMATE STATION","17-019-1001","AQS","25","."
"11/26/2005","20","Ozone","ISWS CLIMATE STATION","17-019-1001","AQS","20","."
"11/27/2005","58","PM2.5","ISWS CLIMATE STATION","17-019-1001","AQS","23","58"
"11/28/2005","32","Ozone","ISWS CLIMATE STATION","17-019-1001","AQS","32","."
"11/29/2005","20","Ozone","ISWS CLIMATE STATION","17-019-1001","AQS","20","14"
"11/30/2005","34","PM2.5","BOOKER T. WASHINGTON ES","17-019-0004","AQS","23","34"
"12/01/2005","19","Ozone","ISWS CLIMATE STATION","17-019-1001","AQS","19","."
"12/02/2005","24","Ozone","ISWS CLIMATE STATION","17-019-1001","AQS","24","."
"12/03/2005","55","PM2.5","ISWS CLIMATE STATION","17-019-1001","AQS","14","55"
"12/04/2005","23","Ozone","ISWS CLIMATE STATION","17-019-1001","AQS","23","."
"12/05/2005","22","Ozone","ISWS CLIMATE STATION","17-019-1001","AQS","22","."
"12/06/2005","66","PM2.5","BOOKER T. WASHINGTON ES","17-019-0004","AQS","15","66"
"12/07/2005","17","Ozone","ISWS CLIMATE STATION","17-019-1001","AQS","17","."
"12/08/2005","14","Ozone","ISWS CLIMATE STATION","17-019-1001","AQS","14","."
"12/09/2005","70","PM2.5","ISWS CLIMATE STATION","17-019-1001","AQS","19","70"
"12/10/2005","25","Ozone","ISWS CLIMATE STATION","17-019-1001","AQS","25","."
"12/11/2005","28","Ozone","ISWS CLIMATE STATION","17-019-1001","AQS","28","."
"12/12/2005","58","PM2.5","BOOKER T. WASHINGTON ES","17-019-0004","AQS","23","58"
"12/13/2005","25","Ozone","ISWS CLIMATE STATION","17-019-1001","AQS","25","."
"12/14/2005","13","Ozone","ISWS CLIMATE STATION","17-019-1001","AQS","13","."
"12/15/2005","30","PM2.5","ISWS CLIMATE STATION","17-019-1001","AQS","19","30"
"12/16/2005","25","Ozone","ISWS CLIMATE STATION","17-019-1001","AQS","25","."
"12/17/2005","19","Ozone","ISWS CLIMATE STATION","17-019-1001","AQS","19","."
"12/18/2005","43","PM2.5","ISWS CLIMATE STATION","17-019-1001","AQS","24","43"
"12/19/2005","24","Ozone","ISWS CLIMATE STATION","17-019-1001","AQS","24","."
"12/20/2005","18","Ozone","ISWS CLIMATE STATION","17-019-1001","AQS","18","."
"12/21/2005","63","PM2.5","ISWS CLIMATE STATION","17-019-1001","AQS","15","63"
"12/22/2005","19","Ozone","ISWS CLIMATE STATION","17-019-1001","AQS","19","."
"12/23/2005","21","Ozone","ISWS CLIMATE STATION","17-019-1001","AQS","21","."
"12/24/2005","65","PM2.5","ISWS CLIMATE STATION","17-019-1001","AQS","18","65"
"12/25/2005","23","Ozone","ISWS CLIMATE STATION","17-019-1001","AQS","23","."
"12/26/2005","21","Ozone","ISWS CLIMATE STATION","17-019-1001","AQS","21","."
"12/27/2005","51","PM2.5","ISWS CLIMATE STATION","17-019-1001","AQS","19","51"
"12/28/2005","8","Ozone","ISWS CLIMATE STATION","17-019-1001","AQS","8","."
"12/29/2005","13","Ozone","ISWS CLIMATE STATION","17-019-1001","AQS","13","."
"12/30/2005","56","PM2.5","ISWS CLIMATE STATION","17-019-1001","AQS","12","56"
"12/31/2005","12","Ozone","ISWS CLIMATE STATION","17-019-1001","AQS","12","."
