"Date","Overall AQI Value","Main Pollutant","Site Name (of Overall AQI)","Site ID (of Overall AQI)","Source (of Overall AQI)","Ozone","PM25"
"01/01/2007","22","Ozone","ISWS CLIMATE STATION","17-019-1001","AQS","22","."
"01/02/2007","21","Ozone","ISWS CLIMATE STATION","17-019-1001","AQS","21","."
"01/03/2007","42","PM2.5","ISWS CLIMATE STATION","17-019-1001","AQS","19","42"
"01/04/2007","21","Ozone","ISWS CLIMATE STATION","17-019-1001","AQS","21","."
"01/05/2007","16","Ozone","ISWS CLIMATE STATION","17-019-1001","AQS","16","."
"01/06/2007","54","PM2.5","BOOKER T. WASHINGTON ES","17-019-0004","AQS","23","54"
"01/07/2007","25","Ozone","ISWS CLIMATE STATION","17-019-1001","AQS","25","."
"01/08/2007","25","Ozone","ISWS CLIMATE STATION","17-019-1001","AQS","25","."
"01/09/2007","27","Ozone","ISWS CLIMATE STATION","17-019-1001","AQS","27","19"
"01/10/2007","20","Ozone","ISWS CLIMATE STATION","17-019-1001","AQS","20","."
"01/11/2007","20","Ozone","ISWS CLIMATE STATION","17-019-1001","AQS","20","."
"01/12/2007","34","PM2.5","BOOKER T. WASHINGTON ES","17-019-0004","AQS","20","34"
"01/13/2007","19","Ozone","ISWS CLIMATE STATION","17-019-1001","AQS","19","."
"01/14/2007","9","Ozone","ISWS CLIMATE STATION","17-019-1001","AQS","9","."
"01/15/2007","23","Ozone","ISWS CLIMATE STATION","17-019-1001","AQS","23","17"
"01/16/2007","23","Ozone","ISWS CLIMATE STATION","17-019-1001","AQS","23","."
"01/17/2007","21","Ozone","ISWS CLIMATE STATION","17-019-1001","AQS","21","."
"01/18/2007","56","PM2.5","BOOKER T. WASHINGTON ES","17-019-0004","AQS","26","56"
"01/19/2007","28","Ozone","ISWS CLIMATE STATION","17-019-1001","AQS","28","."
"01/20/2007","25","Ozone","ISWS CLIMATE STATION","17-019-1001","AQS","25","."
"01/21/2007","42","PM2.5","ISWS CLIMATE STATION","17-019-1001","AQS","19","42"
"01/22/2007","29","Ozone","ISWS CLIMATE STATION","17-019-1001","AQS","29","."
"01/23/2007","27","Ozone","ISWS CLIMATE STATION","17-019-1001","AQS","27","."
"01/24/2007","95","PM2.5","BOOKER T. WASHINGTON ES","17-019-0004","AQS","22","95"
"01/25/2007","28","Ozone","ISWS CLIMATE STATION","17-019-1001","AQS","28","."
"01/26/2007","24","Ozone","ISWS CLIMATE STATION","17-019-1001","AQS","24","."
"01/27/2007","39","PM2.5","ISWS CLIMATE STATION","17-019-1001","AQS","30","39"
"01/28/2007","24","Ozone","ISWS CLIMATE STATION","17-019-1001","AQS","24","."
"01/29/2007","26","Ozone","ISWS CLIMATE STATION","17-019-1001","AQS","26","."
"01/30/2007","29","PM2.5","BOOKER T. WASHINGTON ES","17-019-0004","AQS","23","29"
"01/31/2007","24","Ozone","ISWS CLIMATE STATION","17-019-1001","AQS","24","."
"02/01/2007","19","Ozone","ISWS CLIMATE STATION","17-019-1001","AQS","19","."
"02/02/2007","29","PM2.5","ISWS CLIMATE STATION","17-019-1001","AQS","27","29"
"02/03/2007","30","Ozone","ISWS CLIMATE STATION","17-019-1001","AQS","30","."
"02/04/2007","30","Ozone","ISWS CLIMATE STATION","17-019-1001","AQS","30","."
"02/05/2007","28","PM2.5","BOOKER T. WASHINGTON ES","17-019-0004","AQS","27","28"
"02/06/2007","17","Ozone","ISWS CLIMATE STATION","17-019-1001","AQS","17","."
"02/07/2007","28","Ozone","ISWS CLIMATE STATION","17-019-1001","AQS","28","."
"02/08/2007","33","PM2.5","ISWS CLIMATE STATION","17-019-1001","AQS","30","33"
"02/09/2007","30","Ozone","ISWS CLIMATE STATION","17-019-1001","AQS","30","."
"02/10/2007","31","Ozone","ISWS CLIMATE STATION","17-019-1001","AQS","31","."
"02/11/2007","67","PM2.5","ISWS CLIMATE STATION","17-019-1001","AQS","25","67"
"02/12/2007","18","Ozone","ISWS CLIMATE STATION","17-019-1001","AQS","18","."
"02/13/2007","31","Ozone","ISWS CLIMATE STATION","17-019-1001","AQS","31","."
"02/14/2007","31","Ozone","ISWS CLIMATE STATION","17-019-1001","AQS","31","27"
"02/15/2007","31","Ozone","ISWS CLIMATE STATION","17-019-1001","AQS","31","."
"02/16/2007","32","Ozone","ISWS CLIMATE STATION","17-019-1001","AQS","32","."
"02/17/2007","66","PM2.5","ISWS CLIMATE STATION","17-019-1001","AQS","41","66"
"02/18/2007","37","Ozone","ISWS CLIMATE STATION","17-019-1001","AQS","37","."
"02/19/2007","42","Ozone","ISWS CLIMATE STATION","17-019-1001","AQS","42","."
"02/20/2007","68","PM2.5","ISWS CLIMATE STATION","17-019-1001","AQS","31","68"
"02/21/2007","31","Ozone","ISWS CLIMATE STATION","17-019-1001","AQS","31","."
"02/22/2007","34","Ozone","ISWS CLIMATE STATION","17-019-1001","AQS","34","."
"02/23/2007","71","PM2.5","ISWS CLIMATE STATION","17-019-1001","AQS","33","71"
"02/24/2007","34","Ozone","ISWS CLIMATE STATION","17-019-1001","AQS","34","."
"02/25/2007","37","Ozone","ISWS CLIMATE STATION","17-019-1001","AQS","37","."
"02/26/2007","36","Ozone","ISWS CLIMATE STATION","17-019-1001","AQS","36","25"
"02/27/2007","34","Ozone","ISWS CLIMATE STATION","17-019-1001","AQS","34","."
"02/28/2007","29","Ozone","ISWS CLIMATE STATION","17-019-1001","AQS","29","."
"03/01/2007","55","PM2.5","ISWS CLIMATE STATION","17-019-1001","AQS","38","55"
"03/02/2007","37","Ozone","ISWS CLIMATE STATION","17-019-1001","AQS","37","."
"03/03/2007","35","Ozone","ISWS CLIMATE STATION","17-019-1001","AQS","35","."
"03/04/2007","37","Ozone","ISWS CLIMATE STATION","17-019-1001","AQS","37","36"
"03/05/2007","39","Ozone","ISWS CLIMATE STATION","17-019-1001","AQS","39","."
"03/06/2007","31","Ozone","ISWS CLIMATE STATION","17-019-1001","AQS","31","."
"03/07/2007","51","PM2.5","ISWS CLIMATE STATION","17-019-1001","AQS","30","51"
"03/08/2007","33","Ozone","ISWS CLIMATE STATION","17-019-1001","AQS","33","."
"03/09/2007","39","Ozone","ISWS CLIMATE STATION","17-019-1001","AQS","39","."
"03/10/2007","70","PM2.5","ISWS CLIMATE STATION","17-019-1001","AQS","40","70"
"03/11/2007","42","Ozone","ISWS CLIMATE STATION","17-019-1001","AQS","42","."
"03/12/2007","41","Ozone","ISWS CLIMATE STATION","17-019-1001","AQS","41","."
"03/13/2007","66","PM2.5","ISWS CLIMATE STATION","17-019-1001","AQS","46","66"
"03/14/2007","42","Ozone","ISWS CLIMATE STATION","17-019-1001","AQS","42","."
"03/15/2007","35","Ozone","ISWS CLIMATE STATION","17-019-1001","AQS","35","."
"03/16/2007","52","PM2.5","ISWS CLIMATE STATION","17-019-1001","AQS","27","52"
"03/17/2007","36","Ozone","ISWS CLIMATE STATION","17-019-1001","AQS","36","."
"03/18/2007","40","Ozone","ISWS CLIMATE STATION","17-019-1001","AQS","40","."
"03/19/2007","58","PM2.5","ISWS CLIMATE STATION","17-019-1001","AQS","37","58"
"03/20/2007","38","Ozone","ISWS CLIMATE STATION","17-019-1001","AQS","38","."
"03/21/2007","47","Ozone","ISWS CLIMATE STATION","17-019-1001","AQS","47","."
"03/22/2007","31","Ozone","ISWS CLIMATE STATION","17-019-1001","AQS","31","30"
"03/23/2007","23","Ozone","ISWS CLIMATE STATION","17-019-1001","AQS","23","."
"03/24/2007","32","Ozone","ISWS CLIMATE STATION","17-019-1001","AQS","32","."
"03/25/2007","44","PM2.5","ISWS CLIMATE STATION","17-019-1001","AQS","38","44"
"03/26/2007","39","Ozone","ISWS CLIMATE STATION","17-019-1001","AQS","39","."
"03/27/2007","44","Ozone","BOOKER T. WASHINGTON ES","17-019-0004","AQS","44","."
"03/28/2007","56","PM2.5","ISWS CLIMATE STATION","17-019-1001","AQS","31","56"
"03/29/2007","32","Ozone","ISWS CLIMATE STATION","17-019-1001","AQS","32","."
"03/30/2007","18","Ozone","BOOKER T. WASHINGTON ES","17-019-0004","AQS","18","."
"03/31/2007","62","PM2.5","ISWS CLIMATE STATION","17-019-1001","AQS","35","62"
"04/01/2007","44","Ozone","BOOKER T. WASHINGTON ES","17-019-0004","AQS","44","."
"04/02/2007","50","Ozone","ISWS CLIMATE STATION","17-019-1001","AQS","50","."
"04/03/2007","36","Ozone","ISWS CLIMATE STATION","17-019-1001","AQS","36","34"
"04/04/2007","30","Ozone","ISWS CLIMATE STATION","17-019-1001","AQS","30","."
"04/05/2007","37","Ozone","ISWS CLIMATE STATION","17-019-1001","AQS","37","."
"04/06/2007","35","Ozone","ISWS CLIMATE STATION","17-019-1001","AQS","35","22"
"04/07/2007","31","Ozone","ISWS CLIMATE STATION","17-019-1001","AQS","31","."
"04/08/2007","32","Ozone","ISWS CLIMATE STATION","17-019-1001","AQS","32","."
"04/09/2007","45","PM2.5","ISWS CLIMATE STATION","17-019-1001","AQS","40","45"
"04/10/2007","46","Ozone","ISWS CLIMATE STATION","17-019-1001","AQS","46","."
"04/11/2007","37","Ozone","ISWS CLIMATE STATION","17-019-1001","AQS","37","."
"04/12/2007","34","Ozone","ISWS CLIMATE STATION","17-019-1001","AQS","34","26"
"04/13/2007","47","Ozone","ISWS CLIMATE STATION","17-019-1001","AQS","47","."
"04/14/2007","40","Ozone","ISWS CLIMATE STATION","17-019-1001","AQS","40","."
"04/15/2007","48","Ozone","ISWS CLIMATE STATION","17-019-1001","AQS","48","35"
"04/16/2007","54","Ozone","ISWS CLIMATE STATION","17-019-1001","AQS","54","."
"04/17/2007","90","Ozone","ISWS CLIMATE STATION","17-019-1001","AQS","90","."
"04/18/2007","43","Ozone","ISWS CLIMATE STATION","17-019-1001","AQS","43","32"
"04/19/2007","34","Ozone","ISWS CLIMATE STATION","17-019-1001","AQS","34","."
"04/20/2007","58","Ozone","ISWS CLIMATE STATION","17-019-1001","AQS","58","."
"04/21/2007","90","Ozone","ISWS CLIMATE STATION","17-019-1001","AQS","90","57"
"04/22/2007","100","Ozone","ISWS CLIMATE STATION","17-019-1001","AQS","100","."
"04/23/2007","47","Ozone","ISWS CLIMATE STATION","17-019-1001","AQS","47","."
"04/24/2007","58","Ozone","ISWS CLIMATE STATION","17-019-1001","AQS","58","45"
"04/25/2007","32","Ozone","ISWS CLIMATE STATION","17-019-1001","AQS","32","."
"04/26/2007","43","Ozone","ISWS CLIMATE STATION","17-019-1001","AQS","43","."
"04/27/2007","46","Ozone","ISWS CLIMATE STATION","17-019-1001","AQS","46","27"
"04/28/2007","48","Ozone","ISWS CLIMATE STATION","17-019-1001","AQS","48","."
"04/29/2007","67","Ozone","ISWS CLIMATE STATION","17-019-1001","AQS","67","."
"04/30/2007","90","Ozone","ISWS CLIMATE STATION","17-019-1001","AQS","90","38"
"05/01/2007","58","Ozone","ISWS CLIMATE STATION","17-019-1001","AQS","58","."
"05/02/2007","44","Ozone","ISWS CLIMATE STATION","17-019-1001","AQS","44","."
"05/03/2007","43","PM2.5","ISWS CLIMATE STATION","17-019-1001","AQS","36","43"
"05/04/2007","28","Ozone","ISWS CLIMATE STATION","17-019-1001","AQS","28","."
"05/05/2007","49","Ozone","ISWS CLIMATE STATION","17-019-1001","AQS","49","."
"05/06/2007","49","Ozone","ISWS CLIMATE STATION","17-019-1001","AQS","49","31"
"05/07/2007","61","Ozone","ISWS CLIMATE STATION","17-019-1001","AQS","61","."
"05/08/2007","58","Ozone","ISWS CLIMATE STATION","17-019-1001","AQS","58","."
"05/09/2007","74","Ozone","ISWS CLIMATE STATION","17-019-1001","AQS","74","31"
"05/10/2007","90","Ozone","ISWS CLIMATE STATION","17-019-1001","AQS","90","."
"05/11/2007","126","Ozone","ISWS CLIMATE STATION","17-019-1001","AQS","126","."
"05/12/2007","51","Ozone","ISWS CLIMATE STATION","17-019-1001","AQS","51","35"
"05/13/2007","58","Ozone","ISWS CLIMATE STATION","17-019-1001","AQS","58","."
"05/14/2007","90","Ozone","ISWS CLIMATE STATION","17-019-1001","AQS","90","."
"05/15/2007","80","Ozone","ISWS CLIMATE STATION","17-019-1001","AQS","80","51"
"05/16/2007","44","Ozone","ISWS CLIMATE STATION","17-019-1001","AQS","44","."
"05/17/2007","39","Ozone","ISWS CLIMATE STATION","17-019-1001","AQS","39","."
"05/18/2007","54","Ozone","ISWS CLIMATE STATION","17-019-1001","AQS","54","28"
"05/19/2007","84","Ozone","ISWS CLIMATE STATION","17-019-1001","AQS","84","."
"05/20/2007","105","Ozone","ISWS CLIMATE STATION","17-019-1001","AQS","105","."
"05/21/2007","115","Ozone","ISWS CLIMATE STATION","17-019-1001","AQS","115","48"
"05/22/2007","119","Ozone","ISWS CLIMATE STATION","17-019-1001","AQS","119","."
"05/23/2007","101","Ozone","ISWS CLIMATE STATION","17-019-1001","AQS","101","."
"05/24/2007","97","PM2.5","BOOKER T. WASHINGTON ES","17-019-0004","AQS","74","97"
"05/25/2007","32","Ozone","ISWS CLIMATE STATION","17-019-1001","AQS","32","."
"05/26/2007","49","Ozone","ISWS CLIMATE STATION","17-019-1001","AQS","49","."
"05/27/2007","52","PM2.5","ISWS CLIMATE STATION","17-019-1001","AQS","44","52"
"05/28/2007","54","Ozone","ISWS CLIMATE STATION","17-019-1001","AQS","54","."
"05/29/2007","101","Ozone","ISWS CLIMATE STATION","17-019-1001","AQS","101","."
"05/30/2007","95","PM2.5","ISWS CLIMATE STATION","17-019-1001","AQS","71","95"
"05/31/2007","43","Ozone","ISWS CLIMATE STATION","17-019-1001","AQS","43","."
"06/01/2007","61","Ozone","ISWS CLIMATE STATION","17-019-1001","AQS","61","."
"06/02/2007","51","Ozone","ISWS CLIMATE STATION","17-019-1001","AQS","51","31"
"06/03/2007","44","Ozone","ISWS CLIMATE STATION","17-019-1001","AQS","44","."
"06/04/2007","40","Ozone","ISWS CLIMATE STATION","17-019-1001","AQS","40","."
"06/05/2007","41","Ozone","ISWS CLIMATE STATION","17-019-1001","AQS","41","27"
"06/06/2007","64","Ozone","ISWS CLIMATE STATION","17-019-1001","AQS","64","."
"06/07/2007","64","Ozone","ISWS CLIMATE STATION","17-019-1001","AQS","64","."
"06/08/2007","45","PM2.5","ISWS CLIMATE STATION","17-019-1001","AQS","44","45"
"06/09/2007","80","Ozone","ISWS CLIMATE STATION","17-019-1001","AQS","80","."
"06/10/2007","90","Ozone","ISWS CLIMATE STATION","17-019-1001","AQS","90","."
"06/11/2007","108","Ozone","ISWS CLIMATE STATION","17-019-1001","AQS","108","54"
"06/12/2007","126","Ozone","ISWS CLIMATE STATION","17-019-1001","AQS","126","."
"06/13/2007","93","Ozone","ISWS CLIMATE STATION","17-019-1001","AQS","93","."
"06/14/2007","101","Ozone","ISWS CLIMATE STATION","17-019-1001","AQS","101","."
"06/15/2007","71","Ozone","ISWS CLIMATE STATION","17-019-1001","AQS","71","."
"06/16/2007","126","Ozone","ISWS CLIMATE STATION","17-019-1001","AQS","126","."
"06/17/2007","119","Ozone","ISWS CLIMATE STATION","17-019-1001","AQS","119","97"
"06/18/2007","64","Ozone","ISWS CLIMATE STATION","17-019-1001","AQS","64","."
"06/19/2007","47","Ozone","ISWS CLIMATE STATION","17-019-1001","AQS","47","."
"06/20/2007","64","Ozone","ISWS CLIMATE STATION","17-019-1001","AQS","64","."
"06/21/2007","67","Ozone","ISWS CLIMATE STATION","17-019-1001","AQS","67","."
"06/22/2007","50","Ozone","ISWS CLIMATE STATION","17-019-1001","AQS","50","."
"06/23/2007","52","PM2.5","ISWS CLIMATE STATION","17-019-1001","AQS","40","52"
"06/24/2007","42","Ozone","ISWS CLIMATE STATION","17-019-1001","AQS","42","."
"06/25/2007","44","Ozone","ISWS CLIMATE STATION","17-019-1001","AQS","44","."
"06/26/2007","54","PM2.5","ISWS CLIMATE STATION","17-019-1001","AQS","34","54"
"06/27/2007","34","Ozone","ISWS CLIMATE STATION","17-019-1001","AQS","34","."
"06/28/2007","23","Ozone","ISWS CLIMATE STATION","17-019-1001","AQS","23","."
"06/29/2007","38","Ozone","ISWS CLIMATE STATION","17-019-1001","AQS","38","35"
"06/30/2007","48","Ozone","ISWS CLIMATE STATION","17-019-1001","AQS","48","."
"07/01/2007","50","Ozone","ISWS CLIMATE STATION","17-019-1001","AQS","50","."
"07/02/2007","48","Ozone","ISWS CLIMATE STATION","17-019-1001","AQS","48","33"
"07/03/2007","67","Ozone","ISWS CLIMATE STATION","17-019-1001","AQS","67","."
"07/04/2007","40","Ozone","BOOKER T. WASHINGTON ES","17-019-0004","AQS","40","."
"07/05/2007","46","PM2.5","BOOKER T. WASHINGTON ES","17-019-0004","AQS","42","46"
"07/06/2007","50","Ozone","ISWS CLIMATE STATION","17-019-1001","AQS","50","."
"07/07/2007","67","Ozone","ISWS CLIMATE STATION","17-019-1001","AQS","67","."
"07/08/2007","56","PM2.5","ISWS CLIMATE STATION","17-019-1001","AQS","49","56"
"07/09/2007","45","Ozone","ISWS CLIMATE STATION","17-019-1001","AQS","45","."
"07/10/2007","40","Ozone","ISWS CLIMATE STATION","17-019-1001","AQS","40","."
"07/11/2007","35","Ozone","ISWS CLIMATE STATION","17-019-1001","AQS","35","17"
"07/12/2007","39","Ozone","ISWS CLIMATE STATION","17-019-1001","AQS","39","."
"07/13/2007","43","Ozone","ISWS CLIMATE STATION","17-019-1001","AQS","43","."
"07/14/2007","47","Ozone","ISWS CLIMATE STATION","17-019-1001","AQS","47","26"
"07/15/2007","38","Ozone","ISWS CLIMATE STATION","17-019-1001","AQS","38","."
"07/16/2007","40","Ozone","BOOKER T. WASHINGTON ES","17-019-0004","AQS","40","."
"07/17/2007","39","Ozone","ISWS CLIMATE STATION","17-019-1001","AQS","39","25"
"07/18/2007","38","Ozone","ISWS CLIMATE STATION","17-019-1001","AQS","38","."
"07/19/2007","43","Ozone","ISWS CLIMATE STATION","17-019-1001","AQS","43","."
"07/20/2007","33","Ozone","ISWS CLIMATE STATION","17-019-1001","AQS","33","21"
"07/21/2007","42","Ozone","ISWS CLIMATE STATION","17-019-1001","AQS","42","."
"07/22/2007","41","Ozone","ISWS CLIMATE STATION","17-019-1001","AQS","41","."
"07/23/2007","54","Ozone","ISWS CLIMATE STATION","17-019-1001","AQS","54","46"
"07/24/2007","80","Ozone","ISWS CLIMATE STATION","17-019-1001","AQS","80","."
"07/25/2007","97","Ozone","ISWS CLIMATE STATION","17-019-1001","AQS","97","."
"07/26/2007","88","PM2.5","ISWS CLIMATE STATION","17-019-1001","AQS","54","88"
"07/27/2007","36","Ozone","ISWS CLIMATE STATION","17-019-1001","AQS","36","."
"07/28/2007","44","Ozone","ISWS CLIMATE STATION","17-019-1001","AQS","44","."
"07/29/2007","60","PM2.5","ISWS CLIMATE STATION","17-019-1001","AQS","44","60"
"07/30/2007","46","Ozone","ISWS CLIMATE STATION","17-019-1001","AQS","46","."
"07/31/2007","58","Ozone","ISWS CLIMATE STATION","17-019-1001","AQS","58","."
"08/01/2007","84","Ozone","ISWS CLIMATE STATION","17-019-1001","AQS","84","75"
"08/02/2007","80","Ozone","BOOKER T. WASHINGTON ES","17-019-0004","AQS","80","."
"08/03/2007","61","Ozone","ISWS CLIMATE STATION","17-019-1001","AQS","61","."
"08/04/2007","52","PM2.5","ISWS CLIMATE STATION","17-019-1001","AQS","48","52"
"08/05/2007","42","Ozone","BOOKER T. WASHINGTON ES","17-019-0004","AQS","42","."
"08/06/2007","40","Ozone","ISWS CLIMATE STATION","17-019-1001","AQS","40","."
"08/07/2007","56","PM2.5","ISWS CLIMATE STATION","17-019-1001","AQS","43","56"
"08/08/2007","51","Ozone","ISWS CLIMATE STATION","17-019-1001","AQS","51","."
"08/09/2007","47","Ozone","ISWS CLIMATE STATION","17-019-1001","AQS","47","."
"08/10/2007","47","Ozone","ISWS CLIMATE STATION","17-019-1001","AQS","47","44"
"08/11/2007","51","Ozone","ISWS CLIMATE STATION","17-019-1001","AQS","51","."
"08/12/2007","74","Ozone","ISWS CLIMATE STATION","17-019-1001","AQS","74","."
"08/13/2007","54","Ozone","ISWS CLIMATE STATION","17-019-1001","AQS","54","50"
"08/14/2007","51","Ozone","ISWS CLIMATE STATION","17-019-1001","AQS","51","."
"08/15/2007","48","Ozone","BOOKER T. WASHINGTON ES","17-019-0004","AQS","48","."
"08/16/2007","70","PM2.5","BOOKER T. WASHINGTON ES","17-019-0004","AQS","28","70"
"08/17/2007","37","Ozone","ISWS CLIMATE STATION","17-019-1001","AQS","37","."
"08/18/2007","34","Ozone","ISWS CLIMATE STATION","17-019-1001","AQS","34","."
"08/19/2007","54","PM2.5","ISWS CLIMATE STATION","17-019-1001","AQS","39","54"
"08/20/2007","27","Ozone","ISWS CLIMATE STATION","17-019-1001","AQS","27","."
"08/21/2007","47","Ozone","ISWS CLIMATE STATION","17-019-1001","AQS","47","."
"08/22/2007","57","PM2.5","BOOKER T. WASHINGTON ES","17-019-0004","AQS","48","57"
"08/23/2007","49","Ozone","ISWS CLIMATE STATION","17-019-1001","AQS","49","."
"08/24/2007","40","Ozone","ISWS CLIMATE STATION","17-019-1001","AQS","40","."
"08/25/2007","34","Ozone","ISWS CLIMATE STATION","17-019-1001","AQS","34","25"
"08/26/2007","41","Ozone","ISWS CLIMATE STATION","17-019-1001","AQS","41","."
"08/27/2007","54","Ozone","ISWS CLIMATE STATION","17-019-1001","AQS","54","."
"08/28/2007","100","Ozone","ISWS CLIMATE STATION","17-019-1001","AQS","100","69"
"08/29/2007","80","Ozone","ISWS CLIMATE STATION","17-019-1001","AQS","80","."
"08/30/2007","42","Ozone","ISWS CLIMATE STATION","17-019-1001","AQS","42","."
"08/31/2007","42","Ozone","ISWS CLIMATE STATION","17-019-1001","AQS","42","23"
"09/01/2007","46","Ozone","ISWS CLIMATE STATION","17-019-1001","AQS","46","."
"09/02/2007","108","Ozone","ISWS CLIMATE STATION","17-019-1001","AQS","108","."
"09/03/2007","80","Ozone","ISWS CLIMATE STATION","17-019-1001","AQS","80","63"
"09/04/2007","122","Ozone","ISWS CLIMATE STATION","17-019-1001","AQS","122","."
"09/05/2007","64","Ozone","ISWS CLIMATE STATION","17-019-1001","AQS","64","."
"09/06/2007","64","PM2.5","ISWS CLIMATE STATION","17-019-1001","AQS","41","64"
"09/07/2007","43","Ozone","ISWS CLIMATE STATION","17-019-1001","AQS","43","."
"09/08/2007","20","Ozone","ISWS CLIMATE STATION","17-019-1001","AQS","20","."
"09/09/2007","49","Ozone","ISWS CLIMATE STATION","17-019-1001","AQS","49","34"
"09/10/2007","46","Ozone","ISWS CLIMATE STATION","17-019-1001","AQS","46","."
"09/11/2007","33","Ozone","ISWS CLIMATE STATION","17-019-1001","AQS","33","."
"09/12/2007","37","Ozone","ISWS CLIMATE STATION","17-019-1001","AQS","37","14"
"09/13/2007","67","Ozone","ISWS CLIMATE STATION","17-019-1001","AQS","67","."
"09/14/2007","28","Ozone","BOOKER T. WASHINGTON ES","17-019-0004","AQS","28","."
"09/15/2007","34","Ozone","ISWS CLIMATE STATION","17-019-1001","AQS","34","15"
"09/16/2007","44","Ozone","ISWS CLIMATE STATION","17-019-1001","AQS","44","."
"09/17/2007","61","Ozone","ISWS CLIMATE STATION","17-019-1001","AQS","61","."
"09/18/2007","69","PM2.5","ISWS CLIMATE STATION","17-019-1001","AQS","58","69"
"09/19/2007","80","Ozone","ISWS CLIMATE STATION","17-019-1001","AQS","80","."
"09/20/2007","97","Ozone","ISWS CLIMATE STATION","17-019-1001","AQS","97","."
"09/21/2007","140","Ozone","ISWS CLIMATE STATION","17-019-1001","AQS","140","95"
"09/22/2007","47","Ozone","ISWS CLIMATE STATION","17-019-1001","AQS","47","."
"09/23/2007","74","Ozone","ISWS CLIMATE STATION","17-019-1001","AQS","74","."
"09/24/2007","53","PM2.5","ISWS CLIMATE STATION","17-019-1001","AQS","33","53"
"09/25/2007","30","Ozone","ISWS CLIMATE STATION","17-019-1001","AQS","30","."
"09/26/2007","11","Ozone","ISWS CLIMATE STATION","17-019-1001","AQS","11","."
"09/27/2007","45","Ozone","ISWS CLIMATE STATION","17-019-1001","AQS","45","24"
"09/28/2007","46","Ozone","ISWS CLIMATE STATION","17-019-1001","AQS","46","."
"09/29/2007","77","Ozone","ISWS CLIMATE STATION","17-019-1001","AQS","77","."
"09/30/2007","77","Ozone","ISWS CLIMATE STATION","17-019-1001","AQS","77","54"
"10/01/2007","28","Ozone","BOOKER T. WASHINGTON ES","17-019-0004","AQS","28","."
"10/02/2007","47","Ozone","ISWS CLIMATE STATION","17-019-1001","AQS","47","."
"10/03/2007","43","Ozone","ISWS CLIMATE STATION","17-019-1001","AQS","43","28"
"10/04/2007","64","Ozone","ISWS CLIMATE STATION","17-019-1001","AQS","64","."
"10/05/2007","31","Ozone","BOOKER T. WASHINGTON ES","17-019-0004","AQS","31","."
"10/06/2007","48","PM2.5","ISWS CLIMATE STATION","17-019-1001","AQS","32","48"
"10/07/2007","46","Ozone","ISWS CLIMATE STATION","17-019-1001","AQS","46","."
"10/08/2007","40","Ozone","ISWS CLIMATE STATION","17-019-1001","AQS","40","."
"10/09/2007","27","Ozone","BOOKER T. WASHINGTON ES","17-019-0004","AQS","27","17"
"10/10/2007","18","Ozone","BOOKER T. WASHINGTON ES","17-019-0004","AQS","18","."
"10/11/2007","13","Ozone","BOOKER T. WASHINGTON ES","17-019-0004","AQS","13","."
"10/12/2007","25","PM2.5","ISWS CLIMATE STATION","17-019-1001","AQS","24","25"
"10/13/2007","20","Ozone","ISWS CLIMATE STATION","17-019-1001","AQS","20","."
"10/14/2007","46","Ozone","ISWS CLIMATE STATION","17-019-1001","AQS","46","."
"10/15/2007","54","PM2.5","BOOKER T. WASHINGTON ES","17-019-0004","AQS","50","54"
"10/16/2007","29","Ozone","ISWS CLIMATE STATION","17-019-1001","AQS","29","."
"10/17/2007","28","Ozone","ISWS CLIMATE STATION","17-019-1001","AQS","28","."
"10/18/2007","37","Ozone","ISWS CLIMATE STATION","17-019-1001","AQS","37","24"
"10/19/2007","24","Ozone","ISWS CLIMATE STATION","17-019-1001","AQS","24","."
"10/20/2007","42","Ozone","ISWS CLIMATE STATION","17-019-1001","AQS","42","."
"10/21/2007","58","Ozone","ISWS CLIMATE STATION","17-019-1001","AQS","58","28"
"10/22/2007","21","Ozone","ISWS CLIMATE STATION","17-019-1001","AQS","21","."
"10/23/2007","20","Ozone","ISWS CLIMATE STATION","17-019-1001","AQS","20","."
"10/24/2007","23","Ozone","ISWS CLIMATE STATION","17-019-1001","AQS","23","14"
"10/25/2007","21","Ozone","ISWS CLIMATE STATION","17-019-1001","AQS","21","."
"10/26/2007","11","Ozone","ISWS CLIMATE STATION","17-019-1001","AQS","11","."
"10/27/2007","56","PM2.5","BOOKER T. WASHINGTON ES","17-019-0004","AQS","22","56"
"10/28/2007","37","Ozone","ISWS CLIMATE STATION","17-019-1001","AQS","37","."
"10/29/2007","32","Ozone","ISWS CLIMATE STATION","17-019-1001","AQS","32","."
"10/30/2007","46","PM2.5","ISWS CLIMATE STATION","17-019-1001","AQS","37","46"
"10/31/2007","35","Ozone","ISWS CLIMATE STATION","17-019-1001","AQS","35","."
"11/01/2007","31","Ozone","ISWS CLIMATE STATION","17-019-1001","AQS","31","."
"11/02/2007","42","PM2.5","BOOKER T. WASHINGTON ES","17-019-0004","AQS","25","42"
"11/03/2007","30","Ozone","ISWS CLIMATE STATION","17-019-1001","AQS","30","."
"11/04/2007","31","Ozone","ISWS CLIMATE STATION","17-019-1001","AQS","31","."
"11/05/2007","28","Ozone","ISWS CLIMATE STATION","17-019-1001","AQS","28","25"
"11/06/2007","19","Ozone","ISWS CLIMATE STATION","17-019-1001","AQS","19","."
"11/07/2007","21","Ozone","ISWS CLIMATE STATION","17-019-1001","AQS","21","."
"11/08/2007","38","PM2.5","ISWS CLIMATE STATION","17-019-1001","AQS","24","38"
"11/09/2007","20","Ozone","ISWS CLIMATE STATION","17-019-1001","AQS","20","."
"11/10/2007","22","Ozone","BOOKER T. WASHINGTON ES","17-019-0004","AQS","22","."
"11/11/2007","58","PM2.5","ISWS CLIMATE STATION","17-019-1001","AQS","27","58"
"11/12/2007","19","Ozone","ISWS CLIMATE STATION","17-019-1001","AQS","19","."
"11/13/2007","21","Ozone","BOOKER T. WASHINGTON ES","17-019-0004","AQS","21","."
"11/14/2007","39","PM2.5","BOOKER T. WASHINGTON ES","17-019-0004","AQS","19","39"
"11/15/2007","20","Ozone","BOOKER T. WASHINGTON ES","17-019-0004","AQS","20","."
"11/16/2007","17","Ozone","BOOKER T. WASHINGTON ES","17-019-0004","AQS","17","."
"11/17/2007","47","PM2.5","ISWS CLIMATE STATION","17-019-1001","AQS","18","47"
"11/18/2007","13","Ozone","ISWS CLIMATE STATION","17-019-1001","AQS","13","."
"11/19/2007","24","Ozone","ISWS CLIMATE STATION","17-019-1001","AQS","24","."
"11/20/2007","60","PM2.5","ISWS CLIMATE STATION","17-019-1001","AQS","23","60"
"11/21/2007","19","Ozone","ISWS CLIMATE STATION","17-019-1001","AQS","19","."
"11/22/2007","24","Ozone","BOOKER T. WASHINGTON ES","17-019-0004","AQS","24","."
"11/23/2007","23","PM2.5","ISWS CLIMATE STATION","17-019-1001","AQS","22","23"
"11/24/2007","21","Ozone","ISWS CLIMATE STATION","17-019-1001","AQS","21","."
"11/25/2007","13","Ozone","ISWS CLIMATE STATION","17-019-1001","AQS","13","."
"11/26/2007","63","PM2.5","BOOKER T. WASHINGTON ES","17-019-0004","AQS","14","63"
"11/27/2007","16","Ozone","BOOKER T. WASHINGTON ES","17-019-0004","AQS","16","."
"11/28/2007","20","Ozone","BOOKER T. WASHINGTON ES","17-019-0004","AQS","20","."
"11/29/2007","23","PM2.5","ISWS CLIMATE STATION","17-019-1001","AQS","19","23"
"11/30/2007","24","Ozone","ISWS CLIMATE STATION","17-019-1001","AQS","24","."
"12/01/2007","19","Ozone","BOOKER T. WASHINGTON ES","17-019-0004","AQS","19","."
"12/02/2007","52","PM2.5","BOOKER T. WASHINGTON ES","17-019-0004","AQS","26","52"
"12/03/2007","22","Ozone","ISWS CLIMATE STATION","17-019-1001","AQS","22","."
"12/04/2007","15","Ozone","ISWS CLIMATE STATION","17-019-1001","AQS","15","."
"12/05/2007","32","PM2.5","ISWS CLIMATE STATION","17-019-1001","AQS","29","32"
"12/06/2007","23","Ozone","ISWS CLIMATE STATION","17-019-1001","AQS","23","."
"12/07/2007","19","Ozone","ISWS CLIMATE STATION","17-019-1001","AQS","19","."
"12/08/2007","65","PM2.5","BOOKER T. WASHINGTON ES","17-019-0004","AQS","25","65"
"12/09/2007","19","Ozone","BOOKER T. WASHINGTON ES","17-019-0004","AQS","19","."
"12/10/2007","14","Ozone","ISWS CLIMATE STATION","17-019-1001","AQS","14","."
"12/11/2007","37","PM2.5","ISWS CLIMATE STATION","17-019-1001","AQS","15","37"
"12/12/2007","19","Ozone","ISWS CLIMATE STATION","17-019-1001","AQS","19","."
"12/13/2007","29","Ozone","ISWS CLIMATE STATION","17-019-1001","AQS","29","."
"12/14/2007","59","PM2.5","ISWS CLIMATE STATION","17-019-1001","AQS","22","59"
"12/15/2007","21","Ozone","ISWS CLIMATE STATION","17-019-1001","AQS","21","."
"12/16/2007","31","Ozone","ISWS CLIMATE STATION","17-019-1001","AQS","31","."
"12/17/2007","60","PM2.5","ISWS CLIMATE STATION","17-019-1001","AQS","31","60"
"12/18/2007","24","Ozone","ISWS CLIMATE STATION","17-019-1001","AQS","24","."
"12/19/2007","25","Ozone","ISWS CLIMATE STATION","17-019-1001","AQS","25","."
"12/20/2007","88","PM2.5","BOOKER T. WASHINGTON ES","17-019-0004","AQS","17","88"
"12/21/2007","10","Ozone","ISWS CLIMATE STATION","17-019-1001","AQS","10","."
"12/22/2007","22","Ozone","ISWS CLIMATE STATION","17-019-1001","AQS","22","."
"12/23/2007","25","Ozone","ISWS CLIMATE STATION","17-019-1001","AQS","25","21"
"12/24/2007","19","Ozone","BOOKER T. WASHINGTON ES","17-019-0004","AQS","19","."
"12/25/2007","25","Ozone","BOOKER T. WASHINGTON ES","17-019-0004","AQS","25","."
"12/26/2007","46","PM2.5","ISWS CLIMATE STATION","17-019-1001","AQS","24","46"
"12/27/2007","20","Ozone","ISWS CLIMATE STATION","17-019-1001","AQS","20","."
"12/28/2007","23","Ozone","ISWS CLIMATE STATION","17-019-1001","AQS","23","."
"12/29/2007","49","PM2.5","ISWS CLIMATE STATION","17-019-1001","AQS","25","49"
"12/30/2007","13","Ozone","BOOKER T. WASHINGTON ES","17-019-0004","AQS","13","."
"12/31/2007","19","Ozone","ISWS CLIMATE STATION","17-019-1001","AQS","19","."
