"Date","Overall AQI Value","Main Pollutant","Site Name (of Overall AQI)","Site ID (of Overall AQI)","Source (of Overall AQI)","Ozone","PM25"
"01/01/2004","35","PM2.5","ISWS CLIMATE STATION","17-019-1001","AQS","17","35"
"01/02/2004","13","Ozone","BOOKER T. WASHINGTON ES","17-019-0004","AQS","13","."
"01/03/2004","21","Ozone","BOOKER T. WASHINGTON ES","17-019-0004","AQS","21","."
"01/04/2004","25","Ozone","BOOKER T. WASHINGTON ES","17-019-0004","AQS","25","17"
"01/05/2004","20","Ozone","BOOKER T. WASHINGTON ES","17-019-0004","AQS","20","."
"01/06/2004","28","Ozone","BOOKER T. WASHINGTON ES","17-019-0004","AQS","28","."
"01/07/2004","21","PM2.5","ISWS CLIMATE STATION","17-019-1001","AQS","17","21"
"01/08/2004","18","Ozone","BOOKER T. WASHINGTON ES","17-019-0004","AQS","18","."
"01/09/2004","19","Ozone","BOOKER T. WASHINGTON ES","17-019-0004","AQS","19","."
"01/10/2004","47","PM2.5","","17-019-9901","AQS","20","47"
"01/11/2004","19","Ozone","BOOKER T. WASHINGTON ES","17-019-0004","AQS","19","."
"01/12/2004","13","Ozone","BOOKER T. WASHINGTON ES","17-019-0004","AQS","13","."
"01/13/2004","40","PM2.5","ISWS CLIMATE STATION","17-019-1001","AQS","17","40"
"01/14/2004","20","Ozone","BOOKER T. WASHINGTON ES","17-019-0004","AQS","20","."
"01/15/2004","23","Ozone","BOOKER T. WASHINGTON ES","17-019-0004","AQS","23","."
"01/16/2004","52","PM2.5","BOOKER T. WASHINGTON ES","17-019-0004","AQS","12","52"
"01/17/2004","11","Ozone","BOOKER T. WASHINGTON ES","17-019-0004","AQS","11","."
"01/18/2004","19","Ozone","BOOKER T. WASHINGTON ES","17-019-0004","AQS","19","."
"01/19/2004","22","Ozone","BOOKER T. WASHINGTON ES","17-019-0004","AQS","22","19"
"01/20/2004","21","Ozone","BOOKER T. WASHINGTON ES","17-019-0004","AQS","21","."
"01/21/2004","19","Ozone","BOOKER T. WASHINGTON ES","17-019-0004","AQS","19","."
"01/22/2004","36","PM2.5","","17-019-9901","AQS","21","36"
"01/23/2004","15","Ozone","BOOKER T. WASHINGTON ES","17-019-0004","AQS","15","."
"01/24/2004","26","Ozone","BOOKER T. WASHINGTON ES","17-019-0004","AQS","26","."
"01/25/2004","26","Ozone","BOOKER T. WASHINGTON ES","17-019-0004","AQS","26","24"
"01/26/2004","19","Ozone","BOOKER T. WASHINGTON ES","17-019-0004","AQS","19","."
"01/27/2004","24","Ozone","BOOKER T. WASHINGTON ES","17-019-0004","AQS","24","."
"01/28/2004","48","PM2.5","BOOKER T. WASHINGTON ES","17-019-0004","AQS","25","48"
"01/29/2004","20","Ozone","BOOKER T. WASHINGTON ES","17-019-0004","AQS","20","."
"01/30/2004","18","Ozone","BOOKER T. WASHINGTON ES","17-019-0004","AQS","18","."
"01/31/2004","48","PM2.5","ISWS CLIMATE STATION","17-019-1001","AQS","22","48"
"02/01/2004","20","Ozone","BOOKER T. WASHINGTON ES","17-019-0004","AQS","20","."
"02/02/2004","10","Ozone","BOOKER T. WASHINGTON ES","17-019-0004","AQS","10","."
"02/03/2004","73","PM2.5","","17-019-9901","AQS","27","73"
"02/04/2004","18","Ozone","BOOKER T. WASHINGTON ES","17-019-0004","AQS","18","."
"02/05/2004","19","Ozone","BOOKER T. WASHINGTON ES","17-019-0004","AQS","19","."
"02/06/2004","56","PM2.5","ISWS CLIMATE STATION","17-019-1001","AQS","28","56"
"02/07/2004","27","Ozone","BOOKER T. WASHINGTON ES","17-019-0004","AQS","27","."
"02/08/2004","27","Ozone","BOOKER T. WASHINGTON ES","17-019-0004","AQS","27","."
"02/09/2004","66","PM2.5","","17-019-9901","AQS","33","66"
"02/10/2004","31","Ozone","BOOKER T. WASHINGTON ES","17-019-0004","AQS","31","."
"02/11/2004","26","Ozone","BOOKER T. WASHINGTON ES","17-019-0004","AQS","26","."
"02/12/2004","57","PM2.5","ISWS CLIMATE STATION","17-019-1001","AQS","27","57"
"02/13/2004","30","Ozone","BOOKER T. WASHINGTON ES","17-019-0004","AQS","30","."
"02/14/2004","31","Ozone","BOOKER T. WASHINGTON ES","17-019-0004","AQS","31","."
"02/15/2004","36","Ozone","BOOKER T. WASHINGTON ES","17-019-0004","AQS","36","31"
"02/16/2004","29","Ozone","BOOKER T. WASHINGTON ES","17-019-0004","AQS","29","."
"02/17/2004","22","Ozone","BOOKER T. WASHINGTON ES","17-019-0004","AQS","22","."
"02/18/2004","87","PM2.5","ISWS CLIMATE STATION","17-019-1001","AQS","27","87"
"02/19/2004","39","Ozone","BOOKER T. WASHINGTON ES","17-019-0004","AQS","39","."
"02/20/2004","34","Ozone","BOOKER T. WASHINGTON ES","17-019-0004","AQS","34","."
"02/21/2004","57","PM2.5","","17-019-9901","AQS","28","57"
"02/22/2004","28","Ozone","BOOKER T. WASHINGTON ES","17-019-0004","AQS","28","."
"02/23/2004","20","Ozone","BOOKER T. WASHINGTON ES","17-019-0004","AQS","20","."
"02/24/2004","71","PM2.5","ISWS CLIMATE STATION","17-019-1001","AQS","28","71"
"02/25/2004","31","Ozone","BOOKER T. WASHINGTON ES","17-019-0004","AQS","31","."
"02/26/2004","31","Ozone","BOOKER T. WASHINGTON ES","17-019-0004","AQS","31","."
"02/27/2004","62","PM2.5","ISWS CLIMATE STATION","17-019-1001","AQS","24","62"
"02/28/2004","24","Ozone","BOOKER T. WASHINGTON ES","17-019-0004","AQS","24","."
"02/29/2004","40","Ozone","BOOKER T. WASHINGTON ES","17-019-0004","AQS","40","."
"03/01/2004","37","Ozone","BOOKER T. WASHINGTON ES","17-019-0004","AQS","37","21"
"03/02/2004","30","Ozone","BOOKER T. WASHINGTON ES","17-019-0004","AQS","30","."
"03/03/2004","20","Ozone","BOOKER T. WASHINGTON ES","17-019-0004","AQS","20","."
"03/04/2004","84","PM2.5","","17-019-9901","AQS","26","84"
"03/05/2004","31","Ozone","BOOKER T. WASHINGTON ES","17-019-0004","AQS","31","."
"03/06/2004","30","Ozone","BOOKER T. WASHINGTON ES","17-019-0004","AQS","30","."
"03/07/2004","34","Ozone","BOOKER T. WASHINGTON ES","17-019-0004","AQS","34","17"
"03/08/2004","30","Ozone","BOOKER T. WASHINGTON ES","17-019-0004","AQS","30","."
"03/09/2004","29","Ozone","BOOKER T. WASHINGTON ES","17-019-0004","AQS","29","."
"03/10/2004","59","PM2.5","","17-019-9901","AQS","31","59"
"03/11/2004","27","Ozone","BOOKER T. WASHINGTON ES","17-019-0004","AQS","27","."
"03/12/2004","22","Ozone","BOOKER T. WASHINGTON ES","17-019-0004","AQS","22","."
"03/13/2004","34","PM2.5","ISWS CLIMATE STATION","17-019-1001","AQS","31","34"
"03/14/2004","38","Ozone","BOOKER T. WASHINGTON ES","17-019-0004","AQS","38","."
"03/15/2004","31","Ozone","BOOKER T. WASHINGTON ES","17-019-0004","AQS","31","."
"03/16/2004","59","PM2.5","BOOKER T. WASHINGTON ES","17-019-0004","AQS","28","59"
"03/17/2004","20","Ozone","BOOKER T. WASHINGTON ES","17-019-0004","AQS","20","."
"03/18/2004","23","Ozone","BOOKER T. WASHINGTON ES","17-019-0004","AQS","23","."
"03/19/2004","38","PM2.5","ISWS CLIMATE STATION","17-019-1001","AQS","33","38"
"03/20/2004","36","Ozone","BOOKER T. WASHINGTON ES","17-019-0004","AQS","36","."
"03/21/2004","31","Ozone","BOOKER T. WASHINGTON ES","17-019-0004","AQS","31","."
"03/22/2004","36","Ozone","BOOKER T. WASHINGTON ES","17-019-0004","AQS","36","31"
"03/23/2004","40","Ozone","ISWS CLIMATE STATION","17-019-1001","AQS","40","."
"03/24/2004","44","Ozone","ISWS CLIMATE STATION","17-019-1001","AQS","44","."
"03/25/2004","56","PM2.5","ISWS CLIMATE STATION","17-019-1001","AQS","36","56"
"03/26/2004","31","Ozone","ISWS CLIMATE STATION","17-019-1001","AQS","31","."
"03/27/2004","44","Ozone","ISWS CLIMATE STATION","17-019-1001","AQS","44","."
"03/28/2004","46","Ozone","ISWS CLIMATE STATION","17-019-1001","AQS","46","43"
"03/29/2004","44","Ozone","ISWS CLIMATE STATION","17-019-1001","AQS","44","."
"03/30/2004","42","Ozone","ISWS CLIMATE STATION","17-019-1001","AQS","42","."
"03/31/2004","36","Ozone","ISWS CLIMATE STATION","17-019-1001","AQS","36","33"
"04/01/2004","33","Ozone","ISWS CLIMATE STATION","17-019-1001","AQS","33","."
"04/02/2004","41","Ozone","ISWS CLIMATE STATION","17-019-1001","AQS","41","."
"04/03/2004","47","Ozone","ISWS CLIMATE STATION","17-019-1001","AQS","47","46"
"04/04/2004","44","Ozone","ISWS CLIMATE STATION","17-019-1001","AQS","44","."
"04/05/2004","47","Ozone","ISWS CLIMATE STATION","17-019-1001","AQS","47","."
"04/06/2004","59","PM2.5","ISWS CLIMATE STATION","17-019-1001","AQS","51","59"
"04/07/2004","87","Ozone","ISWS CLIMATE STATION","17-019-1001","AQS","87","."
"04/08/2004","44","Ozone","ISWS CLIMATE STATION","17-019-1001","AQS","44","."
"04/09/2004","79","PM2.5","","17-019-9901","AQS","50","79"
"04/10/2004","39","Ozone","ISWS CLIMATE STATION","17-019-1001","AQS","39","."
"04/11/2004","42","Ozone","ISWS CLIMATE STATION","17-019-1001","AQS","42","."
"04/12/2004","35","PM2.5","ISWS CLIMATE STATION","17-019-1001","AQS","35","35"
"04/13/2004","35","Ozone","ISWS CLIMATE STATION","17-019-1001","AQS","35","."
"04/14/2004","51","Ozone","ISWS CLIMATE STATION","17-019-1001","AQS","51","."
"04/15/2004","64","Ozone","ISWS CLIMATE STATION","17-019-1001","AQS","64","61"
"04/16/2004","87","Ozone","ISWS CLIMATE STATION","17-019-1001","AQS","87","."
"04/17/2004","74","Ozone","ISWS CLIMATE STATION","17-019-1001","AQS","74","."
"04/18/2004","49","Ozone","ISWS CLIMATE STATION","17-019-1001","AQS","49","40"
"04/19/2004","48","Ozone","ISWS CLIMATE STATION","17-019-1001","AQS","48","."
"04/20/2004","44","Ozone","ISWS CLIMATE STATION","17-019-1001","AQS","44","."
"04/21/2004","42","Ozone","ISWS CLIMATE STATION","17-019-1001","AQS","42","33"
"04/22/2004","24","Ozone","ISWS CLIMATE STATION","17-019-1001","AQS","24","."
"04/23/2004","50","Ozone","ISWS CLIMATE STATION","17-019-1001","AQS","50","."
"04/24/2004","53","PM2.5","ISWS CLIMATE STATION","17-019-1001","AQS","45","53"
"04/25/2004","36","Ozone","ISWS CLIMATE STATION","17-019-1001","AQS","36","."
"04/26/2004","47","Ozone","ISWS CLIMATE STATION","17-019-1001","AQS","47","."
"04/27/2004","45","Ozone","ISWS CLIMATE STATION","17-019-1001","AQS","45","34"
"04/28/2004","54","Ozone","ISWS CLIMATE STATION","17-019-1001","AQS","54","."
"04/29/2004","84","Ozone","ISWS CLIMATE STATION","17-019-1001","AQS","84","."
"04/30/2004","67","Ozone","ISWS CLIMATE STATION","17-019-1001","AQS","67","53"
"05/01/2004","34","Ozone","ISWS CLIMATE STATION","17-019-1001","AQS","34","."
"05/02/2004","44","Ozone","ISWS CLIMATE STATION","17-019-1001","AQS","44","."
"05/03/2004","44","Ozone","ISWS CLIMATE STATION","17-019-1001","AQS","44","24"
"05/04/2004","44","Ozone","ISWS CLIMATE STATION","17-019-1001","AQS","44","."
"05/05/2004","61","Ozone","ISWS CLIMATE STATION","17-019-1001","AQS","61","."
"05/06/2004","93","Ozone","ISWS CLIMATE STATION","17-019-1001","AQS","93","45"
"05/07/2004","36","Ozone","ISWS CLIMATE STATION","17-019-1001","AQS","36","."
"05/08/2004","90","Ozone","ISWS CLIMATE STATION","17-019-1001","AQS","90","."
"05/09/2004","68","PM2.5","","17-019-9901","AQS","54","68"
"05/10/2004","77","Ozone","ISWS CLIMATE STATION","17-019-1001","AQS","77","."
"05/11/2004","87","Ozone","ISWS CLIMATE STATION","17-019-1001","AQS","87","."
"05/12/2004","48","PM2.5","ISWS CLIMATE STATION","17-019-1001","AQS","45","48"
"05/13/2004","35","Ozone","ISWS CLIMATE STATION","17-019-1001","AQS","35","."
"05/14/2004","19","Ozone","ISWS CLIMATE STATION","17-019-1001","AQS","19","."
"05/15/2004","29","PM2.5","ISWS CLIMATE STATION","17-019-1001","AQS","29","29"
"05/16/2004","44","Ozone","ISWS CLIMATE STATION","17-019-1001","AQS","44","."
"05/17/2004","61","Ozone","ISWS CLIMATE STATION","17-019-1001","AQS","61","."
"05/18/2004","42","PM2.5","ISWS CLIMATE STATION","17-019-1001","AQS","40","42"
"05/19/2004","46","Ozone","ISWS CLIMATE STATION","17-019-1001","AQS","46","."
"05/20/2004","45","Ozone","ISWS CLIMATE STATION","17-019-1001","AQS","45","."
"05/21/2004","61","PM2.5","","17-019-9901","AQS","50","61"
"05/22/2004","47","Ozone","ISWS CLIMATE STATION","17-019-1001","AQS","47","."
"05/23/2004","34","Ozone","ISWS CLIMATE STATION","17-019-1001","AQS","34","."
"05/24/2004","54","Ozone","ISWS CLIMATE STATION","17-019-1001","AQS","54","24"
"05/25/2004","47","Ozone","ISWS CLIMATE STATION","17-019-1001","AQS","47","."
"05/26/2004","42","Ozone","ISWS CLIMATE STATION","17-019-1001","AQS","42","."
"05/27/2004","57","PM2.5","BOOKER T. WASHINGTON ES","17-019-0004","AQS","49","57"
"05/28/2004","45","Ozone","ISWS CLIMATE STATION","17-019-1001","AQS","45","."
"05/29/2004","80","Ozone","ISWS CLIMATE STATION","17-019-1001","AQS","80","."
"05/30/2004","56","PM2.5","ISWS CLIMATE STATION","17-019-1001","AQS","36","56"
"05/31/2004","40","Ozone","ISWS CLIMATE STATION","17-019-1001","AQS","40","."
"06/01/2004","49","Ozone","ISWS CLIMATE STATION","17-019-1001","AQS","49","."
"06/02/2004","35","Ozone","ISWS CLIMATE STATION","17-019-1001","AQS","35","26"
"06/03/2004","43","Ozone","ISWS CLIMATE STATION","17-019-1001","AQS","43","."
"06/04/2004","71","Ozone","ISWS CLIMATE STATION","17-019-1001","AQS","71","."
"06/05/2004","93","Ozone","ISWS CLIMATE STATION","17-019-1001","AQS","93","56"
"06/06/2004","105","Ozone","ISWS CLIMATE STATION","17-019-1001","AQS","105","."
"06/07/2004","54","Ozone","ISWS CLIMATE STATION","17-019-1001","AQS","54","."
"06/08/2004","70","PM2.5","","17-019-9901","AQS","42","70"
"06/09/2004","25","Ozone","ISWS CLIMATE STATION","17-019-1001","AQS","25","."
"06/10/2004","38","Ozone","ISWS CLIMATE STATION","17-019-1001","AQS","38","."
"06/11/2004","52","PM2.5","ISWS CLIMATE STATION","17-019-1001","AQS","46","52"
"06/12/2004","80","Ozone","ISWS CLIMATE STATION","17-019-1001","AQS","80","."
"06/13/2004","49","Ozone","ISWS CLIMATE STATION","17-019-1001","AQS","49","."
"06/14/2004","80","Ozone","ISWS CLIMATE STATION","17-019-1001","AQS","80","54"
"06/15/2004","43","Ozone","ISWS CLIMATE STATION","17-019-1001","AQS","43","."
"06/16/2004","35","Ozone","ISWS CLIMATE STATION","17-019-1001","AQS","35","."
"06/17/2004","47","Ozone","ISWS CLIMATE STATION","17-019-1001","AQS","47","40"
"06/18/2004","46","Ozone","ISWS CLIMATE STATION","17-019-1001","AQS","46","."
"06/19/2004","42","Ozone","ISWS CLIMATE STATION","17-019-1001","AQS","42","."
"06/20/2004","41","Ozone","ISWS CLIMATE STATION","17-019-1001","AQS","41","24"
"06/21/2004","48","Ozone","ISWS CLIMATE STATION","17-019-1001","AQS","48","."
"06/22/2004","38","Ozone","ISWS CLIMATE STATION","17-019-1001","AQS","38","."
"06/23/2004","47","Ozone","ISWS CLIMATE STATION","17-019-1001","AQS","47","33"
"06/24/2004","46","Ozone","ISWS CLIMATE STATION","17-019-1001","AQS","46","."
"06/25/2004","44","Ozone","ISWS CLIMATE STATION","17-019-1001","AQS","44","."
"06/26/2004","43","Ozone","ISWS CLIMATE STATION","17-019-1001","AQS","43","24"
"06/27/2004","43","Ozone","ISWS CLIMATE STATION","17-019-1001","AQS","43","."
"06/28/2004","46","Ozone","ISWS CLIMATE STATION","17-019-1001","AQS","46","."
"06/29/2004","45","Ozone","ISWS CLIMATE STATION","17-019-1001","AQS","45","43"
"06/30/2004","64","Ozone","ISWS CLIMATE STATION","17-019-1001","AQS","64","."
"07/01/2004","93","Ozone","ISWS CLIMATE STATION","17-019-1001","AQS","93","."
"07/02/2004","120","PM2.5","","17-019-9901","AQS","46","120"
"07/03/2004","33","Ozone","ISWS CLIMATE STATION","17-019-1001","AQS","33","."
"07/04/2004","42","Ozone","ISWS CLIMATE STATION","17-019-1001","AQS","42","."
"07/05/2004","38","Ozone","ISWS CLIMATE STATION","17-019-1001","AQS","38","35"
"07/06/2004","42","Ozone","ISWS CLIMATE STATION","17-019-1001","AQS","42","."
"07/07/2004","28","Ozone","ISWS CLIMATE STATION","17-019-1001","AQS","28","."
"07/08/2004","40","PM2.5","","17-019-9901","AQS","31","40"
"07/09/2004","44","Ozone","ISWS CLIMATE STATION","17-019-1001","AQS","44","."
"07/10/2004","33","Ozone","BOOKER T. WASHINGTON ES","17-019-0004","AQS","33","."
"07/11/2004","50","PM2.5","ISWS CLIMATE STATION","17-019-1001","AQS","43","50"
"07/12/2004","40","Ozone","ISWS CLIMATE STATION","17-019-1001","AQS","40","."
"07/13/2004","45","Ozone","ISWS CLIMATE STATION","17-019-1001","AQS","45","."
"07/14/2004","39","Ozone","ISWS CLIMATE STATION","17-019-1001","AQS","39","33"
"07/15/2004","39","Ozone","ISWS CLIMATE STATION","17-019-1001","AQS","39","."
"07/16/2004","44","Ozone","BOOKER T. WASHINGTON ES","17-019-0004","AQS","44","."
"07/17/2004","60","PM2.5","ISWS CLIMATE STATION","17-019-1001","AQS","50","60"
"07/18/2004","43","Ozone","ISWS CLIMATE STATION","17-019-1001","AQS","43","."
"07/19/2004","48","Ozone","ISWS CLIMATE STATION","17-019-1001","AQS","48","."
"07/20/2004","106","PM2.5","","17-019-9901","AQS","48","106"
"07/21/2004","61","Ozone","ISWS CLIMATE STATION","17-019-1001","AQS","61","."
"07/22/2004","39","Ozone","ISWS CLIMATE STATION","17-019-1001","AQS","39","."
"07/23/2004","40","Ozone","ISWS CLIMATE STATION","17-019-1001","AQS","40","30"
"07/24/2004","36","Ozone","ISWS CLIMATE STATION","17-019-1001","AQS","36","."
"07/25/2004","37","Ozone","ISWS CLIMATE STATION","17-019-1001","AQS","37","."
"07/26/2004","45","Ozone","ISWS CLIMATE STATION","17-019-1001","AQS","45","44"
"07/27/2004","58","Ozone","ISWS CLIMATE STATION","17-019-1001","AQS","58","."
"07/28/2004","74","Ozone","ISWS CLIMATE STATION","17-019-1001","AQS","74","."
"07/29/2004","77","PM2.5","ISWS CLIMATE STATION","17-019-1001","AQS","77","77"
"07/30/2004","41","Ozone","ISWS CLIMATE STATION","17-019-1001","AQS","41","."
"07/31/2004","42","Ozone","ISWS CLIMATE STATION","17-019-1001","AQS","42","."
"08/01/2004","68","PM2.5","","17-019-9901","AQS","49","68"
"08/02/2004","41","Ozone","BOOKER T. WASHINGTON ES","17-019-0004","AQS","41","."
"08/03/2004","87","Ozone","ISWS CLIMATE STATION","17-019-1001","AQS","87","."
"08/04/2004","49","Ozone","ISWS CLIMATE STATION","17-019-1001","AQS","49","42"
"08/05/2004","40","Ozone","ISWS CLIMATE STATION","17-019-1001","AQS","40","."
"08/06/2004","42","Ozone","ISWS CLIMATE STATION","17-019-1001","AQS","42","."
"08/07/2004","48","Ozone","ISWS CLIMATE STATION","17-019-1001","AQS","48","45"
"08/08/2004","54","Ozone","ISWS CLIMATE STATION","17-019-1001","AQS","54","."
"08/09/2004","71","Ozone","ISWS CLIMATE STATION","17-019-1001","AQS","71","."
"08/10/2004","24","Ozone","ISWS CLIMATE STATION","17-019-1001","AQS","24","23"
"08/11/2004","31","Ozone","ISWS CLIMATE STATION","17-019-1001","AQS","31","."
"08/12/2004","24","Ozone","ISWS CLIMATE STATION","17-019-1001","AQS","24","."
"08/13/2004","36","Ozone","ISWS CLIMATE STATION","17-019-1001","AQS","36","25"
"08/14/2004","44","Ozone","ISWS CLIMATE STATION","17-019-1001","AQS","44","."
"08/15/2004","46","Ozone","ISWS CLIMATE STATION","17-019-1001","AQS","46","."
"08/16/2004","50","Ozone","ISWS CLIMATE STATION","17-019-1001","AQS","50","47"
"08/17/2004","71","Ozone","ISWS CLIMATE STATION","17-019-1001","AQS","71","."
"08/18/2004","48","Ozone","ISWS CLIMATE STATION","17-019-1001","AQS","48","."
"08/19/2004","54","PM2.5","BOOKER T. WASHINGTON ES","17-019-0004","AQS","25","54"
"08/20/2004","31","Ozone","ISWS CLIMATE STATION","17-019-1001","AQS","31","."
"08/21/2004","42","Ozone","ISWS CLIMATE STATION","17-019-1001","AQS","42","."
"08/22/2004","50","Ozone","ISWS CLIMATE STATION","17-019-1001","AQS","50","49"
"08/23/2004","44","Ozone","ISWS CLIMATE STATION","17-019-1001","AQS","44","."
"08/24/2004","29","Ozone","ISWS CLIMATE STATION","17-019-1001","AQS","29","."
"08/25/2004","29","Ozone","ISWS CLIMATE STATION","17-019-1001","AQS","29","25"
"08/26/2004","37","Ozone","ISWS CLIMATE STATION","17-019-1001","AQS","37","."
"08/27/2004","31","Ozone","ISWS CLIMATE STATION","17-019-1001","AQS","31","."
"08/28/2004","39","Ozone","ISWS CLIMATE STATION","17-019-1001","AQS","39","27"
"08/29/2004","25","Ozone","ISWS CLIMATE STATION","17-019-1001","AQS","25","."
"08/30/2004","38","Ozone","ISWS CLIMATE STATION","17-019-1001","AQS","38","."
"08/31/2004","44","Ozone","ISWS CLIMATE STATION","17-019-1001","AQS","44","40"
"09/01/2004","64","Ozone","ISWS CLIMATE STATION","17-019-1001","AQS","64","."
"09/02/2004","84","Ozone","ISWS CLIMATE STATION","17-019-1001","AQS","84","."
"09/03/2004","96","PM2.5","ISWS CLIMATE STATION","17-019-1001","AQS","80","96"
"09/04/2004","64","Ozone","ISWS CLIMATE STATION","17-019-1001","AQS","64","."
"09/05/2004","71","Ozone","ISWS CLIMATE STATION","17-019-1001","AQS","71","."
"09/06/2004","91","PM2.5","","17-019-9901","AQS","41","91"
"09/07/2004","36","Ozone","ISWS CLIMATE STATION","17-019-1001","AQS","36","."
"09/08/2004","31","Ozone","BOOKER T. WASHINGTON ES","17-019-0004","AQS","31","."
"09/09/2004","40","Ozone","ISWS CLIMATE STATION","17-019-1001","AQS","40","25"
"09/10/2004","54","Ozone","ISWS CLIMATE STATION","17-019-1001","AQS","54","."
"09/11/2004","84","Ozone","ISWS CLIMATE STATION","17-019-1001","AQS","84","."
"09/12/2004","75","PM2.5","ISWS CLIMATE STATION","17-019-1001","AQS","71","75"
"09/13/2004","61","Ozone","ISWS CLIMATE STATION","17-019-1001","AQS","61","."
"09/14/2004","34","Ozone","ISWS CLIMATE STATION","17-019-1001","AQS","34","."
"09/15/2004","58","PM2.5","ISWS CLIMATE STATION","17-019-1001","AQS","39","58"
"09/16/2004","42","Ozone","ISWS CLIMATE STATION","17-019-1001","AQS","42","."
"09/17/2004","42","Ozone","ISWS CLIMATE STATION","17-019-1001","AQS","42","."
"09/18/2004","44","Ozone","ISWS CLIMATE STATION","17-019-1001","AQS","44","23"
"09/19/2004","44","Ozone","ISWS CLIMATE STATION","17-019-1001","AQS","44","."
"09/20/2004","58","Ozone","ISWS CLIMATE STATION","17-019-1001","AQS","58","."
"09/21/2004","105","Ozone","ISWS CLIMATE STATION","17-019-1001","AQS","105","53"
"09/22/2004","100","Ozone","ISWS CLIMATE STATION","17-019-1001","AQS","100","."
"09/23/2004","87","Ozone","ISWS CLIMATE STATION","17-019-1001","AQS","87","."
"09/24/2004","72","PM2.5","","17-019-9901","AQS","50","72"
"09/25/2004","43","Ozone","ISWS CLIMATE STATION","17-019-1001","AQS","43","."
"09/26/2004","43","Ozone","ISWS CLIMATE STATION","17-019-1001","AQS","43","."
"09/27/2004","50","Ozone","ISWS CLIMATE STATION","17-019-1001","AQS","50","44"
"09/28/2004","31","Ozone","ISWS CLIMATE STATION","17-019-1001","AQS","31","."
"09/29/2004","32","Ozone","ISWS CLIMATE STATION","17-019-1001","AQS","32","."
"09/30/2004","45","Ozone","ISWS CLIMATE STATION","17-019-1001","AQS","45","38"
"10/01/2004","64","Ozone","ISWS CLIMATE STATION","17-019-1001","AQS","64","."
"10/02/2004","30","Ozone","ISWS CLIMATE STATION","17-019-1001","AQS","30","."
"10/03/2004","35","Ozone","ISWS CLIMATE STATION","17-019-1001","AQS","35","17"
"10/04/2004","30","Ozone","ISWS CLIMATE STATION","17-019-1001","AQS","30","."
"10/05/2004","28","Ozone","ISWS CLIMATE STATION","17-019-1001","AQS","28","."
"10/06/2004","36","PM2.5","ISWS CLIMATE STATION","17-019-1001","AQS","36","36"
"10/07/2004","93","Ozone","ISWS CLIMATE STATION","17-019-1001","AQS","93","."
"10/08/2004","30","Ozone","ISWS CLIMATE STATION","17-019-1001","AQS","30","."
"10/09/2004","38","Ozone","ISWS CLIMATE STATION","17-019-1001","AQS","38","36"
"10/10/2004","34","Ozone","ISWS CLIMATE STATION","17-019-1001","AQS","34","."
"10/11/2004","31","Ozone","ISWS CLIMATE STATION","17-019-1001","AQS","31","."
"10/12/2004","60","PM2.5","ISWS CLIMATE STATION","17-019-1001","AQS","12","60"
"10/13/2004","18","Ozone","ISWS CLIMATE STATION","17-019-1001","AQS","18","."
"10/14/2004","19","Ozone","ISWS CLIMATE STATION","17-019-1001","AQS","19","."
"10/15/2004","23","PM2.5","ISWS CLIMATE STATION","17-019-1001","AQS","22","23"
"10/16/2004","23","Ozone","ISWS CLIMATE STATION","17-019-1001","AQS","23","."
"10/17/2004","31","Ozone","ISWS CLIMATE STATION","17-019-1001","AQS","31","."
"10/18/2004","31","PM2.5","ISWS CLIMATE STATION","17-019-1001","AQS","16","31"
"10/19/2004","6","Ozone","BOOKER T. WASHINGTON ES","17-019-0004","AQS","6","."
"10/20/2004","6","Ozone","ISWS CLIMATE STATION","17-019-1001","AQS","6","."
"10/21/2004","57","PM2.5","ISWS CLIMATE STATION","17-019-1001","AQS","17","57"
"10/22/2004","19","Ozone","ISWS CLIMATE STATION","17-019-1001","AQS","19","."
"10/23/2004","28","Ozone","ISWS CLIMATE STATION","17-019-1001","AQS","28","."
"10/24/2004","37","Ozone","ISWS CLIMATE STATION","17-019-1001","AQS","37","23"
"10/25/2004","44","Ozone","ISWS CLIMATE STATION","17-019-1001","AQS","44","."
"10/26/2004","31","Ozone","ISWS CLIMATE STATION","17-019-1001","AQS","31","."
"10/27/2004","60","PM2.5","ISWS CLIMATE STATION","17-019-1001","AQS","23","60"
"10/28/2004","11","Ozone","ISWS CLIMATE STATION","17-019-1001","AQS","11","."
"10/29/2004","31","Ozone","ISWS CLIMATE STATION","17-019-1001","AQS","31","."
"10/30/2004","29","Ozone","ISWS CLIMATE STATION","17-019-1001","AQS","29","22"
"10/31/2004","31","Ozone","ISWS CLIMATE STATION","17-019-1001","AQS","31","."
"11/01/2004","14","Ozone","ISWS CLIMATE STATION","17-019-1001","AQS","14","."
"11/02/2004","19","Ozone","ISWS CLIMATE STATION","17-019-1001","AQS","19","15"
"11/03/2004","26","Ozone","ISWS CLIMATE STATION","17-019-1001","AQS","26","."
"11/04/2004","21","Ozone","ISWS CLIMATE STATION","17-019-1001","AQS","21","."
"11/05/2004","26","Ozone","ISWS CLIMATE STATION","17-019-1001","AQS","26","23"
"11/06/2004","23","Ozone","ISWS CLIMATE STATION","17-019-1001","AQS","23","."
"11/07/2004","30","Ozone","ISWS CLIMATE STATION","17-019-1001","AQS","30","."
"11/08/2004","31","Ozone","ISWS CLIMATE STATION","17-019-1001","AQS","31","14"
"11/09/2004","22","Ozone","ISWS CLIMATE STATION","17-019-1001","AQS","22","."
"11/10/2004","33","Ozone","ISWS CLIMATE STATION","17-019-1001","AQS","33","."
"11/11/2004","33","PM2.5","ISWS CLIMATE STATION","17-019-1001","AQS","19","33"
"11/12/2004","24","Ozone","ISWS CLIMATE STATION","17-019-1001","AQS","24","."
"11/13/2004","25","Ozone","ISWS CLIMATE STATION","17-019-1001","AQS","25","."
"11/14/2004","40","PM2.5","ISWS CLIMATE STATION","17-019-1001","AQS","19","40"
"11/15/2004","11","Ozone","ISWS CLIMATE STATION","17-019-1001","AQS","11","."
"11/16/2004","19","Ozone","ISWS CLIMATE STATION","17-019-1001","AQS","19","."
"11/17/2004","59","PM2.5","ISWS CLIMATE STATION","17-019-1001","AQS","21","59"
"11/18/2004","18","Ozone","ISWS CLIMATE STATION","17-019-1001","AQS","18","."
"11/19/2004","18","Ozone","ISWS CLIMATE STATION","17-019-1001","AQS","18","."
"11/20/2004","38","PM2.5","ISWS CLIMATE STATION","17-019-1001","AQS","23","38"
"11/21/2004","21","Ozone","ISWS CLIMATE STATION","17-019-1001","AQS","21","."
"11/22/2004","19","Ozone","ISWS CLIMATE STATION","17-019-1001","AQS","19","."
"11/23/2004","60","PM2.5","BOOKER T. WASHINGTON ES","17-019-0004","AQS","11","60"
"11/24/2004","27","Ozone","ISWS CLIMATE STATION","17-019-1001","AQS","27","."
"11/25/2004","22","Ozone","ISWS CLIMATE STATION","17-019-1001","AQS","22","."
"11/26/2004","25","Ozone","ISWS CLIMATE STATION","17-019-1001","AQS","25","18"
"11/27/2004","26","Ozone","ISWS CLIMATE STATION","17-019-1001","AQS","26","."
"11/28/2004","18","Ozone","ISWS CLIMATE STATION","17-019-1001","AQS","18","."
"11/29/2004","54","PM2.5","BOOKER T. WASHINGTON ES","17-019-0004","AQS","8","54"
"11/30/2004","17","Ozone","ISWS CLIMATE STATION","17-019-1001","AQS","17","."
"12/01/2004","19","Ozone","ISWS CLIMATE STATION","17-019-1001","AQS","19","."
"12/02/2004","49","PM2.5","ISWS CLIMATE STATION","17-019-1001","AQS","14","49"
"12/03/2004","15","Ozone","ISWS CLIMATE STATION","17-019-1001","AQS","15","."
"12/04/2004","22","Ozone","ISWS CLIMATE STATION","17-019-1001","AQS","22","."
"12/05/2004","38","PM2.5","ISWS CLIMATE STATION","17-019-1001","AQS","22","38"
"12/06/2004","19","Ozone","ISWS CLIMATE STATION","17-019-1001","AQS","19","."
"12/07/2004","26","Ozone","ISWS CLIMATE STATION","17-019-1001","AQS","26","."
"12/08/2004","52","PM2.5","ISWS CLIMATE STATION","17-019-1001","AQS","12","52"
"12/09/2004","19","Ozone","ISWS CLIMATE STATION","17-019-1001","AQS","19","."
"12/10/2004","13","Ozone","ISWS CLIMATE STATION","17-019-1001","AQS","13","."
"12/11/2004","28","PM2.5","ISWS CLIMATE STATION","17-019-1001","AQS","25","28"
"12/12/2004","27","Ozone","ISWS CLIMATE STATION","17-019-1001","AQS","27","."
"12/13/2004","26","Ozone","ISWS CLIMATE STATION","17-019-1001","AQS","26","."
"12/14/2004","25","PM2.5","ISWS CLIMATE STATION","17-019-1001","AQS","22","25"
"12/15/2004","16","Ozone","ISWS CLIMATE STATION","17-019-1001","AQS","16","."
"12/16/2004","16","Ozone","ISWS CLIMATE STATION","17-019-1001","AQS","16","."
"12/17/2004","65","PM2.5","","17-019-9901","AQS","20","65"
"12/18/2004","22","Ozone","ISWS CLIMATE STATION","17-019-1001","AQS","22","."
"12/19/2004","27","Ozone","ISWS CLIMATE STATION","17-019-1001","AQS","27","."
"12/20/2004","22","Ozone","ISWS CLIMATE STATION","17-019-1001","AQS","22","17"
"12/21/2004","33","PM2.5","BOOKER T. WASHINGTON ES","17-019-0004","AQS","17","33"
"12/22/2004","19","Ozone","ISWS CLIMATE STATION","17-019-1001","AQS","19","."
"12/23/2004","24","Ozone","ISWS CLIMATE STATION","17-019-1001","AQS","24","23"
"12/24/2004","28","Ozone","ISWS CLIMATE STATION","17-019-1001","AQS","28","."
"12/25/2004","20","Ozone","ISWS CLIMATE STATION","17-019-1001","AQS","20","."
"12/26/2004","54","PM2.5","ISWS CLIMATE STATION","17-019-1001","AQS","19","54"
"12/27/2004","18","Ozone","ISWS CLIMATE STATION","17-019-1001","AQS","18","."
"12/28/2004","19","Ozone","ISWS CLIMATE STATION","17-019-1001","AQS","19","."
"12/29/2004","66","PM2.5","ISWS CLIMATE STATION","17-019-1001","AQS","20","66"
"12/30/2004","23","Ozone","ISWS CLIMATE STATION","17-019-1001","AQS","23","."
"12/31/2004","23","Ozone","ISWS CLIMATE STATION","17-019-1001","AQS","23","."
