"Date","Overall AQI Value","Main Pollutant","Site Name (of Overall AQI)","Site ID (of Overall AQI)","Source (of Overall AQI)","Ozone","SO2","PM25"
"01/01/2000","80","PM2.5","BOOKER T. WASHINGTON ES","17-019-0004","AQS","27","23","80"
"01/02/2000","29","Ozone","BOOKER T. WASHINGTON ES","17-019-0004","AQS","29","4","."
"01/03/2000","15","Ozone","ISWS CLIMATE STATION","17-019-1001","AQS","15","1","."
"01/04/2000","22","Ozone","ISWS CLIMATE STATION","17-019-1001","AQS","22","1","."
"01/05/2000","27","SO2","BOOKER T. WASHINGTON ES","17-019-0004","AQS","19","27","."
"01/06/2000","19","SO2","BOOKER T. WASHINGTON ES","17-019-0004","AQS","13","19","."
"01/07/2000","33","PM2.5","BOOKER T. WASHINGTON ES","17-019-0004","AQS","23","3","33"
"01/08/2000","18","Ozone","ISWS CLIMATE STATION","17-019-1001","AQS","18","13","."
"01/09/2000","21","Ozone","BOOKER T. WASHINGTON ES","17-019-0004","AQS","21","3","."
"01/10/2000","22","Ozone","ISWS CLIMATE STATION","17-019-1001","AQS","22","1","."
"01/11/2000","25","Ozone","ISWS CLIMATE STATION","17-019-1001","AQS","25","1","."
"01/12/2000","26","SO2","BOOKER T. WASHINGTON ES","17-019-0004","AQS","16","26","."
"01/13/2000","53","PM2.5","BOOKER T. WASHINGTON ES","17-019-0004","AQS","18","1","53"
"01/14/2000","21","Ozone","BOOKER T. WASHINGTON ES","17-019-0004","AQS","21","4","."
"01/15/2000","21","SO2","BOOKER T. WASHINGTON ES","17-019-0004","AQS","19","21","."
"01/16/2000","26","Ozone","BOOKER T. WASHINGTON ES","17-019-0004","AQS","26","4","."
"01/17/2000","22","Ozone","BOOKER T. WASHINGTON ES","17-019-0004","AQS","22","19","."
"01/18/2000","16","Ozone","ISWS CLIMATE STATION","17-019-1001","AQS","16","10","."
"01/19/2000","74","PM2.5","BOOKER T. WASHINGTON ES","17-019-0004","AQS","15","9","74"
"01/20/2000","24","Ozone","BOOKER T. WASHINGTON ES","17-019-0004","AQS","24","16","."
"01/21/2000","24","Ozone","ISWS CLIMATE STATION","17-019-1001","AQS","24","7","."
"01/22/2000","20","SO2","BOOKER T. WASHINGTON ES","17-019-0004","AQS","17","20","."
"01/23/2000","27","Ozone","ISWS CLIMATE STATION","17-019-1001","AQS","27","23","."
"01/24/2000","24","Ozone","ISWS CLIMATE STATION","17-019-1001","AQS","24","16","."
"01/25/2000","55","PM2.5","BOOKER T. WASHINGTON ES","17-019-0004","AQS","30","9","55"
"01/26/2000","26","Ozone","BOOKER T. WASHINGTON ES","17-019-0004","AQS","26","1","."
"01/27/2000","30","Ozone","BOOKER T. WASHINGTON ES","17-019-0004","AQS","30","9","."
"01/28/2000","34","SO2","BOOKER T. WASHINGTON ES","17-019-0004","AQS","25","34","."
"01/29/2000","19","SO2","BOOKER T. WASHINGTON ES","17-019-0004","AQS","19","19","."
"01/30/2000","34","Ozone","ISWS CLIMATE STATION","17-019-1001","AQS","34","16","."
"01/31/2000","84","PM2.5","BOOKER T. WASHINGTON ES","17-019-0004","AQS","33","9","84"
"02/01/2000","28","Ozone","ISWS CLIMATE STATION","17-019-1001","AQS","28","6","."
"02/02/2000","29","Ozone","ISWS CLIMATE STATION","17-019-1001","AQS","29","17","."
"02/03/2000","31","Ozone","ISWS CLIMATE STATION","17-019-1001","AQS","31","10","."
"02/04/2000","32","Ozone","ISWS CLIMATE STATION","17-019-1001","AQS","32","1","."
"02/05/2000","29","Ozone","BOOKER T. WASHINGTON ES","17-019-0004","AQS","29","1","."
"02/06/2000","65","PM2.5","ISWS CLIMATE STATION","17-019-1001","AQS","19","4","65"
"02/07/2000","24","Ozone","ISWS CLIMATE STATION","17-019-1001","AQS","24","4","."
"02/08/2000","30","Ozone","ISWS CLIMATE STATION","17-019-1001","AQS","30","17","."
"02/09/2000","26","Ozone","ISWS CLIMATE STATION","17-019-1001","AQS","26","19","."
"02/10/2000","27","Ozone","ISWS CLIMATE STATION","17-019-1001","AQS","27","3","."
"02/11/2000","26","Ozone","ISWS CLIMATE STATION","17-019-1001","AQS","26","1","."
"02/12/2000","52","PM2.5","BOOKER T. WASHINGTON ES","17-019-0004","AQS","28","7","52"
"02/13/2000","10","Ozone","BOOKER T. WASHINGTON ES","17-019-0004","AQS","10","3","."
"02/14/2000","25","Ozone","ISWS CLIMATE STATION","17-019-1001","AQS","25","14","."
"02/15/2000","21","SO2","BOOKER T. WASHINGTON ES","17-019-0004","AQS","21","21","."
"02/16/2000","29","Ozone","ISWS CLIMATE STATION","17-019-1001","AQS","29","1","."
"02/17/2000","24","Ozone","BOOKER T. WASHINGTON ES","17-019-0004","AQS","24","9","."
"02/18/2000","51","PM2.5","BOOKER T. WASHINGTON ES","17-019-0004","AQS","27","7","51"
"02/19/2000","31","Ozone","ISWS CLIMATE STATION","17-019-1001","AQS","31","3","."
"02/20/2000","39","Ozone","ISWS CLIMATE STATION","17-019-1001","AQS","39","9","."
"02/21/2000","30","Ozone","ISWS CLIMATE STATION","17-019-1001","AQS","30","3","."
"02/22/2000","34","Ozone","ISWS CLIMATE STATION","17-019-1001","AQS","34","1","."
"02/23/2000","45","Ozone","BOOKER T. WASHINGTON ES","17-019-0004","AQS","45","4","."
"02/24/2000","50","PM2.5","BOOKER T. WASHINGTON ES","17-019-0004","AQS",".","7","50"
"02/25/2000","38","Ozone","ISWS CLIMATE STATION","17-019-1001","AQS","38","6","."
"02/26/2000","38","Ozone","ISWS CLIMATE STATION","17-019-1001","AQS","38","1","."
"02/27/2000","33","Ozone","BOOKER T. WASHINGTON ES","17-019-0004","AQS","33","4","."
"02/28/2000","40","Ozone","ISWS CLIMATE STATION","17-019-1001","AQS","40","4","."
"02/29/2000","41","Ozone","ISWS CLIMATE STATION","17-019-1001","AQS","41","19","."
"03/01/2000","47","PM2.5","BOOKER T. WASHINGTON ES","17-019-0004","AQS","31","4","47"
"03/02/2000","28","Ozone","BOOKER T. WASHINGTON ES","17-019-0004","AQS","28","3","."
"03/03/2000","23","Ozone","ISWS CLIMATE STATION","17-019-1001","AQS","23","9","."
"03/04/2000","33","Ozone","ISWS CLIMATE STATION","17-019-1001","AQS","33","14","."
"03/05/2000","48","Ozone","ISWS CLIMATE STATION","17-019-1001","AQS","48","16","."
"03/06/2000","49","Ozone","ISWS CLIMATE STATION","17-019-1001","AQS","49","7","."
"03/07/2000","64","SO2","BOOKER T. WASHINGTON ES","17-019-0004","AQS","54","64","59"
"03/08/2000","41","Ozone","ISWS CLIMATE STATION","17-019-1001","AQS","41","17","."
"03/09/2000","24","Ozone","BOOKER T. WASHINGTON ES","17-019-0004","AQS","24","1","."
"03/10/2000","24","Ozone","BOOKER T. WASHINGTON ES","17-019-0004","AQS","24","1","."
"03/11/2000","29","Ozone","ISWS CLIMATE STATION","17-019-1001","AQS","29","4","."
"03/12/2000","39","Ozone","ISWS CLIMATE STATION","17-019-1001","AQS","39","17","."
"03/13/2000","79","PM2.5","BOOKER T. WASHINGTON ES","17-019-0004","AQS","31","14","79"
"03/14/2000","29","Ozone","BOOKER T. WASHINGTON ES","17-019-0004","AQS","29","6","."
"03/15/2000","49","Ozone","BOOKER T. WASHINGTON ES","17-019-0004","AQS","49","10","."
"03/16/2000","30","Ozone","BOOKER T. WASHINGTON ES","17-019-0004","AQS","30","3","."
"03/17/2000","38","Ozone","BOOKER T. WASHINGTON ES","17-019-0004","AQS","38","3","."
"03/18/2000","31","SO2","BOOKER T. WASHINGTON ES","17-019-0004","AQS","24","31","."
"03/19/2000","56","PM2.5","BOOKER T. WASHINGTON ES","17-019-0004","AQS","26","23","56"
"03/20/2000","26","Ozone","ISWS CLIMATE STATION","17-019-1001","AQS","26","1","."
"03/21/2000","17","Ozone","ISWS CLIMATE STATION","17-019-1001","AQS","17","4","."
"03/22/2000","38","Ozone","BOOKER T. WASHINGTON ES","17-019-0004","AQS","38","17","."
"03/23/2000","40","Ozone","ISWS CLIMATE STATION","17-019-1001","AQS","40","37","."
"03/24/2000","67","Ozone","ISWS CLIMATE STATION","17-019-1001","AQS","67","19","."
"03/25/2000","44","Ozone","ISWS CLIMATE STATION","17-019-1001","AQS","44","4","28"
"03/26/2000","54","Ozone","ISWS CLIMATE STATION","17-019-1001","AQS","54","3","."
"03/27/2000","40","Ozone","ISWS CLIMATE STATION","17-019-1001","AQS","40","3","."
"03/28/2000","26","Ozone","ISWS CLIMATE STATION","17-019-1001","AQS","26","1","."
"03/29/2000","36","Ozone","ISWS CLIMATE STATION","17-019-1001","AQS","36","3","."
"03/30/2000","40","Ozone","ISWS CLIMATE STATION","17-019-1001","AQS","40","4","."
"03/31/2000","61","PM2.5","BOOKER T. WASHINGTON ES","17-019-0004","AQS","43","13","61"
"04/01/2000","44","Ozone","ISWS CLIMATE STATION","17-019-1001","AQS","44","26","."
"04/02/2000","44","Ozone","ISWS CLIMATE STATION","17-019-1001","AQS","44","13","."
"04/03/2000","31","Ozone","ISWS CLIMATE STATION","17-019-1001","AQS","31","6","."
"04/04/2000","38","Ozone","ISWS CLIMATE STATION","17-019-1001","AQS","38","1","."
"04/05/2000","48","Ozone","ISWS CLIMATE STATION","17-019-1001","AQS","48","10","."
"04/06/2000","46","PM2.5","BOOKER T. WASHINGTON ES","17-019-0004","AQS","37","6","46"
"04/07/2000","24","Ozone","ISWS CLIMATE STATION","17-019-1001","AQS","24","3","."
"04/08/2000","39","Ozone","ISWS CLIMATE STATION","17-019-1001","AQS","39","1","."
"04/09/2000","47","Ozone","ISWS CLIMATE STATION","17-019-1001","AQS","47","4","."
"04/10/2000","31","Ozone","BOOKER T. WASHINGTON ES","17-019-0004","AQS","31","7","."
"04/11/2000","31","Ozone","ISWS CLIMATE STATION","17-019-1001","AQS","31","1","."
"04/12/2000","53","PM2.5","ISWS CLIMATE STATION","17-019-1001","AQS","43","3","53"
"04/13/2000","42","Ozone","ISWS CLIMATE STATION","17-019-1001","AQS","42","27","."
"04/14/2000","45","Ozone","ISWS CLIMATE STATION","17-019-1001","AQS","45","13","."
"04/15/2000","48","Ozone","ISWS CLIMATE STATION","17-019-1001","AQS","48","3","."
"04/16/2000","41","Ozone","ISWS CLIMATE STATION","17-019-1001","AQS","41","1","."
"04/17/2000","14","Ozone","ISWS CLIMATE STATION","17-019-1001","AQS","14","1","."
"04/18/2000","78","PM2.5","ISWS CLIMATE STATION","17-019-1001","AQS","28","1","78"
"04/19/2000","44","Ozone","ISWS CLIMATE STATION","17-019-1001","AQS","44","16","."
"04/20/2000","39","Ozone","ISWS CLIMATE STATION","17-019-1001","AQS","39","6","."
"04/21/2000","43","Ozone","ISWS CLIMATE STATION","17-019-1001","AQS","43","3","."
"04/22/2000","74","Ozone","ISWS CLIMATE STATION","17-019-1001","AQS","74","3","."
"04/23/2000","40","Ozone","ISWS CLIMATE STATION","17-019-1001","AQS","40","9","."
"04/24/2000","45","Ozone","ISWS CLIMATE STATION","17-019-1001","AQS","45","4","32"
"04/25/2000","47","Ozone","ISWS CLIMATE STATION","17-019-1001","AQS","47","6","."
"04/26/2000","47","Ozone","ISWS CLIMATE STATION","17-019-1001","AQS","47","10","."
"04/27/2000","71","Ozone","ISWS CLIMATE STATION","17-019-1001","AQS","71","10","."
"04/28/2000","87","Ozone","ISWS CLIMATE STATION","17-019-1001","AQS","87","10","."
"04/29/2000","49","Ozone","ISWS CLIMATE STATION","17-019-1001","AQS","49","3","."
"04/30/2000","122","Ozone","ISWS CLIMATE STATION","17-019-1001","AQS","122","9","56"
"05/01/2000","35","Ozone","ISWS CLIMATE STATION","17-019-1001","AQS","35","6","."
"05/02/2000","64","Ozone","ISWS CLIMATE STATION","17-019-1001","AQS","64","6","."
"05/03/2000","64","Ozone","ISWS CLIMATE STATION","17-019-1001","AQS","64","13","."
"05/04/2000","71","Ozone","ISWS CLIMATE STATION","17-019-1001","AQS","71","3","."
"05/05/2000","51","Ozone","ISWS CLIMATE STATION","17-019-1001","AQS","51","6","."
"05/06/2000","51","PM2.5","ISWS CLIMATE STATION","17-019-1001","AQS","48","6","51"
"05/07/2000","37","Ozone","ISWS CLIMATE STATION","17-019-1001","AQS","37","1","."
"05/08/2000","43","Ozone","ISWS CLIMATE STATION","17-019-1001","AQS","43","3","."
"05/09/2000","42","Ozone","ISWS CLIMATE STATION","17-019-1001","AQS","42","3","."
"05/10/2000","64","Ozone","ISWS CLIMATE STATION","17-019-1001","AQS","64","4","."
"05/11/2000","51","Ozone","ISWS CLIMATE STATION","17-019-1001","AQS","51","3","."
"05/12/2000","78","PM2.5","ISWS CLIMATE STATION","17-019-1001","AQS","51","3","78"
"05/13/2000","41","Ozone","ISWS CLIMATE STATION","17-019-1001","AQS","41","3","."
"05/14/2000","54","Ozone","ISWS CLIMATE STATION","17-019-1001","AQS","54","1","."
"05/15/2000","67","Ozone","ISWS CLIMATE STATION","17-019-1001","AQS","67","3","."
"05/16/2000","97","Ozone","ISWS CLIMATE STATION","17-019-1001","AQS","97","7","."
"05/17/2000","51","Ozone","ISWS CLIMATE STATION","17-019-1001","AQS","51","7","."
"05/18/2000","90","SO2","BOOKER T. WASHINGTON ES","17-019-0004","AQS","47","90","62"
"05/19/2000","23","Ozone","ISWS CLIMATE STATION","17-019-1001","AQS","23","1","."
"05/20/2000","28","Ozone","ISWS CLIMATE STATION","17-019-1001","AQS","28","6","."
"05/21/2000","77","Ozone","ISWS CLIMATE STATION","17-019-1001","AQS","77","10","."
"05/22/2000","61","Ozone","ISWS CLIMATE STATION","17-019-1001","AQS","61","6","."
"05/23/2000","48","Ozone","ISWS CLIMATE STATION","17-019-1001","AQS","48","4","."
"05/24/2000","97","Ozone","ISWS CLIMATE STATION","17-019-1001","AQS","97","3","32"
"05/25/2000","64","Ozone","ISWS CLIMATE STATION","17-019-1001","AQS","64","9","."
"05/26/2000","51","Ozone","ISWS CLIMATE STATION","17-019-1001","AQS","51","10","."
"05/27/2000","58","Ozone","ISWS CLIMATE STATION","17-019-1001","AQS","58","1","."
"05/28/2000","35","Ozone","ISWS CLIMATE STATION","17-019-1001","AQS","35","1","."
"05/29/2000","77","Ozone","ISWS CLIMATE STATION","17-019-1001","AQS","77","6","."
"05/30/2000","84","Ozone","ISWS CLIMATE STATION","17-019-1001","AQS","84","4","67"
"05/31/2000","64","Ozone","ISWS CLIMATE STATION","17-019-1001","AQS","64","7","."
"06/01/2000","150","Ozone","ISWS CLIMATE STATION","17-019-1001","AQS","150","17","."
"06/02/2000","49","Ozone","ISWS CLIMATE STATION","17-019-1001","AQS","49","3","."
"06/03/2000","47","Ozone","ISWS CLIMATE STATION","17-019-1001","AQS","47","1","."
"06/04/2000","67","Ozone","ISWS CLIMATE STATION","17-019-1001","AQS","67","3","."
"06/05/2000","57","PM2.5","ISWS CLIMATE STATION","17-019-1001","AQS","41","1","57"
"06/06/2000","58","Ozone","ISWS CLIMATE STATION","17-019-1001","AQS","58","7","."
"06/07/2000","101","Ozone","ISWS CLIMATE STATION","17-019-1001","AQS","101","13","."
"06/08/2000","161","Ozone","ISWS CLIMATE STATION","17-019-1001","AQS","161","14","."
"06/09/2000","161","Ozone","ISWS CLIMATE STATION","17-019-1001","AQS","161","16","."
"06/10/2000","44","Ozone","ISWS CLIMATE STATION","17-019-1001","AQS","44","10","."
"06/11/2000","53","PM2.5","ISWS CLIMATE STATION","17-019-1001","AQS","26","9","53"
"06/12/2000","40","Ozone","ISWS CLIMATE STATION","17-019-1001","AQS","40","4","."
"06/13/2000","48","Ozone","ISWS CLIMATE STATION","17-019-1001","AQS","48","9","."
"06/14/2000","44","Ozone","ISWS CLIMATE STATION","17-019-1001","AQS","44","6","."
"06/15/2000","49","Ozone","ISWS CLIMATE STATION","17-019-1001","AQS","49","6","."
"06/16/2000","43","Ozone","ISWS CLIMATE STATION","17-019-1001","AQS","43","4","."
"06/17/2000","34","PM2.5","ISWS CLIMATE STATION","17-019-1001","AQS","31","3","34"
"06/18/2000","48","Ozone","ISWS CLIMATE STATION","17-019-1001","AQS","48","4","."
"06/19/2000","54","Ozone","ISWS CLIMATE STATION","17-019-1001","AQS","54","14","."
"06/20/2000","40","Ozone","ISWS CLIMATE STATION","17-019-1001","AQS","40","13","."
"06/21/2000","46","Ozone","ISWS CLIMATE STATION","17-019-1001","AQS","46","3","."
"06/22/2000","44","Ozone","ISWS CLIMATE STATION","17-019-1001","AQS","44","1","."
"06/23/2000","58","Ozone","ISWS CLIMATE STATION","17-019-1001","AQS","58","17","47"
"06/24/2000","34","Ozone","ISWS CLIMATE STATION","17-019-1001","AQS","34","3","."
"06/25/2000","41","Ozone","ISWS CLIMATE STATION","17-019-1001","AQS","41","3","."
"06/26/2000","40","Ozone","ISWS CLIMATE STATION","17-019-1001","AQS","40","1","."
"06/27/2000","39","Ozone","ISWS CLIMATE STATION","17-019-1001","AQS","39","3","."
"06/28/2000","46","Ozone","ISWS CLIMATE STATION","17-019-1001","AQS","46","6","."
"06/29/2000","44","Ozone","ISWS CLIMATE STATION","17-019-1001","AQS","44","3","39"
"06/30/2000","47","Ozone","ISWS CLIMATE STATION","17-019-1001","AQS","47","13","."
"07/01/2000","84","Ozone","ISWS CLIMATE STATION","17-019-1001","AQS","84","6","."
"07/02/2000","58","Ozone","ISWS CLIMATE STATION","17-019-1001","AQS","58","6","."
"07/03/2000","45","Ozone","ISWS CLIMATE STATION","17-019-1001","AQS","45","16","."
"07/04/2000","38","Ozone","BOOKER T. WASHINGTON ES","17-019-0004","AQS","38","3","."
"07/05/2000","52","PM2.5","BOOKER T. WASHINGTON ES","17-019-0004","AQS","35","1","52"
"07/06/2000","77","Ozone","ISWS CLIMATE STATION","17-019-1001","AQS","77","6","."
"07/07/2000","54","Ozone","ISWS CLIMATE STATION","17-019-1001","AQS","54","10","."
"07/08/2000","87","Ozone","ISWS CLIMATE STATION","17-019-1001","AQS","87","14","."
"07/09/2000","47","Ozone","ISWS CLIMATE STATION","17-019-1001","AQS","47","30","."
"07/10/2000","44","Ozone","BOOKER T. WASHINGTON ES","17-019-0004","AQS","44","7","."
"07/11/2000","47","PM2.5","BOOKER T. WASHINGTON ES","17-019-0004","AQS","47","7","47"
"07/12/2000","49","Ozone","ISWS CLIMATE STATION","17-019-1001","AQS","49","24","."
"07/13/2000","58","Ozone","ISWS CLIMATE STATION","17-019-1001","AQS","58","14","."
"07/14/2000","44","Ozone","ISWS CLIMATE STATION","17-019-1001","AQS","44","4","."
"07/15/2000","42","Ozone","ISWS CLIMATE STATION","17-019-1001","AQS","42","4","."
"07/16/2000","44","Ozone","ISWS CLIMATE STATION","17-019-1001","AQS","44","13","."
"07/17/2000","70","PM2.5","ISWS CLIMATE STATION","17-019-1001","AQS","48","6","70"
"07/18/2000","41","Ozone","ISWS CLIMATE STATION","17-019-1001","AQS","41","3","."
"07/19/2000","40","Ozone","ISWS CLIMATE STATION","17-019-1001","AQS","40","3","."
"07/20/2000","41","Ozone","ISWS CLIMATE STATION","17-019-1001","AQS","41","4","."
"07/21/2000","40","Ozone","ISWS CLIMATE STATION","17-019-1001","AQS","40","6","."
"07/22/2000","38","Ozone","ISWS CLIMATE STATION","17-019-1001","AQS","38","0","."
"07/23/2000","43","PM2.5","ISWS CLIMATE STATION","17-019-1001","AQS","43","3","43"
"07/24/2000","61","Ozone","ISWS CLIMATE STATION","17-019-1001","AQS","61","9","."
"07/25/2000","77","Ozone","ISWS CLIMATE STATION","17-019-1001","AQS","77","4","."
"07/26/2000","87","Ozone","ISWS CLIMATE STATION","17-019-1001","AQS","87","7","."
"07/27/2000","105","Ozone","ISWS CLIMATE STATION","17-019-1001","AQS","105","10","."
"07/28/2000","67","Ozone","ISWS CLIMATE STATION","17-019-1001","AQS","67","3","."
"07/29/2000","57","PM2.5","BOOKER T. WASHINGTON ES","17-019-0004","AQS","38","0","57"
"07/30/2000","44","Ozone","ISWS CLIMATE STATION","17-019-1001","AQS","44","1","."
"07/31/2000","39","Ozone","ISWS CLIMATE STATION","17-019-1001","AQS","39","3","."
"08/01/2000","44","Ozone","ISWS CLIMATE STATION","17-019-1001","AQS","44","3","."
"08/02/2000","74","Ozone","BOOKER T. WASHINGTON ES","17-019-0004","AQS","74","7","."
"08/03/2000","35","Ozone","ISWS CLIMATE STATION","17-019-1001","AQS","35","1","."
"08/04/2000","49","Ozone","ISWS CLIMATE STATION","17-019-1001","AQS","49","4","32"
"08/05/2000","36","Ozone","ISWS CLIMATE STATION","17-019-1001","AQS","36","6","."
"08/06/2000","49","Ozone","BOOKER T. WASHINGTON ES","17-019-0004","AQS","49","3","."
"08/07/2000","41","Ozone","BOOKER T. WASHINGTON ES","17-019-0004","AQS","41","1","."
"08/08/2000","37","Ozone","BOOKER T. WASHINGTON ES","17-019-0004","AQS","37","3","."
"08/09/2000","71","Ozone","ISWS CLIMATE STATION","17-019-1001","AQS","71","3","."
"08/10/2000","46","PM2.5","BOOKER T. WASHINGTON ES","17-019-0004","AQS","45","7","46"
"08/11/2000","49","Ozone","ISWS CLIMATE STATION","17-019-1001","AQS","49","17","."
"08/12/2000","49","Ozone","ISWS CLIMATE STATION","17-019-1001","AQS","49","10","."
"08/13/2000","48","Ozone","ISWS CLIMATE STATION","17-019-1001","AQS","48","14","."
"08/14/2000","80","Ozone","ISWS CLIMATE STATION","17-019-1001","AQS","80","9","."
"08/15/2000","136","Ozone","BOOKER T. WASHINGTON ES","17-019-0004","AQS","136","10","."
"08/16/2000","49","PM2.5","ISWS CLIMATE STATION","17-019-1001","AQS","42","4","49"
"08/17/2000","108","Ozone","ISWS CLIMATE STATION","17-019-1001","AQS","108","9","."
"08/18/2000","46","Ozone","ISWS CLIMATE STATION","17-019-1001","AQS","46","3","."
"08/19/2000","34","Ozone","ISWS CLIMATE STATION","17-019-1001","AQS","34","1","."
"08/20/2000","42","Ozone","ISWS CLIMATE STATION","17-019-1001","AQS","42","14","."
"08/21/2000","74","Ozone","ISWS CLIMATE STATION","17-019-1001","AQS","74","9","."
"08/22/2000","75","PM2.5","ISWS CLIMATE STATION","17-019-1001","AQS","46","4","75"
"08/23/2000","67","Ozone","ISWS CLIMATE STATION","17-019-1001","AQS","67","3","."
"08/24/2000","64","Ozone","ISWS CLIMATE STATION","17-019-1001","AQS","64","1","."
"08/25/2000","77","Ozone","ISWS CLIMATE STATION","17-019-1001","AQS","77","10","."
"08/26/2000","48","Ozone","ISWS CLIMATE STATION","17-019-1001","AQS","48","3","."
"08/27/2000","49","Ozone","ISWS CLIMATE STATION","17-019-1001","AQS","49","3","."
"08/28/2000","84","PM2.5","ISWS CLIMATE STATION","17-019-1001","AQS","41","7","84"
"08/29/2000","136","Ozone","ISWS CLIMATE STATION","17-019-1001","AQS","136","10","."
"08/30/2000","150","Ozone","ISWS CLIMATE STATION","17-019-1001","AQS","150","23","."
"08/31/2000","100","Ozone","ISWS CLIMATE STATION","17-019-1001","AQS","100","10","."
"09/01/2000","71","Ozone","ISWS CLIMATE STATION","17-019-1001","AQS","71","19","."
"09/02/2000","108","Ozone","ISWS CLIMATE STATION","17-019-1001","AQS","108","7","."
"09/03/2000","92","PM2.5","BOOKER T. WASHINGTON ES","17-019-0004","AQS","84","10","92"
"09/04/2000","31","Ozone","ISWS CLIMATE STATION","17-019-1001","AQS","31","1","."
"09/05/2000","41","Ozone","ISWS CLIMATE STATION","17-019-1001","AQS","41","1","."
"09/06/2000","46","Ozone","ISWS CLIMATE STATION","17-019-1001","AQS","46","20","."
"09/07/2000","54","Ozone","ISWS CLIMATE STATION","17-019-1001","AQS","54","7","."
"09/08/2000","43","Ozone","ISWS CLIMATE STATION","17-019-1001","AQS","43","4","."
"09/09/2000","57","PM2.5","BOOKER T. WASHINGTON ES","17-019-0004","AQS","34","1","57"
"09/10/2000","20","Ozone","ISWS CLIMATE STATION","17-019-1001","AQS","20","0","."
"09/11/2000","46","Ozone","ISWS CLIMATE STATION","17-019-1001","AQS","46","3","."
"09/12/2000","39","Ozone","ISWS CLIMATE STATION","17-019-1001","AQS","39","1","."
"09/13/2000","51","Ozone","ISWS CLIMATE STATION","17-019-1001","AQS","51","7","."
"09/14/2000","41","Ozone","ISWS CLIMATE STATION","17-019-1001","AQS","41","4","."
"09/15/2000","37","Ozone","ISWS CLIMATE STATION","17-019-1001","AQS","37","0","17"
"09/16/2000","36","Ozone","ISWS CLIMATE STATION","17-019-1001","AQS","36","3","."
"09/17/2000","77","Ozone","ISWS CLIMATE STATION","17-019-1001","AQS","77","6","."
"09/18/2000","115","Ozone","ISWS CLIMATE STATION","17-019-1001","AQS","115","26","."
"09/19/2000","105","Ozone","ISWS CLIMATE STATION","17-019-1001","AQS","105","60","."
"09/20/2000","92","SO2","BOOKER T. WASHINGTON ES","17-019-0004","AQS","64","92","."
"09/21/2000","34","Ozone","ISWS CLIMATE STATION","17-019-1001","AQS","34","3","18"
"09/22/2000","45","Ozone","ISWS CLIMATE STATION","17-019-1001","AQS","45","3","."
"09/23/2000","20","Ozone","ISWS CLIMATE STATION","17-019-1001","AQS","20","1","."
"09/24/2000","29","Ozone","ISWS CLIMATE STATION","17-019-1001","AQS","29","0","."
"09/25/2000","14","Ozone","ISWS CLIMATE STATION","17-019-1001","AQS","14","0","."
"09/26/2000","27","Ozone","BOOKER T. WASHINGTON ES","17-019-0004","AQS","27","4","."
"09/27/2000","58","Ozone","ISWS CLIMATE STATION","17-019-1001","AQS","58","7","38"
"09/28/2000","30","Ozone","ISWS CLIMATE STATION","17-019-1001","AQS","30","3","."
"09/29/2000","33","Ozone","ISWS CLIMATE STATION","17-019-1001","AQS","33","10","."
"09/30/2000","58","Ozone","ISWS CLIMATE STATION","17-019-1001","AQS","58","6","."
"10/01/2000","93","Ozone","ISWS CLIMATE STATION","17-019-1001","AQS","93","6","."
"10/02/2000","119","Ozone","ISWS CLIMATE STATION","17-019-1001","AQS","119","9","."
"10/03/2000","101","Ozone","ISWS CLIMATE STATION","17-019-1001","AQS","101","7","66"
"10/04/2000","25","Ozone","ISWS CLIMATE STATION","17-019-1001","AQS","25","0","."
"10/05/2000","19","Ozone","ISWS CLIMATE STATION","17-019-1001","AQS","19","0","."
"10/06/2000","29","Ozone","ISWS CLIMATE STATION","17-019-1001","AQS","29","0","."
"10/07/2000","23","Ozone","ISWS CLIMATE STATION","17-019-1001","AQS","23","0","."
"10/08/2000","23","Ozone","ISWS CLIMATE STATION","17-019-1001","AQS","23","0","."
"10/09/2000","30","Ozone","ISWS CLIMATE STATION","17-019-1001","AQS","30","13","28"
"10/10/2000","30","Ozone","ISWS CLIMATE STATION","17-019-1001","AQS","30","9","."
"10/11/2000","46","Ozone","ISWS CLIMATE STATION","17-019-1001","AQS","46","14","."
"10/12/2000","64","Ozone","ISWS CLIMATE STATION","17-019-1001","AQS","64","7","."
"10/13/2000","77","Ozone","ISWS CLIMATE STATION","17-019-1001","AQS","77","7","."
"10/14/2000","84","Ozone","ISWS CLIMATE STATION","17-019-1001","AQS","84","7","."
"10/15/2000","54","PM2.5","ISWS CLIMATE STATION","17-019-1001","AQS","45","0","54"
"10/16/2000","16","Ozone","ISWS CLIMATE STATION","17-019-1001","AQS","16","1","."
"10/17/2000","28","Ozone","ISWS CLIMATE STATION","17-019-1001","AQS","28","3","."
"10/18/2000","38","Ozone","ISWS CLIMATE STATION","17-019-1001","AQS","38","13","."
"10/19/2000","46","Ozone","ISWS CLIMATE STATION","17-019-1001","AQS","46","10","."
"10/20/2000","58","Ozone","ISWS CLIMATE STATION","17-019-1001","AQS","58","24","."
"10/21/2000","72","PM2.5","ISWS CLIMATE STATION","17-019-1001","AQS","71","19","72"
"10/22/2000","20","Ozone","BOOKER T. WASHINGTON ES","17-019-0004","AQS","20","13","."
"10/23/2000","43","Ozone","ISWS CLIMATE STATION","17-019-1001","AQS","43","14","."
"10/24/2000","31","Ozone","ISWS CLIMATE STATION","17-019-1001","AQS","31","3","."
"10/25/2000","36","Ozone","ISWS CLIMATE STATION","17-019-1001","AQS","36","10","."
"10/26/2000","84","Ozone","ISWS CLIMATE STATION","17-019-1001","AQS","84","19","."
"10/27/2000","72","PM2.5","ISWS CLIMATE STATION","17-019-1001","AQS","41","6","72"
"10/28/2000","19","Ozone","ISWS CLIMATE STATION","17-019-1001","AQS","19","1","."
"10/29/2000","28","Ozone","ISWS CLIMATE STATION","17-019-1001","AQS","28","20","."
"10/30/2000","43","SO2","BOOKER T. WASHINGTON ES","17-019-0004","AQS","23","43","."
"10/31/2000","29","Ozone","ISWS CLIMATE STATION","17-019-1001","AQS","29","21","."
"11/01/2000","44","Ozone","ISWS CLIMATE STATION","17-019-1001","AQS","44","17","."
"11/02/2000","83","PM2.5","BOOKER T. WASHINGTON ES","17-019-0004","AQS","29","6","83"
"11/03/2000","26","Ozone","ISWS CLIMATE STATION","17-019-1001","AQS","26","10","."
"11/04/2000","31","Ozone","ISWS CLIMATE STATION","17-019-1001","AQS","31","4","."
"11/05/2000","35","Ozone","ISWS CLIMATE STATION","17-019-1001","AQS","35","9","."
"11/06/2000","21","Ozone","ISWS CLIMATE STATION","17-019-1001","AQS","21","6","."
"11/07/2000","10","Ozone","BOOKER T. WASHINGTON ES","17-019-0004","AQS","10","0","."
"11/08/2000","40","PM2.5","BOOKER T. WASHINGTON ES","17-019-0004","AQS","6","3","40"
"11/09/2000","6","Ozone","BOOKER T. WASHINGTON ES","17-019-0004","AQS","6","1","."
"11/10/2000","61","PM2.5","BOOKER T. WASHINGTON ES","17-019-0004","AQS","9","0","61"
"11/11/2000","10","Ozone","BOOKER T. WASHINGTON ES","17-019-0004","AQS","10","1","."
"11/12/2000","13","SO2","BOOKER T. WASHINGTON ES","17-019-0004","AQS","8","13","."
"11/13/2000","12","Ozone","BOOKER T. WASHINGTON ES","17-019-0004","AQS","12","1","."
"11/14/2000","39","PM2.5","ISWS CLIMATE STATION","17-019-1001","AQS","20","0","39"
"11/15/2000","25","Ozone","ISWS CLIMATE STATION","17-019-1001","AQS","25","4","."
"11/16/2000","26","Ozone","ISWS CLIMATE STATION","17-019-1001","AQS","26","6","."
"11/17/2000","19","Ozone","ISWS CLIMATE STATION","17-019-1001","AQS","19","4","."
"11/18/2000","23","Ozone","ISWS CLIMATE STATION","17-019-1001","AQS","23","13","."
"11/19/2000","23","Ozone","ISWS CLIMATE STATION","17-019-1001","AQS","23","13","."
"11/20/2000","30","PM2.5","BOOKER T. WASHINGTON ES","17-019-0004","AQS","21","1","30"
"11/21/2000","26","Ozone","ISWS CLIMATE STATION","17-019-1001","AQS","26","3","."
"11/22/2000","19","Ozone","ISWS CLIMATE STATION","17-019-1001","AQS","19","10","."
"11/23/2000","24","SO2","BOOKER T. WASHINGTON ES","17-019-0004","AQS","15","24","."
"11/24/2000","50","SO2","BOOKER T. WASHINGTON ES","17-019-0004","AQS","17","50","."
"11/25/2000","14","Ozone","BOOKER T. WASHINGTON ES","17-019-0004","AQS","14","13","."
"11/26/2000","83","PM2.5","ISWS CLIMATE STATION","17-019-1001","AQS","10","1","83"
"11/27/2000","13","Ozone","ISWS CLIMATE STATION","17-019-1001","AQS","13","0","."
"11/28/2000","18","Ozone","ISWS CLIMATE STATION","17-019-1001","AQS","18","3","."
"11/29/2000","18","Ozone","ISWS CLIMATE STATION","17-019-1001","AQS","18","3","."
"11/30/2000","10","Ozone","ISWS CLIMATE STATION","17-019-1001","AQS","10","1","."
"12/01/2000","14","Ozone","ISWS CLIMATE STATION","17-019-1001","AQS","14","1","."
"12/02/2000","25","Ozone","ISWS CLIMATE STATION","17-019-1001","AQS","25","0","17"
"12/03/2000","26","Ozone","ISWS CLIMATE STATION","17-019-1001","AQS","26","3","."
"12/04/2000","22","Ozone","ISWS CLIMATE STATION","17-019-1001","AQS","22","19","."
"12/05/2000","21","Ozone","ISWS CLIMATE STATION","17-019-1001","AQS","21","1","."
"12/06/2000","15","Ozone","ISWS CLIMATE STATION","17-019-1001","AQS","15","7","."
"12/07/2000","37","SO2","BOOKER T. WASHINGTON ES","17-019-0004","AQS","10","37","."
"12/08/2000","65","PM2.5","BOOKER T. WASHINGTON ES","17-019-0004","AQS","13","1","65"
"12/09/2000","19","SO2","BOOKER T. WASHINGTON ES","17-019-0004","AQS","15","19","."
"12/10/2000","16","SO2","BOOKER T. WASHINGTON ES","17-019-0004","AQS","6","16","."
"12/11/2000","24","Ozone","ISWS CLIMATE STATION","17-019-1001","AQS","24","6","."
"12/12/2000","21","Ozone","ISWS CLIMATE STATION","17-019-1001","AQS","21","6","."
"12/13/2000","15","Ozone","BOOKER T. WASHINGTON ES","17-019-0004","AQS","15","9","."
"12/14/2000","84","PM2.5","BOOKER T. WASHINGTON ES","17-019-0004","AQS","24","19","84"
"12/15/2000","26","SO2","BOOKER T. WASHINGTON ES","17-019-0004","AQS","9","26","."
"12/16/2000","21","Ozone","ISWS CLIMATE STATION","17-019-1001","AQS","21","10","."
"12/17/2000","28","Ozone","ISWS CLIMATE STATION","17-019-1001","AQS","28","10","."
"12/18/2000","21","SO2","BOOKER T. WASHINGTON ES","17-019-0004","AQS","18","21","."
"12/19/2000","22","Ozone","ISWS CLIMATE STATION","17-019-1001","AQS","22","19","."
"12/20/2000","49","PM2.5","BOOKER T. WASHINGTON ES","17-019-0004","AQS","19","37","49"
"12/21/2000","30","Ozone","ISWS CLIMATE STATION","17-019-1001","AQS","30","16","."
"12/22/2000","27","Ozone","ISWS CLIMATE STATION","17-019-1001","AQS","27","10","."
"12/23/2000","71","SO2","BOOKER T. WASHINGTON ES","17-019-0004","AQS","20","71","."
"12/24/2000","25","Ozone","ISWS CLIMATE STATION","17-019-1001","AQS","25","20","."
"12/25/2000","24","Ozone","ISWS CLIMATE STATION","17-019-1001","AQS","24","23","."
"12/26/2000","86","SO2","BOOKER T. WASHINGTON ES","17-019-0004","AQS","19","86","68"
"12/27/2000","30","SO2","BOOKER T. WASHINGTON ES","17-019-0004","AQS","29","30","."
"12/28/2000","22","Ozone","ISWS CLIMATE STATION","17-019-1001","AQS","22","19","."
"12/29/2000","23","Ozone","ISWS CLIMATE STATION","17-019-1001","AQS","23",".","."
"12/30/2000","31","Ozone","ISWS CLIMATE STATION","17-019-1001","AQS","31",".","."
"12/31/2000","26","Ozone","ISWS CLIMATE STATION","17-019-1001","AQS","26",".","."
